priority_tier,priority_score,subsystem,source_file,interface_name,interface_iid,interface_version,inherited_interface,vtable_slot,method_name,complete_signature,return_type,parameters,idl_attributes,current_xodus_implementation_state,implementation_markers,queryinterface_e_no_interface,public_microsoft_documentation_url,observed_on_windows,games_seen_in,issue_references,kind
0,1000,runtime,xgameruntime.spec,,,,,,DllCanUnloadNow,export DllCanUnloadNow(),unknown_from_spec,[],[],not_found_in_current_source,[],False,,False,[],"[{""number"": 11, ""title"": ""GDK Integration Progress."", ""url"": ""https://github.com/xodus-gaming/xgameruntime/issues/11""}]",runtime_export
0,1000,runtime,main.c,,,,,,InitializeApiImpl,export InitializeApiImpl(long long),unknown_from_spec,[],[],implemented,[],False,https://learn.microsoft.com/gaming/gdk/docs/reference/system/initializeapiimpl,False,[],"[{""number"": 11, ""title"": ""GDK Integration Progress."", ""url"": ""https://github.com/xodus-gaming/xgameruntime/issues/11""}]",runtime_export
0,1000,runtime,main.c,,,,,,InitializeApiImplEx,export InitializeApiImplEx(long long long),unknown_from_spec,[],[],implemented,[],False,https://learn.microsoft.com/gaming/gdk/docs/reference/system/initializeapiimpl,False,[],"[{""number"": 11, ""title"": ""GDK Integration Progress."", ""url"": ""https://github.com/xodus-gaming/xgameruntime/issues/11""}]",runtime_export
0,1000,runtime,main.c,,,,,,InitializeApiImplEx2,export InitializeApiImplEx2(long long long ptr),unknown_from_spec,[],[],implemented,[],False,https://learn.microsoft.com/gaming/gdk/docs/reference/system/initializeapiimpl,False,[],"[{""number"": 11, ""title"": ""GDK Integration Progress."", ""url"": ""https://github.com/xodus-gaming/xgameruntime/issues/11""}]",runtime_export
0,1000,runtime,main.c,,,,,,QueryApiImpl,export QueryApiImpl(ptr ptr ptr),unknown_from_spec,[],[],implemented,[],False,,False,[],"[{""number"": 11, ""title"": ""GDK Integration Progress."", ""url"": ""https://github.com/xodus-gaming/xgameruntime/issues/11""}]",runtime_export
0,1000,runtime,xgameruntime.spec,,,,,,UninitializeApiImpl,export UninitializeApiImpl(),unknown_from_spec,[],[],not_found_in_current_source,[],False,,False,[],"[{""number"": 11, ""title"": ""GDK Integration Progress."", ""url"": ""https://github.com/xodus-gaming/xgameruntime/issues/11""}]",runtime_export
0,1000,runtime,xgameruntime.spec,,,,,,XErrorReport,export XErrorReport(long str),unknown_from_spec,[],[],not_found_in_current_source,[],False,,False,[],"[{""number"": 11, ""title"": ""GDK Integration Progress."", ""url"": ""https://github.com/xodus-gaming/xgameruntime/issues/11""}]",runtime_export
1,920,XPersistentLocalStorage,xpersistentlocalstorage.idl,IXPersistentLocalStorageImpl,f4faf4d4-2d04-4fce-b3e0-474a713a3e84,1,IUnknown,3,XPersistentLocalStorageGetPathSize,HRESULT XPersistentLocalStorageGetPathSize([out] SIZE_T * pathSize),HRESULT,"[{""name"": ""pathSize"", ""type"": ""SIZE_T *"", ""ctype"": ""SIZE_T *"", ""attributes"": [""out""], ""in_param"": false, ""out_param"": true, ""optional"": false, ""string"": false, ""size_is"": null, ""length_is"": null, ""array"": null, ""sensitive"": false}]",[],stubbed_or_incomplete,"[{""kind"": ""FIXME"", ""file"": ""xpersistentlocalstorage.c"", ""line"": 81, ""text"": ""FIXME( \""iface %p, pathSize %p stub!\\n\"", iface, pathSize );""}, {""kind"": ""stub"", ""file"": ""xpersistentlocalstorage.c"", ""line"": 81, ""text"": ""FIXME( \""iface %p, pathSize %p stub!\\n\"", iface, pathSize );""}, {""kind"": ""E_NOTIMPL"", ""file"": ""xpersistentlocalstorage.c"", ""line"": 82, ""text"": ""return E_NOTIMPL;""}]",False,https://learn.microsoft.com/gaming/gdk/docs/reference/system/xpersistentlocalstorage/functions/xpersistentlocalstoragegetpathsize,False,[],"[{""number"": 11, ""title"": ""GDK Integration Progress."", ""url"": ""https://github.com/xodus-gaming/xgameruntime/issues/11""}]",interface_method
1,920,XPersistentLocalStorage,xpersistentlocalstorage.idl,IXPersistentLocalStorageImpl,f4faf4d4-2d04-4fce-b3e0-474a713a3e84,1,IUnknown,4,XPersistentLocalStorageGetPath,"HRESULT XPersistentLocalStorageGetPath([in] SIZE_T pathSize, [out, string, size_is(pathSize)] char * path, [out, optional] SIZE_T * pathUsed)",HRESULT,"[{""name"": ""pathSize"", ""type"": ""SIZE_T"", ""ctype"": ""SIZE_T"", ""attributes"": [""in""], ""in_param"": true, ""out_param"": false, ""optional"": false, ""string"": false, ""size_is"": null, ""length_is"": null, ""array"": null, ""sensitive"": false}, {""name"": ""path"", ""type"": ""char *"", ""ctype"": ""char *"", ""attributes"": [""out"", ""string"", ""size_is(pathSize)""], ""in_param"": false, ""out_param"": true, ""optional"": false, ""string"": true, ""size_is"": ""pathSize"", ""length_is"": null, ""array"": null, ""sensitive"": false}, {""name"": ""pathUsed"", ""type"": ""SIZE_T *"", ""ctype"": ""SIZE_T *"", ""attributes"": [""out"", ""optional""], ""in_param"": false, ""out_param"": true, ""optional"": true, ""string"": false, ""size_is"": null, ""length_is"": null, ""array"": null, ""sensitive"": false}]",[],stubbed_or_incomplete,"[{""kind"": ""FIXME"", ""file"": ""xpersistentlocalstorage.c"", ""line"": 75, ""text"": ""FIXME( \""iface %p, pathSize %Iu, path %p, pathUsed %p stub!\\n\"", iface, pathSize, path, pathUsed );""}, {""kind"": ""stub"", ""file"": ""xpersistentlocalstorage.c"", ""line"": 75, ""text"": ""FIXME( \""iface %p, pathSize %Iu, path %p, pathUsed %p stub!\\n\"", iface, pathSize, path, pathUsed );""}, {""kind"": ""E_NOTIMPL"", ""file"": ""xpersistentlocalstorage.c"", ""line"": 76, ""text"": ""return E_NOTIMPL;""}]",False,https://learn.microsoft.com/gaming/gdk/docs/reference/system/xpersistentlocalstorage/functions/xpersistentlocalstoragegetpath,False,[],"[{""number"": 11, ""title"": ""GDK Integration Progress."", ""url"": ""https://github.com/xodus-gaming/xgameruntime/issues/11""}]",interface_method
1,920,XPersistentLocalStorage,xpersistentlocalstorage.idl,IXPersistentLocalStorageImpl,f4faf4d4-2d04-4fce-b3e0-474a713a3e84,1,IUnknown,5,XPersistentLocalStorageGetSpaceInfo,HRESULT XPersistentLocalStorageGetSpaceInfo([out] XPersistentLocalStorageSpaceInfo * info),HRESULT,"[{""name"": ""info"", ""type"": ""XPersistentLocalStorageSpaceInfo *"", ""ctype"": ""XPersistentLocalStorageSpaceInfo *"", ""attributes"": [""out""], ""in_param"": false, ""out_param"": true, ""optional"": false, ""string"": false, ""size_is"": null, ""length_is"": null, ""array"": null, ""sensitive"": false}]",[],stubbed_or_incomplete,"[{""kind"": ""FIXME"", ""file"": ""xpersistentlocalstorage.c"", ""line"": 87, ""text"": ""FIXME( \""iface %p, info %p stub!\\n\"", iface, info );""}, {""kind"": ""stub"", ""file"": ""xpersistentlocalstorage.c"", ""line"": 87, ""text"": ""FIXME( \""iface %p, info %p stub!\\n\"", iface, info );""}, {""kind"": ""E_NOTIMPL"", ""file"": ""xpersistentlocalstorage.c"", ""line"": 88, ""text"": ""return E_NOTIMPL;""}]",False,https://learn.microsoft.com/gaming/gdk/docs/reference/system/xpersistentlocalstorage/functions/xpersistentlocalstoragegetspaceinfo,False,[],"[{""number"": 11, ""title"": ""GDK Integration Progress."", ""url"": ""https://github.com/xodus-gaming/xgameruntime/issues/11""}]",interface_method
1,920,XPersistentLocalStorage,xpersistentlocalstorage.idl,IXPersistentLocalStorageImpl,f4faf4d4-2d04-4fce-b3e0-474a713a3e84,1,IUnknown,6,XPersistentLocalStoragePromptUserForSpaceAsync,"HRESULT XPersistentLocalStoragePromptUserForSpaceAsync([in] UINT64 requestedBytes, [in, out] XAsyncBlock * asyncBlock)",HRESULT,"[{""name"": ""requestedBytes"", ""type"": ""UINT64"", ""ctype"": ""UINT64"", ""attributes"": [""in""], ""in_param"": true, ""out_param"": false, ""optional"": false, ""string"": false, ""size_is"": null, ""length_is"": null, ""array"": null, ""sensitive"": false}, {""name"": ""asyncBlock"", ""type"": ""XAsyncBlock *"", ""ctype"": ""XAsyncBlock *"", ""attributes"": [""in"", ""out""], ""in_param"": true, ""out_param"": true, ""optional"": false, ""string"": false, ""size_is"": null, ""length_is"": null, ""array"": null, ""sensitive"": false}]",[],stubbed_or_incomplete,"[{""kind"": ""FIXME"", ""file"": ""xpersistentlocalstorage.c"", ""line"": 99, ""text"": ""FIXME( \""iface %p, requestedBytes %llu, asyncBlock %p stub!\\n\"", iface, requestedBytes, asyncBlock );""}, {""kind"": ""stub"", ""file"": ""xpersistentlocalstorage.c"", ""line"": 99, ""text"": ""FIXME( \""iface %p, requestedBytes %llu, asyncBlock %p stub!\\n\"", iface, requestedBytes, asyncBlock );""}, {""kind"": ""E_NOTIMPL"", ""file"": ""xpersistentlocalstorage.c"", ""line"": 100, ""text"": ""return E_NOTIMPL;""}]",False,https://learn.microsoft.com/gaming/gdk/docs/reference/system/xpersistentlocalstorage/functions/xpersistentlocalstoragepromptuserforspaceasync,False,[],"[{""number"": 11, ""title"": ""GDK Integration Progress."", ""url"": ""https://github.com/xodus-gaming/xgameruntime/issues/11""}]",interface_method
1,920,XPersistentLocalStorage,xpersistentlocalstorage.idl,IXPersistentLocalStorageImpl,f4faf4d4-2d04-4fce-b3e0-474a713a3e84,1,IUnknown,7,XPersistentLocalStoragePromptUserForSpaceResult,"HRESULT XPersistentLocalStoragePromptUserForSpaceResult([in, out] XAsyncBlock * asyncBlock)",HRESULT,"[{""name"": ""asyncBlock"", ""type"": ""XAsyncBlock *"", ""ctype"": ""XAsyncBlock *"", ""attributes"": [""in"", ""out""], ""in_param"": true, ""out_param"": true, ""optional"": false, ""string"": false, ""size_is"": null, ""length_is"": null, ""array"": null, ""sensitive"": false}]",[],stubbed_or_incomplete,"[{""kind"": ""FIXME"", ""file"": ""xpersistentlocalstorage.c"", ""line"": 105, ""text"": ""FIXME( \""iface %p, asyncBlock %p stub!\\n\"", iface, asyncBlock );""}, {""kind"": ""stub"", ""file"": ""xpersistentlocalstorage.c"", ""line"": 105, ""text"": ""FIXME( \""iface %p, asyncBlock %p stub!\\n\"", iface, asyncBlock );""}, {""kind"": ""E_NOTIMPL"", ""file"": ""xpersistentlocalstorage.c"", ""line"": 106, ""text"": ""return E_NOTIMPL;""}]",False,https://learn.microsoft.com/gaming/gdk/docs/reference/system/xpersistentlocalstorage/functions/xpersistentlocalstoragepromptuserforspaceresult,False,[],"[{""number"": 11, ""title"": ""GDK Integration Progress."", ""url"": ""https://github.com/xodus-gaming/xgameruntime/issues/11""}]",interface_method
1,920,XPersistentLocalStorage,xpersistentlocalstorage.idl,IXPersistentLocalStorageImpl3,41a4e10c-5a7e-41d9-8c37-37bde62a07d6,3,IXPersistentLocalStorageImpl2,8,XPersistentLocalStorageMountForPackage,"HRESULT XPersistentLocalStorageMountForPackage([in, string] const char * packageIdentifier, [out] XPackageMountHandle * mountHandle)",HRESULT,"[{""name"": ""packageIdentifier"", ""type"": ""const char *"", ""ctype"": ""const char *"", ""attributes"": [""in"", ""string""], ""in_param"": true, ""out_param"": false, ""optional"": false, ""string"": true, ""size_is"": null, ""length_is"": null, ""array"": null, ""sensitive"": false}, {""name"": ""mountHandle"", ""type"": ""XPackageMountHandle *"", ""ctype"": ""XPackageMountHandle *"", ""attributes"": [""out""], ""in_param"": false, ""out_param"": true, ""optional"": false, ""string"": false, ""size_is"": null, ""length_is"": null, ""array"": null, ""sensitive"": false}]",[],stubbed_or_incomplete,"[{""kind"": ""FIXME"", ""file"": ""xpersistentlocalstorage.c"", ""line"": 93, ""text"": ""FIXME( \""iface %p, packageIdentifier %s, mountHandle %p stub!\\n\"", iface, debugstr_a( packageIdentifier ), mountHandle );""}, {""kind"": ""stub"", ""file"": ""xpersistentlocalstorage.c"", ""line"": 93, ""text"": ""FIXME( \""iface %p, packageIdentifier %s, mountHandle %p stub!\\n\"", iface, debugstr_a( packageIdentifier ), mountHandle );""}, {""kind"": ""E_NOTIMPL"", ""file"": ""xpersistentlocalstorage.c"", ""line"": 94, ""text"": ""return E_NOTIMPL;""}]",False,https://learn.microsoft.com/gaming/gdk/docs/reference/system/xpersistentlocalstorage/functions/xpersistentlocalstoragemountforpackage,False,[],"[{""number"": 11, ""title"": ""GDK Integration Progress."", ""url"": ""https://github.com/xodus-gaming/xgameruntime/issues/11""}]",interface_method
1,920,XSystem,xsystem.idl,IXSystemImpl,e349bd1a-fc20-4e40-b99c-4178cc6b409f,1,IUnknown,5,XSystemGetAppSpecificDeviceId,"HRESULT XSystemGetAppSpecificDeviceId([in] INT32 appSpecificDeviceIdSize, [out, size_is(appSpecificDeviceIdSize)] char * appSpecificDeviceId, [out, optional] SIZE_T * appSpecificDeviceIdUsed)",HRESULT,"[{""name"": ""appSpecificDeviceIdSize"", ""type"": ""INT32"", ""ctype"": ""INT32"", ""attributes"": [""in""], ""in_param"": true, ""out_param"": false, ""optional"": false, ""string"": false, ""size_is"": null, ""length_is"": null, ""array"": null, ""sensitive"": false}, {""name"": ""appSpecificDeviceId"", ""type"": ""char *"", ""ctype"": ""char *"", ""attributes"": [""out"", ""size_is(appSpecificDeviceIdSize)""], ""in_param"": false, ""out_param"": true, ""optional"": false, ""string"": false, ""size_is"": ""appSpecificDeviceIdSize"", ""length_is"": null, ""array"": null, ""sensitive"": false}, {""name"": ""appSpecificDeviceIdUsed"", ""type"": ""SIZE_T *"", ""ctype"": ""SIZE_T *"", ""attributes"": [""out"", ""optional""], ""in_param"": false, ""out_param"": true, ""optional"": true, ""string"": false, ""size_is"": null, ""length_is"": null, ""array"": null, ""sensitive"": false}]",[],stubbed_or_incomplete,"[{""kind"": ""FIXME"", ""file"": ""xsystem.c"", ""line"": 117, ""text"": ""FIXME( \""iface %p, appSpecificDeviceIdSize %d, appSpecificDeviceId %p, appSpecificDeviceIdUsed %p stub!\\n\"", iface, appSpecificDeviceIdSize, appSpecificDeviceId, appSpecificDeviceIdUsed );""}, {""kind"": ""stub"", ""file"": ""xsystem.c"", ""line"": 117, ""text"": ""FIXME( \""iface %p, appSpecificDeviceIdSize %d, appSpecificDeviceId %p, appSpecificDeviceIdUsed %p stub!\\n\"", iface, appSpecificDeviceIdSize, appSpecificDeviceId, appSpecificDeviceIdUsed );""}, {""kind"": ""E_NOTIMPL"", ""file"": ""xsystem.c"", ""line"": 118, ""text"": ""return E_NOTIMPL;""}]",False,https://learn.microsoft.com/gaming/gdk/docs/reference/system/xsystem/functions/xsystemgetappspecificdeviceid,False,[],"[{""number"": 11, ""title"": ""GDK Integration Progress."", ""url"": ""https://github.com/xodus-gaming/xgameruntime/issues/11""}]",interface_method
1,920,XSystem,xsystem.idl,IXSystemImpl3,67ce4bfc-b1d1-4ac7-bc3a-cb9219a97a85,3,IXSystemImpl2,6,XSystemHandleTrack,"HRESULT XSystemHandleTrack([in] XSystemHandleCallback callback, [in, optional] void * context)",HRESULT,"[{""name"": ""callback"", ""type"": ""XSystemHandleCallback"", ""ctype"": ""XSystemHandleCallback"", ""attributes"": [""in""], ""in_param"": true, ""out_param"": false, ""optional"": false, ""string"": false, ""size_is"": null, ""length_is"": null, ""array"": null, ""sensitive"": false}, {""name"": ""context"", ""type"": ""void *"", ""ctype"": ""void *"", ""attributes"": [""in"", ""optional""], ""in_param"": true, ""out_param"": false, ""optional"": true, ""string"": false, ""size_is"": null, ""length_is"": null, ""array"": null, ""sensitive"": false}]",[],stubbed_or_incomplete,"[{""kind"": ""FIXME"", ""file"": ""xsystem.c"", ""line"": 123, ""text"": ""FIXME( \""iface %p, callback %p, context %p stub!\\n\"", iface, callback, context );""}, {""kind"": ""stub"", ""file"": ""xsystem.c"", ""line"": 123, ""text"": ""FIXME( \""iface %p, callback %p, context %p stub!\\n\"", iface, callback, context );""}, {""kind"": ""E_NOTIMPL"", ""file"": ""xsystem.c"", ""line"": 124, ""text"": ""return E_NOTIMPL;""}]",False,https://learn.microsoft.com/gaming/gdk/docs/reference/system/xsystem/functions/xsystemhandletrack,False,[],"[{""number"": 11, ""title"": ""GDK Integration Progress."", ""url"": ""https://github.com/xodus-gaming/xgameruntime/issues/11""}]",interface_method
1,920,XSystem,xsystem.idl,IXSystemImpl3,67ce4bfc-b1d1-4ac7-bc3a-cb9219a97a85,3,IXSystemImpl2,7,XSystemIsHandleValid,BOOLEAN XSystemIsHandleValid([in] XSystemHandle handle),BOOLEAN,"[{""name"": ""handle"", ""type"": ""XSystemHandle"", ""ctype"": ""XSystemHandle"", ""attributes"": [""in""], ""in_param"": true, ""out_param"": false, ""optional"": false, ""string"": false, ""size_is"": null, ""length_is"": null, ""array"": null, ""sensitive"": false}]",[],stubbed_or_incomplete,"[{""kind"": ""FIXME"", ""file"": ""xsystem.c"", ""line"": 130, ""text"": ""FIXME( \""iface %p, handle %p stub!\\n\"", iface, handle );""}, {""kind"": ""stub"", ""file"": ""xsystem.c"", ""line"": 130, ""text"": ""FIXME( \""iface %p, handle %p stub!\\n\"", iface, handle );""}]",False,https://learn.microsoft.com/gaming/gdk/docs/reference/system/xsystem/functions/xsystemishandlevalid,False,[],"[{""number"": 11, ""title"": ""GDK Integration Progress."", ""url"": ""https://github.com/xodus-gaming/xgameruntime/issues/11""}]",interface_method
1,920,XSystem,xsystem.idl,IXSystemImpl4,dadc2895-34b0-4ef5-a83e-45114d629b80,4,IXSystemImpl3,8,XSystemAllowFullDownloadBandwidth,void XSystemAllowFullDownloadBandwidth([in] BOOLEAN enable),void,"[{""name"": ""enable"", ""type"": ""BOOLEAN"", ""ctype"": ""BOOLEAN"", ""attributes"": [""in""], ""in_param"": true, ""out_param"": false, ""optional"": false, ""string"": false, ""size_is"": null, ""length_is"": null, ""array"": null, ""sensitive"": false}]",[],stubbed_or_incomplete,"[{""kind"": ""FIXME"", ""file"": ""xsystem.c"", ""line"": 136, ""text"": ""FIXME( \""iface %p, enable %d stub!\\n\"", iface, enable );""}, {""kind"": ""stub"", ""file"": ""xsystem.c"", ""line"": 136, ""text"": ""FIXME( \""iface %p, enable %d stub!\\n\"", iface, enable );""}]",False,https://learn.microsoft.com/gaming/gdk/docs/reference/system/xsystem/functions/xsystemallowfulldownloadbandwidth,False,[],"[{""number"": 11, ""title"": ""GDK Integration Progress."", ""url"": ""https://github.com/xodus-gaming/xgameruntime/issues/11""}]",interface_method
1,920,XThreading,xasyncprovider.idl,IXThreadingImpl,073b7dcb-1fcf-4030-94be-e3c9eb623428,1,IUnknown,3,XAsyncGetStatus,"HRESULT XAsyncGetStatus([in, out] XAsyncBlock * asyncBlock, [in] BOOLEAN wait)",HRESULT,"[{""name"": ""asyncBlock"", ""type"": ""XAsyncBlock *"", ""ctype"": ""XAsyncBlock *"", ""attributes"": [""in"", ""out""], ""in_param"": true, ""out_param"": true, ""optional"": false, ""string"": false, ""size_is"": null, ""length_is"": null, ""array"": null, ""sensitive"": false}, {""name"": ""wait"", ""type"": ""BOOLEAN"", ""ctype"": ""BOOLEAN"", ""attributes"": [""in""], ""in_param"": true, ""out_param"": false, ""optional"": false, ""string"": false, ""size_is"": null, ""length_is"": null, ""array"": null, ""sensitive"": false}]",[],stubbed_or_incomplete,"[{""kind"": ""FIXME"", ""file"": ""xthreading.c"", ""line"": 73, ""text"": ""FIXME( \""iface %p, asyncBlock %p, wait %d stub!\\n\"", iface, asyncBlock, wait );""}, {""kind"": ""stub"", ""file"": ""xthreading.c"", ""line"": 73, ""text"": ""FIXME( \""iface %p, asyncBlock %p, wait %d stub!\\n\"", iface, asyncBlock, wait );""}, {""kind"": ""E_NOTIMPL"", ""file"": ""xthreading.c"", ""line"": 74, ""text"": ""return E_NOTIMPL;""}]",False,https://learn.microsoft.com/gaming/gdk/docs/reference/system/xasync/functions/xasyncgetstatus,False,[],"[{""number"": 11, ""title"": ""GDK Integration Progress."", ""url"": ""https://github.com/xodus-gaming/xgameruntime/issues/11""}, {""number"": 12, ""title"": ""XAsync/XAsyncProvider/XTaskQueue Implementation"", ""url"": ""https://github.com/xodus-gaming/xgameruntime/issues/12""}]",interface_method
1,920,XThreading,xasyncprovider.idl,IXThreadingImpl,073b7dcb-1fcf-4030-94be-e3c9eb623428,1,IUnknown,4,XAsyncGetResultSize,"HRESULT XAsyncGetResultSize([in, out] XAsyncBlock * asyncBlock, [out] SIZE_T * bufferSize)",HRESULT,"[{""name"": ""asyncBlock"", ""type"": ""XAsyncBlock *"", ""ctype"": ""XAsyncBlock *"", ""attributes"": [""in"", ""out""], ""in_param"": true, ""out_param"": true, ""optional"": false, ""string"": false, ""size_is"": null, ""length_is"": null, ""array"": null, ""sensitive"": false}, {""name"": ""bufferSize"", ""type"": ""SIZE_T *"", ""ctype"": ""SIZE_T *"", ""attributes"": [""out""], ""in_param"": false, ""out_param"": true, ""optional"": false, ""string"": false, ""size_is"": null, ""length_is"": null, ""array"": null, ""sensitive"": false}]",[],stubbed_or_incomplete,"[{""kind"": ""FIXME"", ""file"": ""xthreading.c"", ""line"": 79, ""text"": ""FIXME( \""iface %p, asyncBlock %p, bufferSize %p stub!\\n\"", iface, asyncBlock, bufferSize );""}, {""kind"": ""stub"", ""file"": ""xthreading.c"", ""line"": 79, ""text"": ""FIXME( \""iface %p, asyncBlock %p, bufferSize %p stub!\\n\"", iface, asyncBlock, bufferSize );""}, {""kind"": ""E_NOTIMPL"", ""file"": ""xthreading.c"", ""line"": 80, ""text"": ""return E_NOTIMPL;""}]",False,https://learn.microsoft.com/gaming/gdk/docs/reference/system/xasync/functions/xasyncgetresultsize,False,[],"[{""number"": 11, ""title"": ""GDK Integration Progress."", ""url"": ""https://github.com/xodus-gaming/xgameruntime/issues/11""}, {""number"": 12, ""title"": ""XAsync/XAsyncProvider/XTaskQueue Implementation"", ""url"": ""https://github.com/xodus-gaming/xgameruntime/issues/12""}]",interface_method
1,920,XThreading,xasyncprovider.idl,IXThreadingImpl,073b7dcb-1fcf-4030-94be-e3c9eb623428,1,IUnknown,5,XAsyncCancel,"void XAsyncCancel([in, out] XAsyncBlock * asyncBlock)",void,"[{""name"": ""asyncBlock"", ""type"": ""XAsyncBlock *"", ""ctype"": ""XAsyncBlock *"", ""attributes"": [""in"", ""out""], ""in_param"": true, ""out_param"": true, ""optional"": false, ""string"": false, ""size_is"": null, ""length_is"": null, ""array"": null, ""sensitive"": false}]",[],stubbed_or_incomplete,"[{""kind"": ""FIXME"", ""file"": ""xthreading.c"", ""line"": 85, ""text"": ""FIXME( \""iface %p, asyncBlock %p stub!\\n\"", iface, asyncBlock );""}, {""kind"": ""stub"", ""file"": ""xthreading.c"", ""line"": 85, ""text"": ""FIXME( \""iface %p, asyncBlock %p stub!\\n\"", iface, asyncBlock );""}]",False,https://learn.microsoft.com/gaming/gdk/docs/reference/system/xasync/functions/xasynccancel,False,[],"[{""number"": 11, ""title"": ""GDK Integration Progress."", ""url"": ""https://github.com/xodus-gaming/xgameruntime/issues/11""}, {""number"": 12, ""title"": ""XAsync/XAsyncProvider/XTaskQueue Implementation"", ""url"": ""https://github.com/xodus-gaming/xgameruntime/issues/12""}]",interface_method
1,920,XThreading,xasyncprovider.idl,IXThreadingImpl,073b7dcb-1fcf-4030-94be-e3c9eb623428,1,IUnknown,6,XAsyncRun,"HRESULT XAsyncRun([in, out] XAsyncBlock * asyncBlock, [in] XAsyncWork * work)",HRESULT,"[{""name"": ""asyncBlock"", ""type"": ""XAsyncBlock *"", ""ctype"": ""XAsyncBlock *"", ""attributes"": [""in"", ""out""], ""in_param"": true, ""out_param"": true, ""optional"": false, ""string"": false, ""size_is"": null, ""length_is"": null, ""array"": null, ""sensitive"": false}, {""name"": ""work"", ""type"": ""XAsyncWork *"", ""ctype"": ""XAsyncWork *"", ""attributes"": [""in""], ""in_param"": true, ""out_param"": false, ""optional"": false, ""string"": false, ""size_is"": null, ""length_is"": null, ""array"": null, ""sensitive"": false}]",[],stubbed_or_incomplete,"[{""kind"": ""FIXME"", ""file"": ""xthreading.c"", ""line"": 90, ""text"": ""FIXME( \""iface %p, asyncBlock %p, work %p stub!\\n\"", iface, asyncBlock, work );""}, {""kind"": ""stub"", ""file"": ""xthreading.c"", ""line"": 90, ""text"": ""FIXME( \""iface %p, asyncBlock %p, work %p stub!\\n\"", iface, asyncBlock, work );""}, {""kind"": ""E_NOTIMPL"", ""file"": ""xthreading.c"", ""line"": 91, ""text"": ""return E_NOTIMPL;""}]",False,https://learn.microsoft.com/gaming/gdk/docs/reference/system/xasync/functions/xasyncrun,False,[],"[{""number"": 11, ""title"": ""GDK Integration Progress."", ""url"": ""https://github.com/xodus-gaming/xgameruntime/issues/11""}, {""number"": 12, ""title"": ""XAsync/XAsyncProvider/XTaskQueue Implementation"", ""url"": ""https://github.com/xodus-gaming/xgameruntime/issues/12""}]",interface_method
1,920,XThreading,xasyncprovider.idl,IXThreadingImpl,073b7dcb-1fcf-4030-94be-e3c9eb623428,1,IUnknown,7,XAsyncBegin,"HRESULT XAsyncBegin([in, out] XAsyncBlock * asyncBlock, [in, optional] void * context, [in, optional] const void * identity, [in, optional] const char * identityName, [in] XAsyncProvider * provider)",HRESULT,"[{""name"": ""asyncBlock"", ""type"": ""XAsyncBlock *"", ""ctype"": ""XAsyncBlock *"", ""attributes"": [""in"", ""out""], ""in_param"": true, ""out_param"": true, ""optional"": false, ""string"": false, ""size_is"": null, ""length_is"": null, ""array"": null, ""sensitive"": false}, {""name"": ""context"", ""type"": ""void *"", ""ctype"": ""void *"", ""attributes"": [""in"", ""optional""], ""in_param"": true, ""out_param"": false, ""optional"": true, ""string"": false, ""size_is"": null, ""length_is"": null, ""array"": null, ""sensitive"": false}, {""name"": ""identity"", ""type"": ""const void *"", ""ctype"": ""const void *"", ""attributes"": [""in"", ""optional""], ""in_param"": true, ""out_param"": false, ""optional"": true, ""string"": false, ""size_is"": null, ""length_is"": null, ""array"": null, ""sensitive"": true}, {""name"": ""identityName"", ""type"": ""const char *"", ""ctype"": ""const char *"", ""attributes"": [""in"", ""optional""], ""in_param"": true, ""out_param"": false, ""optional"": true, ""string"": false, ""size_is"": null, ""length_is"": null, ""array"": null, ""sensitive"": true}, {""name"": ""provider"", ""type"": ""XAsyncProvider *"", ""ctype"": ""XAsyncProvider *"", ""attributes"": [""in""], ""in_param"": true, ""out_param"": false, ""optional"": false, ""string"": false, ""size_is"": null, ""length_is"": null, ""array"": null, ""sensitive"": false}]",[],stubbed_or_incomplete,"[{""kind"": ""FIXME"", ""file"": ""xthreading.c"", ""line"": 96, ""text"": ""FIXME( \""iface %p, asyncBlock %p, context %p, identity %p, identityName %s, provider %p stub!\\n\"", iface, asyncBlock, context, identity, identityName, provider );""}, {""kind"": ""stub"", ""file"": ""xthreading.c"", ""line"": 96, ""text"": ""FIXME( \""iface %p, asyncBlock %p, context %p, identity %p, identityName %s, provider %p stub!\\n\"", iface, asyncBlock, context, identity, identityName, provider );""}, {""kind"": ""E_NOTIMPL"", ""file"": ""xthreading.c"", ""line"": 97, ""text"": ""return E_NOTIMPL;""}]",False,https://learn.microsoft.com/gaming/gdk/docs/reference/system/xasyncprovider/functions/xasyncbegin,False,[],"[{""number"": 11, ""title"": ""GDK Integration Progress."", ""url"": ""https://github.com/xodus-gaming/xgameruntime/issues/11""}, {""number"": 12, ""title"": ""XAsync/XAsyncProvider/XTaskQueue Implementation"", ""url"": ""https://github.com/xodus-gaming/xgameruntime/issues/12""}]",interface_method
1,920,XThreading,xasyncprovider.idl,IXThreadingImpl,073b7dcb-1fcf-4030-94be-e3c9eb623428,1,IUnknown,8,__PADDING__,HRESULT __PADDING__(),HRESULT,[],[],unknown_padding,"[{""kind"": ""E_NOTIMPL"", ""file"": ""xthreading.c"", ""line"": 103, ""text"": ""return E_NOTIMPL;""}]",False,,False,[],"[{""number"": 11, ""title"": ""GDK Integration Progress."", ""url"": ""https://github.com/xodus-gaming/xgameruntime/issues/11""}, {""number"": 12, ""title"": ""XAsync/XAsyncProvider/XTaskQueue Implementation"", ""url"": ""https://github.com/xodus-gaming/xgameruntime/issues/12""}]",interface_method
1,920,XThreading,xasyncprovider.idl,IXThreadingImpl,073b7dcb-1fcf-4030-94be-e3c9eb623428,1,IUnknown,9,XAsyncSchedule,"HRESULT XAsyncSchedule([in, out] XAsyncBlock * asyncBlock, [in] UINT32 delayInMs)",HRESULT,"[{""name"": ""asyncBlock"", ""type"": ""XAsyncBlock *"", ""ctype"": ""XAsyncBlock *"", ""attributes"": [""in"", ""out""], ""in_param"": true, ""out_param"": true, ""optional"": false, ""string"": false, ""size_is"": null, ""length_is"": null, ""array"": null, ""sensitive"": false}, {""name"": ""delayInMs"", ""type"": ""UINT32"", ""ctype"": ""UINT32"", ""attributes"": [""in""], ""in_param"": true, ""out_param"": false, ""optional"": false, ""string"": false, ""size_is"": null, ""length_is"": null, ""array"": null, ""sensitive"": false}]",[],stubbed_or_incomplete,"[{""kind"": ""FIXME"", ""file"": ""xthreading.c"", ""line"": 108, ""text"": ""FIXME( \""iface %p, asyncBlock %p, delayInMs %d stub!\\n\"", iface, asyncBlock, delayInMs );""}, {""kind"": ""stub"", ""file"": ""xthreading.c"", ""line"": 108, ""text"": ""FIXME( \""iface %p, asyncBlock %p, delayInMs %d stub!\\n\"", iface, asyncBlock, delayInMs );""}, {""kind"": ""E_NOTIMPL"", ""file"": ""xthreading.c"", ""line"": 109, ""text"": ""return E_NOTIMPL;""}]",False,https://learn.microsoft.com/gaming/gdk/docs/reference/system/xasyncprovider/functions/xasyncschedule,False,[],"[{""number"": 11, ""title"": ""GDK Integration Progress."", ""url"": ""https://github.com/xodus-gaming/xgameruntime/issues/11""}, {""number"": 12, ""title"": ""XAsync/XAsyncProvider/XTaskQueue Implementation"", ""url"": ""https://github.com/xodus-gaming/xgameruntime/issues/12""}]",interface_method
1,920,XThreading,xasyncprovider.idl,IXThreadingImpl,073b7dcb-1fcf-4030-94be-e3c9eb623428,1,IUnknown,10,XAsyncComplete,"void XAsyncComplete([in, out] XAsyncBlock * asyncBlock, [in] HRESULT result, [in] SIZE_T requiredBufferSize)",void,"[{""name"": ""asyncBlock"", ""type"": ""XAsyncBlock *"", ""ctype"": ""XAsyncBlock *"", ""attributes"": [""in"", ""out""], ""in_param"": true, ""out_param"": true, ""optional"": false, ""string"": false, ""size_is"": null, ""length_is"": null, ""array"": null, ""sensitive"": false}, {""name"": ""result"", ""type"": ""HRESULT"", ""ctype"": ""HRESULT"", ""attributes"": [""in""], ""in_param"": true, ""out_param"": false, ""optional"": false, ""string"": false, ""size_is"": null, ""length_is"": null, ""array"": null, ""sensitive"": false}, {""name"": ""requiredBufferSize"", ""type"": ""SIZE_T"", ""ctype"": ""SIZE_T"", ""attributes"": [""in""], ""in_param"": true, ""out_param"": false, ""optional"": false, ""string"": false, ""size_is"": null, ""length_is"": null, ""array"": null, ""sensitive"": false}]",[],stubbed_or_incomplete,"[{""kind"": ""FIXME"", ""file"": ""xthreading.c"", ""line"": 114, ""text"": ""FIXME( \""iface %p, asyncBlock %p, result %#lx, requiredBufferSize %Iu stub!\\n\"", iface, asyncBlock, result, requiredBufferSize );""}, {""kind"": ""stub"", ""file"": ""xthreading.c"", ""line"": 114, ""text"": ""FIXME( \""iface %p, asyncBlock %p, result %#lx, requiredBufferSize %Iu stub!\\n\"", iface, asyncBlock, result, requiredBufferSize );""}]",False,https://learn.microsoft.com/gaming/gdk/docs/reference/system/xasyncprovider/functions/xasynccomplete,False,[],"[{""number"": 11, ""title"": ""GDK Integration Progress."", ""url"": ""https://github.com/xodus-gaming/xgameruntime/issues/11""}, {""number"": 12, ""title"": ""XAsync/XAsyncProvider/XTaskQueue Implementation"", ""url"": ""https://github.com/xodus-gaming/xgameruntime/issues/12""}]",interface_method
1,920,XThreading,xasyncprovider.idl,IXThreadingImpl,073b7dcb-1fcf-4030-94be-e3c9eb623428,1,IUnknown,11,XAsyncGetResult,"HRESULT XAsyncGetResult([in, out] XAsyncBlock * asyncBlock, [in, optional] const void * identity, [in] SIZE_T bufferSize, [out, size_is(bufferSize)] void * buffer, [out, optional] SIZE_T * bufferUsed)",HRESULT,"[{""name"": ""asyncBlock"", ""type"": ""XAsyncBlock *"", ""ctype"": ""XAsyncBlock *"", ""attributes"": [""in"", ""out""], ""in_param"": true, ""out_param"": true, ""optional"": false, ""string"": false, ""size_is"": null, ""length_is"": null, ""array"": null, ""sensitive"": false}, {""name"": ""identity"", ""type"": ""const void *"", ""ctype"": ""const void *"", ""attributes"": [""in"", ""optional""], ""in_param"": true, ""out_param"": false, ""optional"": true, ""string"": false, ""size_is"": null, ""length_is"": null, ""array"": null, ""sensitive"": true}, {""name"": ""bufferSize"", ""type"": ""SIZE_T"", ""ctype"": ""SIZE_T"", ""attributes"": [""in""], ""in_param"": true, ""out_param"": false, ""optional"": false, ""string"": false, ""size_is"": null, ""length_is"": null, ""array"": null, ""sensitive"": false}, {""name"": ""buffer"", ""type"": ""void *"", ""ctype"": ""void *"", ""attributes"": [""out"", ""size_is(bufferSize)""], ""in_param"": false, ""out_param"": true, ""optional"": false, ""string"": false, ""size_is"": ""bufferSize"", ""length_is"": null, ""array"": null, ""sensitive"": false}, {""name"": ""bufferUsed"", ""type"": ""SIZE_T *"", ""ctype"": ""SIZE_T *"", ""attributes"": [""out"", ""optional""], ""in_param"": false, ""out_param"": true, ""optional"": true, ""string"": false, ""size_is"": null, ""length_is"": null, ""array"": null, ""sensitive"": false}]",[],stubbed_or_incomplete,"[{""kind"": ""FIXME"", ""file"": ""xthreading.c"", ""line"": 119, ""text"": ""FIXME( \""iface %p asyncBlock %p, identity %p, bufferSize %Iu, buffer %p, bufferUsed %p stub!\\n\"", iface, asyncBlock, identity, bufferSize, buffer, bufferUsed );""}, {""kind"": ""stub"", ""file"": ""xthreading.c"", ""line"": 119, ""text"": ""FIXME( \""iface %p asyncBlock %p, identity %p, bufferSize %Iu, buffer %p, bufferUsed %p stub!\\n\"", iface, asyncBlock, identity, bufferSize, buffer, bufferUsed );""}, {""kind"": ""E_NOTIMPL"", ""file"": ""xthreading.c"", ""line"": 120, ""text"": ""return E_NOTIMPL;""}]",False,https://learn.microsoft.com/gaming/gdk/docs/reference/system/xasyncprovider/functions/xasyncgetresult,False,[],"[{""number"": 11, ""title"": ""GDK Integration Progress."", ""url"": ""https://github.com/xodus-gaming/xgameruntime/issues/11""}, {""number"": 12, ""title"": ""XAsync/XAsyncProvider/XTaskQueue Implementation"", ""url"": ""https://github.com/xodus-gaming/xgameruntime/issues/12""}]",interface_method
1,920,XThreading,xasyncprovider.idl,IXThreadingImpl,073b7dcb-1fcf-4030-94be-e3c9eb623428,1,IUnknown,12,XTaskQueueCreate,"HRESULT XTaskQueueCreate([in] XTaskQueueDispatchMode workDispatchMode, [in] XTaskQueueDispatchMode completionDispatchMode, [out] XTaskQueueHandle * queue)",HRESULT,"[{""name"": ""workDispatchMode"", ""type"": ""XTaskQueueDispatchMode"", ""ctype"": ""XTaskQueueDispatchMode"", ""attributes"": [""in""], ""in_param"": true, ""out_param"": false, ""optional"": false, ""string"": false, ""size_is"": null, ""length_is"": null, ""array"": null, ""sensitive"": false}, {""name"": ""completionDispatchMode"", ""type"": ""XTaskQueueDispatchMode"", ""ctype"": ""XTaskQueueDispatchMode"", ""attributes"": [""in""], ""in_param"": true, ""out_param"": false, ""optional"": false, ""string"": false, ""size_is"": null, ""length_is"": null, ""array"": null, ""sensitive"": false}, {""name"": ""queue"", ""type"": ""XTaskQueueHandle *"", ""ctype"": ""XTaskQueueHandle *"", ""attributes"": [""out""], ""in_param"": false, ""out_param"": true, ""optional"": false, ""string"": false, ""size_is"": null, ""length_is"": null, ""array"": null, ""sensitive"": false}]",[],stubbed_or_incomplete,"[{""kind"": ""FIXME"", ""file"": ""xthreading.c"", ""line"": 125, ""text"": ""FIXME( \""iface %p, workDispatchMode %d, completionDispatchMode %d, queue %p stub!\\n\"", iface, workDispatchMode, completionDispatchMode, queue );""}, {""kind"": ""stub"", ""file"": ""xthreading.c"", ""line"": 125, ""text"": ""FIXME( \""iface %p, workDispatchMode %d, completionDispatchMode %d, queue %p stub!\\n\"", iface, workDispatchMode, completionDispatchMode, queue );""}, {""kind"": ""E_NOTIMPL"", ""file"": ""xthreading.c"", ""line"": 126, ""text"": ""return E_NOTIMPL;""}]",False,https://learn.microsoft.com/gaming/gdk/docs/reference/system/xtaskqueue/functions/xtaskqueuecreate,False,[],"[{""number"": 11, ""title"": ""GDK Integration Progress."", ""url"": ""https://github.com/xodus-gaming/xgameruntime/issues/11""}, {""number"": 12, ""title"": ""XAsync/XAsyncProvider/XTaskQueue Implementation"", ""url"": ""https://github.com/xodus-gaming/xgameruntime/issues/12""}]",interface_method
1,920,XThreading,xasyncprovider.idl,IXThreadingImpl,073b7dcb-1fcf-4030-94be-e3c9eb623428,1,IUnknown,13,XTaskQueueCreateComposite,"HRESULT XTaskQueueCreateComposite([in] XTaskQueuePortHandle workPort, [in] XTaskQueuePortHandle completionPort, [out] XTaskQueueHandle * queue)",HRESULT,"[{""name"": ""workPort"", ""type"": ""XTaskQueuePortHandle"", ""ctype"": ""XTaskQueuePortHandle"", ""attributes"": [""in""], ""in_param"": true, ""out_param"": false, ""optional"": false, ""string"": false, ""size_is"": null, ""length_is"": null, ""array"": null, ""sensitive"": false}, {""name"": ""completionPort"", ""type"": ""XTaskQueuePortHandle"", ""ctype"": ""XTaskQueuePortHandle"", ""attributes"": [""in""], ""in_param"": true, ""out_param"": false, ""optional"": false, ""string"": false, ""size_is"": null, ""length_is"": null, ""array"": null, ""sensitive"": false}, {""name"": ""queue"", ""type"": ""XTaskQueueHandle *"", ""ctype"": ""XTaskQueueHandle *"", ""attributes"": [""out""], ""in_param"": false, ""out_param"": true, ""optional"": false, ""string"": false, ""size_is"": null, ""length_is"": null, ""array"": null, ""sensitive"": false}]",[],stubbed_or_incomplete,"[{""kind"": ""FIXME"", ""file"": ""xthreading.c"", ""line"": 131, ""text"": ""FIXME( \""iface %p, workPort %p, completionPort %p, queue %p stub!\\n\"", iface, workPort, completionPort, queue );""}, {""kind"": ""stub"", ""file"": ""xthreading.c"", ""line"": 131, ""text"": ""FIXME( \""iface %p, workPort %p, completionPort %p, queue %p stub!\\n\"", iface, workPort, completionPort, queue );""}, {""kind"": ""E_NOTIMPL"", ""file"": ""xthreading.c"", ""line"": 132, ""text"": ""return E_NOTIMPL;""}]",False,https://learn.microsoft.com/gaming/gdk/docs/reference/system/xtaskqueue/functions/xtaskqueuecreatecomposite,False,[],"[{""number"": 11, ""title"": ""GDK Integration Progress."", ""url"": ""https://github.com/xodus-gaming/xgameruntime/issues/11""}, {""number"": 12, ""title"": ""XAsync/XAsyncProvider/XTaskQueue Implementation"", ""url"": ""https://github.com/xodus-gaming/xgameruntime/issues/12""}]",interface_method
1,920,XThreading,xasyncprovider.idl,IXThreadingImpl,073b7dcb-1fcf-4030-94be-e3c9eb623428,1,IUnknown,14,XTaskQueueGetPort,"HRESULT XTaskQueueGetPort([in] XTaskQueueHandle queue, [in] XTaskQueuePort port, [out] XTaskQueuePortHandle * portHandle)",HRESULT,"[{""name"": ""queue"", ""type"": ""XTaskQueueHandle"", ""ctype"": ""XTaskQueueHandle"", ""attributes"": [""in""], ""in_param"": true, ""out_param"": false, ""optional"": false, ""string"": false, ""size_is"": null, ""length_is"": null, ""array"": null, ""sensitive"": false}, {""name"": ""port"", ""type"": ""XTaskQueuePort"", ""ctype"": ""XTaskQueuePort"", ""attributes"": [""in""], ""in_param"": true, ""out_param"": false, ""optional"": false, ""string"": false, ""size_is"": null, ""length_is"": null, ""array"": null, ""sensitive"": false}, {""name"": ""portHandle"", ""type"": ""XTaskQueuePortHandle *"", ""ctype"": ""XTaskQueuePortHandle *"", ""attributes"": [""out""], ""in_param"": false, ""out_param"": true, ""optional"": false, ""string"": false, ""size_is"": null, ""length_is"": null, ""array"": null, ""sensitive"": false}]",[],stubbed_or_incomplete,"[{""kind"": ""FIXME"", ""file"": ""xthreading.c"", ""line"": 137, ""text"": ""FIXME( \""iface %p, queue %p, port %d, portHandle %p stub!\\n\"", iface, queue, port, portHandle );""}, {""kind"": ""stub"", ""file"": ""xthreading.c"", ""line"": 137, ""text"": ""FIXME( \""iface %p, queue %p, port %d, portHandle %p stub!\\n\"", iface, queue, port, portHandle );""}, {""kind"": ""E_NOTIMPL"", ""file"": ""xthreading.c"", ""line"": 138, ""text"": ""return E_NOTIMPL;""}]",False,https://learn.microsoft.com/gaming/gdk/docs/reference/system/xtaskqueue/functions/xtaskqueuegetport,False,[],"[{""number"": 11, ""title"": ""GDK Integration Progress."", ""url"": ""https://github.com/xodus-gaming/xgameruntime/issues/11""}, {""number"": 12, ""title"": ""XAsync/XAsyncProvider/XTaskQueue Implementation"", ""url"": ""https://github.com/xodus-gaming/xgameruntime/issues/12""}]",interface_method
1,920,XThreading,xasyncprovider.idl,IXThreadingImpl,073b7dcb-1fcf-4030-94be-e3c9eb623428,1,IUnknown,15,XTaskQueueDuplicateHandle,"HRESULT XTaskQueueDuplicateHandle([in] XTaskQueueHandle queueHandle, [out] XTaskQueueHandle * duplicatedHandle)",HRESULT,"[{""name"": ""queueHandle"", ""type"": ""XTaskQueueHandle"", ""ctype"": ""XTaskQueueHandle"", ""attributes"": [""in""], ""in_param"": true, ""out_param"": false, ""optional"": false, ""string"": false, ""size_is"": null, ""length_is"": null, ""array"": null, ""sensitive"": false}, {""name"": ""duplicatedHandle"", ""type"": ""XTaskQueueHandle *"", ""ctype"": ""XTaskQueueHandle *"", ""attributes"": [""out""], ""in_param"": false, ""out_param"": true, ""optional"": false, ""string"": false, ""size_is"": null, ""length_is"": null, ""array"": null, ""sensitive"": false}]",[],stubbed_or_incomplete,"[{""kind"": ""FIXME"", ""file"": ""xthreading.c"", ""line"": 143, ""text"": ""FIXME( \""iface %p, queueHandle %p, duplicatedHandle %p stub!\\n\"", iface, queueHandle, duplicatedHandle );""}, {""kind"": ""stub"", ""file"": ""xthreading.c"", ""line"": 143, ""text"": ""FIXME( \""iface %p, queueHandle %p, duplicatedHandle %p stub!\\n\"", iface, queueHandle, duplicatedHandle );""}, {""kind"": ""E_NOTIMPL"", ""file"": ""xthreading.c"", ""line"": 144, ""text"": ""return E_NOTIMPL;""}]",False,https://learn.microsoft.com/gaming/gdk/docs/reference/system/xtaskqueue/functions/xtaskqueueduplicatehandle,False,[],"[{""number"": 11, ""title"": ""GDK Integration Progress."", ""url"": ""https://github.com/xodus-gaming/xgameruntime/issues/11""}, {""number"": 12, ""title"": ""XAsync/XAsyncProvider/XTaskQueue Implementation"", ""url"": ""https://github.com/xodus-gaming/xgameruntime/issues/12""}]",interface_method
1,920,XThreading,xasyncprovider.idl,IXThreadingImpl,073b7dcb-1fcf-4030-94be-e3c9eb623428,1,IUnknown,16,XTaskQueueDispatch,"BOOLEAN XTaskQueueDispatch([in] XTaskQueueHandle queue, [in] XTaskQueuePort port, [in] UINT32 timeoutInMs)",BOOLEAN,"[{""name"": ""queue"", ""type"": ""XTaskQueueHandle"", ""ctype"": ""XTaskQueueHandle"", ""attributes"": [""in""], ""in_param"": true, ""out_param"": false, ""optional"": false, ""string"": false, ""size_is"": null, ""length_is"": null, ""array"": null, ""sensitive"": false}, {""name"": ""port"", ""type"": ""XTaskQueuePort"", ""ctype"": ""XTaskQueuePort"", ""attributes"": [""in""], ""in_param"": true, ""out_param"": false, ""optional"": false, ""string"": false, ""size_is"": null, ""length_is"": null, ""array"": null, ""sensitive"": false}, {""name"": ""timeoutInMs"", ""type"": ""UINT32"", ""ctype"": ""UINT32"", ""attributes"": [""in""], ""in_param"": true, ""out_param"": false, ""optional"": false, ""string"": false, ""size_is"": null, ""length_is"": null, ""array"": null, ""sensitive"": false}]",[],stubbed_or_incomplete,"[{""kind"": ""FIXME"", ""file"": ""xthreading.c"", ""line"": 149, ""text"": ""FIXME( \""iface %p, queue %p, port %d, timeoutInMs %d stub!\\n\"", iface, queue, port, timeoutInMs );""}, {""kind"": ""stub"", ""file"": ""xthreading.c"", ""line"": 149, ""text"": ""FIXME( \""iface %p, queue %p, port %d, timeoutInMs %d stub!\\n\"", iface, queue, port, timeoutInMs );""}]",False,https://learn.microsoft.com/gaming/gdk/docs/reference/system/xtaskqueue/functions/xtaskqueuedispatch,False,[],"[{""number"": 11, ""title"": ""GDK Integration Progress."", ""url"": ""https://github.com/xodus-gaming/xgameruntime/issues/11""}, {""number"": 12, ""title"": ""XAsync/XAsyncProvider/XTaskQueue Implementation"", ""url"": ""https://github.com/xodus-gaming/xgameruntime/issues/12""}]",interface_method
1,920,XThreading,xasyncprovider.idl,IXThreadingImpl,073b7dcb-1fcf-4030-94be-e3c9eb623428,1,IUnknown,17,XTaskQueueCloseHandle,void XTaskQueueCloseHandle([in] XTaskQueueHandle queue),void,"[{""name"": ""queue"", ""type"": ""XTaskQueueHandle"", ""ctype"": ""XTaskQueueHandle"", ""attributes"": [""in""], ""in_param"": true, ""out_param"": false, ""optional"": false, ""string"": false, ""size_is"": null, ""length_is"": null, ""array"": null, ""sensitive"": false}]",[],stubbed_or_incomplete,"[{""kind"": ""FIXME"", ""file"": ""xthreading.c"", ""line"": 155, ""text"": ""FIXME( \""iface %p, queue %p stub!\\n\"", iface, queue );""}, {""kind"": ""stub"", ""file"": ""xthreading.c"", ""line"": 155, ""text"": ""FIXME( \""iface %p, queue %p stub!\\n\"", iface, queue );""}]",False,https://learn.microsoft.com/gaming/gdk/docs/reference/system/xtaskqueue/functions/xtaskqueueclosehandle,False,[],"[{""number"": 11, ""title"": ""GDK Integration Progress."", ""url"": ""https://github.com/xodus-gaming/xgameruntime/issues/11""}, {""number"": 12, ""title"": ""XAsync/XAsyncProvider/XTaskQueue Implementation"", ""url"": ""https://github.com/xodus-gaming/xgameruntime/issues/12""}]",interface_method
1,920,XThreading,xasyncprovider.idl,IXThreadingImpl,073b7dcb-1fcf-4030-94be-e3c9eb623428,1,IUnknown,18,XTaskQueueSubmitCallback,"HRESULT XTaskQueueSubmitCallback([in] XTaskQueueHandle queue, [in] XTaskQueuePort port, [in, optional] void * callbackContext, [in] XTaskQueueCallback * callback)",HRESULT,"[{""name"": ""queue"", ""type"": ""XTaskQueueHandle"", ""ctype"": ""XTaskQueueHandle"", ""attributes"": [""in""], ""in_param"": true, ""out_param"": false, ""optional"": false, ""string"": false, ""size_is"": null, ""length_is"": null, ""array"": null, ""sensitive"": false}, {""name"": ""port"", ""type"": ""XTaskQueuePort"", ""ctype"": ""XTaskQueuePort"", ""attributes"": [""in""], ""in_param"": true, ""out_param"": false, ""optional"": false, ""string"": false, ""size_is"": null, ""length_is"": null, ""array"": null, ""sensitive"": false}, {""name"": ""callbackContext"", ""type"": ""void *"", ""ctype"": ""void *"", ""attributes"": [""in"", ""optional""], ""in_param"": true, ""out_param"": false, ""optional"": true, ""string"": false, ""size_is"": null, ""length_is"": null, ""array"": null, ""sensitive"": false}, {""name"": ""callback"", ""type"": ""XTaskQueueCallback *"", ""ctype"": ""XTaskQueueCallback *"", ""attributes"": [""in""], ""in_param"": true, ""out_param"": false, ""optional"": false, ""string"": false, ""size_is"": null, ""length_is"": null, ""array"": null, ""sensitive"": false}]",[],stubbed_or_incomplete,"[{""kind"": ""FIXME"", ""file"": ""xthreading.c"", ""line"": 160, ""text"": ""FIXME( \""iface %p, queue %p, port %d, callbackContext %p, callback %p stub!\\n\"", iface, queue, port, callbackContext, callback );""}, {""kind"": ""stub"", ""file"": ""xthreading.c"", ""line"": 160, ""text"": ""FIXME( \""iface %p, queue %p, port %d, callbackContext %p, callback %p stub!\\n\"", iface, queue, port, callbackContext, callback );""}, {""kind"": ""E_NOTIMPL"", ""file"": ""xthreading.c"", ""line"": 161, ""text"": ""return E_NOTIMPL;""}]",False,https://learn.microsoft.com/gaming/gdk/docs/reference/system/xtaskqueue/functions/xtaskqueuesubmitcallback,False,[],"[{""number"": 11, ""title"": ""GDK Integration Progress."", ""url"": ""https://github.com/xodus-gaming/xgameruntime/issues/11""}, {""number"": 12, ""title"": ""XAsync/XAsyncProvider/XTaskQueue Implementation"", ""url"": ""https://github.com/xodus-gaming/xgameruntime/issues/12""}]",interface_method
1,920,XThreading,xasyncprovider.idl,IXThreadingImpl,073b7dcb-1fcf-4030-94be-e3c9eb623428,1,IUnknown,19,XTaskQueueSubmitDelayedCallback,"HRESULT XTaskQueueSubmitDelayedCallback([in] XTaskQueueHandle queue, [in] XTaskQueuePort port, [in] UINT32 delayMs, [in, optional] void * callbackContext, [in] XTaskQueueCallback * callback)",HRESULT,"[{""name"": ""queue"", ""type"": ""XTaskQueueHandle"", ""ctype"": ""XTaskQueueHandle"", ""attributes"": [""in""], ""in_param"": true, ""out_param"": false, ""optional"": false, ""string"": false, ""size_is"": null, ""length_is"": null, ""array"": null, ""sensitive"": false}, {""name"": ""port"", ""type"": ""XTaskQueuePort"", ""ctype"": ""XTaskQueuePort"", ""attributes"": [""in""], ""in_param"": true, ""out_param"": false, ""optional"": false, ""string"": false, ""size_is"": null, ""length_is"": null, ""array"": null, ""sensitive"": false}, {""name"": ""delayMs"", ""type"": ""UINT32"", ""ctype"": ""UINT32"", ""attributes"": [""in""], ""in_param"": true, ""out_param"": false, ""optional"": false, ""string"": false, ""size_is"": null, ""length_is"": null, ""array"": null, ""sensitive"": false}, {""name"": ""callbackContext"", ""type"": ""void *"", ""ctype"": ""void *"", ""attributes"": [""in"", ""optional""], ""in_param"": true, ""out_param"": false, ""optional"": true, ""string"": false, ""size_is"": null, ""length_is"": null, ""array"": null, ""sensitive"": false}, {""name"": ""callback"", ""type"": ""XTaskQueueCallback *"", ""ctype"": ""XTaskQueueCallback *"", ""attributes"": [""in""], ""in_param"": true, ""out_param"": false, ""optional"": false, ""string"": false, ""size_is"": null, ""length_is"": null, ""array"": null, ""sensitive"": false}]",[],stubbed_or_incomplete,"[{""kind"": ""FIXME"", ""file"": ""xthreading.c"", ""line"": 166, ""text"": ""FIXME( \""iface %p, queue %p, port %d, delayMs %d, callbackContext %p, callback %p stub!\\n\"", iface, queue, port, delayMs, callbackContext, callback );""}, {""kind"": ""stub"", ""file"": ""xthreading.c"", ""line"": 166, ""text"": ""FIXME( \""iface %p, queue %p, port %d, delayMs %d, callbackContext %p, callback %p stub!\\n\"", iface, queue, port, delayMs, callbackContext, callback );""}, {""kind"": ""E_NOTIMPL"", ""file"": ""xthreading.c"", ""line"": 167, ""text"": ""return E_NOTIMPL;""}]",False,https://learn.microsoft.com/gaming/gdk/docs/reference/system/xtaskqueue/functions/xtaskqueuesubmitdelayedcallback,False,[],"[{""number"": 11, ""title"": ""GDK Integration Progress."", ""url"": ""https://github.com/xodus-gaming/xgameruntime/issues/11""}, {""number"": 12, ""title"": ""XAsync/XAsyncProvider/XTaskQueue Implementation"", ""url"": ""https://github.com/xodus-gaming/xgameruntime/issues/12""}]",interface_method
1,920,XThreading,xasyncprovider.idl,IXThreadingImpl,073b7dcb-1fcf-4030-94be-e3c9eb623428,1,IUnknown,20,XTaskQueueRegisterWaiter,"HRESULT XTaskQueueRegisterWaiter([in] XTaskQueueHandle queue, [in] XTaskQueuePort port, [in] HANDLE waitHandle, void * callbackContext, XTaskQueueCallback * callback, XTaskQueueRegistrationToken * token)",HRESULT,"[{""name"": ""queue"", ""type"": ""XTaskQueueHandle"", ""ctype"": ""XTaskQueueHandle"", ""attributes"": [""in""], ""in_param"": true, ""out_param"": false, ""optional"": false, ""string"": false, ""size_is"": null, ""length_is"": null, ""array"": null, ""sensitive"": false}, {""name"": ""port"", ""type"": ""XTaskQueuePort"", ""ctype"": ""XTaskQueuePort"", ""attributes"": [""in""], ""in_param"": true, ""out_param"": false, ""optional"": false, ""string"": false, ""size_is"": null, ""length_is"": null, ""array"": null, ""sensitive"": false}, {""name"": ""waitHandle"", ""type"": ""HANDLE"", ""ctype"": ""HANDLE"", ""attributes"": [""in""], ""in_param"": true, ""out_param"": false, ""optional"": false, ""string"": false, ""size_is"": null, ""length_is"": null, ""array"": null, ""sensitive"": false}, {""name"": ""callbackContext"", ""type"": ""void *"", ""ctype"": ""void *"", ""attributes"": [], ""in_param"": true, ""out_param"": false, ""optional"": false, ""string"": false, ""size_is"": null, ""length_is"": null, ""array"": null, ""sensitive"": false}, {""name"": ""callback"", ""type"": ""XTaskQueueCallback *"", ""ctype"": ""XTaskQueueCallback *"", ""attributes"": [], ""in_param"": true, ""out_param"": false, ""optional"": false, ""string"": false, ""size_is"": null, ""length_is"": null, ""array"": null, ""sensitive"": false}, {""name"": ""token"", ""type"": ""XTaskQueueRegistrationToken *"", ""ctype"": ""XTaskQueueRegistrationToken *"", ""attributes"": [], ""in_param"": true, ""out_param"": false, ""optional"": false, ""string"": false, ""size_is"": null, ""length_is"": null, ""array"": null, ""sensitive"": true}]",[],stubbed_or_incomplete,"[{""kind"": ""FIXME"", ""file"": ""xthreading.c"", ""line"": 172, ""text"": ""FIXME( \""iface %p, queue %p, port %d, waitHandle %p, callbackContext %p, callback %p, token %p stub!\\n\"", iface, queue, port, waitHandle, callbackContext, callback, token );""}, {""kind"": ""stub"", ""file"": ""xthreading.c"", ""line"": 172, ""text"": ""FIXME( \""iface %p, queue %p, port %d, waitHandle %p, callbackContext %p, callback %p, token %p stub!\\n\"", iface, queue, port, waitHandle, callbackContext, callback, token );""}, {""kind"": ""E_NOTIMPL"", ""file"": ""xthreading.c"", ""line"": 173, ""text"": ""return E_NOTIMPL;""}]",False,https://learn.microsoft.com/gaming/gdk/docs/reference/system/xtaskqueue/functions/xtaskqueueregisterwaiter,False,[],"[{""number"": 11, ""title"": ""GDK Integration Progress."", ""url"": ""https://github.com/xodus-gaming/xgameruntime/issues/11""}, {""number"": 12, ""title"": ""XAsync/XAsyncProvider/XTaskQueue Implementation"", ""url"": ""https://github.com/xodus-gaming/xgameruntime/issues/12""}]",interface_method
1,920,XThreading,xasyncprovider.idl,IXThreadingImpl,073b7dcb-1fcf-4030-94be-e3c9eb623428,1,IUnknown,21,XTaskQueueUnregisterWaiter,"void XTaskQueueUnregisterWaiter([in] XTaskQueueHandle queue, [in] XTaskQueueRegistrationToken token)",void,"[{""name"": ""queue"", ""type"": ""XTaskQueueHandle"", ""ctype"": ""XTaskQueueHandle"", ""attributes"": [""in""], ""in_param"": true, ""out_param"": false, ""optional"": false, ""string"": false, ""size_is"": null, ""length_is"": null, ""array"": null, ""sensitive"": false}, {""name"": ""token"", ""type"": ""XTaskQueueRegistrationToken"", ""ctype"": ""XTaskQueueRegistrationToken"", ""attributes"": [""in""], ""in_param"": true, ""out_param"": false, ""optional"": false, ""string"": false, ""size_is"": null, ""length_is"": null, ""array"": null, ""sensitive"": true}]",[],stubbed_or_incomplete,"[{""kind"": ""FIXME"", ""file"": ""xthreading.c"", ""line"": 178, ""text"": ""FIXME( \""iface %p, queue %p, token %p stub!\\n\"", iface, queue, &token );""}, {""kind"": ""stub"", ""file"": ""xthreading.c"", ""line"": 178, ""text"": ""FIXME( \""iface %p, queue %p, token %p stub!\\n\"", iface, queue, &token );""}]",False,https://learn.microsoft.com/gaming/gdk/docs/reference/system/xtaskqueue/functions/xtaskqueueunregisterwaiter,False,[],"[{""number"": 11, ""title"": ""GDK Integration Progress."", ""url"": ""https://github.com/xodus-gaming/xgameruntime/issues/11""}, {""number"": 12, ""title"": ""XAsync/XAsyncProvider/XTaskQueue Implementation"", ""url"": ""https://github.com/xodus-gaming/xgameruntime/issues/12""}]",interface_method
1,920,XThreading,xasyncprovider.idl,IXThreadingImpl,073b7dcb-1fcf-4030-94be-e3c9eb623428,1,IUnknown,22,XTaskQueueTerminate,"HRESULT XTaskQueueTerminate([in] XTaskQueueHandle queue, [in] BOOLEAN wait, [in, optional] void * callbackContext, [in, optional] XTaskQueueTerminatedCallback * callback)",HRESULT,"[{""name"": ""queue"", ""type"": ""XTaskQueueHandle"", ""ctype"": ""XTaskQueueHandle"", ""attributes"": [""in""], ""in_param"": true, ""out_param"": false, ""optional"": false, ""string"": false, ""size_is"": null, ""length_is"": null, ""array"": null, ""sensitive"": false}, {""name"": ""wait"", ""type"": ""BOOLEAN"", ""ctype"": ""BOOLEAN"", ""attributes"": [""in""], ""in_param"": true, ""out_param"": false, ""optional"": false, ""string"": false, ""size_is"": null, ""length_is"": null, ""array"": null, ""sensitive"": false}, {""name"": ""callbackContext"", ""type"": ""void *"", ""ctype"": ""void *"", ""attributes"": [""in"", ""optional""], ""in_param"": true, ""out_param"": false, ""optional"": true, ""string"": false, ""size_is"": null, ""length_is"": null, ""array"": null, ""sensitive"": false}, {""name"": ""callback"", ""type"": ""XTaskQueueTerminatedCallback *"", ""ctype"": ""XTaskQueueTerminatedCallback *"", ""attributes"": [""in"", ""optional""], ""in_param"": true, ""out_param"": false, ""optional"": true, ""string"": false, ""size_is"": null, ""length_is"": null, ""array"": null, ""sensitive"": false}]",[],stubbed_or_incomplete,"[{""kind"": ""FIXME"", ""file"": ""xthreading.c"", ""line"": 183, ""text"": ""FIXME( \""iface %p, queue %p, wait %d, callbackContext %p, callback %p stub!\\n\"", iface, queue, wait, callbackContext, callback );""}, {""kind"": ""stub"", ""file"": ""xthreading.c"", ""line"": 183, ""text"": ""FIXME( \""iface %p, queue %p, wait %d, callbackContext %p, callback %p stub!\\n\"", iface, queue, wait, callbackContext, callback );""}, {""kind"": ""E_NOTIMPL"", ""file"": ""xthreading.c"", ""line"": 184, ""text"": ""return E_NOTIMPL;""}]",False,https://learn.microsoft.com/gaming/gdk/docs/reference/system/xtaskqueue/functions/xtaskqueueterminate,False,[],"[{""number"": 11, ""title"": ""GDK Integration Progress."", ""url"": ""https://github.com/xodus-gaming/xgameruntime/issues/11""}, {""number"": 12, ""title"": ""XAsync/XAsyncProvider/XTaskQueue Implementation"", ""url"": ""https://github.com/xodus-gaming/xgameruntime/issues/12""}]",interface_method
1,920,XThreading,xasyncprovider.idl,IXThreadingImpl,073b7dcb-1fcf-4030-94be-e3c9eb623428,1,IUnknown,23,XTaskQueueRegisterMonitor,"HRESULT XTaskQueueRegisterMonitor([in] XTaskQueueHandle queue, [in, optional] void * callbackContext, [in] XTaskQueueMonitorCallback * callback, [out] XTaskQueueRegistrationToken * token)",HRESULT,"[{""name"": ""queue"", ""type"": ""XTaskQueueHandle"", ""ctype"": ""XTaskQueueHandle"", ""attributes"": [""in""], ""in_param"": true, ""out_param"": false, ""optional"": false, ""string"": false, ""size_is"": null, ""length_is"": null, ""array"": null, ""sensitive"": false}, {""name"": ""callbackContext"", ""type"": ""void *"", ""ctype"": ""void *"", ""attributes"": [""in"", ""optional""], ""in_param"": true, ""out_param"": false, ""optional"": true, ""string"": false, ""size_is"": null, ""length_is"": null, ""array"": null, ""sensitive"": false}, {""name"": ""callback"", ""type"": ""XTaskQueueMonitorCallback *"", ""ctype"": ""XTaskQueueMonitorCallback *"", ""attributes"": [""in""], ""in_param"": true, ""out_param"": false, ""optional"": false, ""string"": false, ""size_is"": null, ""length_is"": null, ""array"": null, ""sensitive"": false}, {""name"": ""token"", ""type"": ""XTaskQueueRegistrationToken *"", ""ctype"": ""XTaskQueueRegistrationToken *"", ""attributes"": [""out""], ""in_param"": false, ""out_param"": true, ""optional"": false, ""string"": false, ""size_is"": null, ""length_is"": null, ""array"": null, ""sensitive"": true}]",[],stubbed_or_incomplete,"[{""kind"": ""FIXME"", ""file"": ""xthreading.c"", ""line"": 189, ""text"": ""FIXME( \""iface %p, queue %p, callbackContext %p, callback %p, token %p stub!\\n\"", iface, queue, callbackContext, callback, token );""}, {""kind"": ""stub"", ""file"": ""xthreading.c"", ""line"": 189, ""text"": ""FIXME( \""iface %p, queue %p, callbackContext %p, callback %p, token %p stub!\\n\"", iface, queue, callbackContext, callback, token );""}, {""kind"": ""E_NOTIMPL"", ""file"": ""xthreading.c"", ""line"": 190, ""text"": ""return E_NOTIMPL;""}]",False,https://learn.microsoft.com/gaming/gdk/docs/reference/system/xtaskqueue/functions/xtaskqueueregistermonitor,False,[],"[{""number"": 11, ""title"": ""GDK Integration Progress."", ""url"": ""https://github.com/xodus-gaming/xgameruntime/issues/11""}, {""number"": 12, ""title"": ""XAsync/XAsyncProvider/XTaskQueue Implementation"", ""url"": ""https://github.com/xodus-gaming/xgameruntime/issues/12""}]",interface_method
1,920,XThreading,xasyncprovider.idl,IXThreadingImpl,073b7dcb-1fcf-4030-94be-e3c9eb623428,1,IUnknown,24,XTaskQueueUnregisterMonitor,"void XTaskQueueUnregisterMonitor([in] XTaskQueueHandle queue, [in] XTaskQueueRegistrationToken token)",void,"[{""name"": ""queue"", ""type"": ""XTaskQueueHandle"", ""ctype"": ""XTaskQueueHandle"", ""attributes"": [""in""], ""in_param"": true, ""out_param"": false, ""optional"": false, ""string"": false, ""size_is"": null, ""length_is"": null, ""array"": null, ""sensitive"": false}, {""name"": ""token"", ""type"": ""XTaskQueueRegistrationToken"", ""ctype"": ""XTaskQueueRegistrationToken"", ""attributes"": [""in""], ""in_param"": true, ""out_param"": false, ""optional"": false, ""string"": false, ""size_is"": null, ""length_is"": null, ""array"": null, ""sensitive"": true}]",[],stubbed_or_incomplete,"[{""kind"": ""FIXME"", ""file"": ""xthreading.c"", ""line"": 195, ""text"": ""FIXME( \""iface %p, queue %p, token %p stub!\\n\"", iface, queue, &token );""}, {""kind"": ""stub"", ""file"": ""xthreading.c"", ""line"": 195, ""text"": ""FIXME( \""iface %p, queue %p, token %p stub!\\n\"", iface, queue, &token );""}]",False,https://learn.microsoft.com/gaming/gdk/docs/reference/system/xtaskqueue/functions/xtaskqueueunregistermonitor,False,[],"[{""number"": 11, ""title"": ""GDK Integration Progress."", ""url"": ""https://github.com/xodus-gaming/xgameruntime/issues/11""}, {""number"": 12, ""title"": ""XAsync/XAsyncProvider/XTaskQueue Implementation"", ""url"": ""https://github.com/xodus-gaming/xgameruntime/issues/12""}]",interface_method
1,920,XThreading,xasyncprovider.idl,IXThreadingImpl,073b7dcb-1fcf-4030-94be-e3c9eb623428,1,IUnknown,25,XTaskQueueGetCurrentProcessTaskQueue,BOOLEAN XTaskQueueGetCurrentProcessTaskQueue([out] XTaskQueueHandle * queue),BOOLEAN,"[{""name"": ""queue"", ""type"": ""XTaskQueueHandle *"", ""ctype"": ""XTaskQueueHandle *"", ""attributes"": [""out""], ""in_param"": false, ""out_param"": true, ""optional"": false, ""string"": false, ""size_is"": null, ""length_is"": null, ""array"": null, ""sensitive"": false}]",[],stubbed_or_incomplete,"[{""kind"": ""FIXME"", ""file"": ""xthreading.c"", ""line"": 200, ""text"": ""FIXME( \""iface %p, queue %p stub!\\n\"", iface, queue );""}, {""kind"": ""stub"", ""file"": ""xthreading.c"", ""line"": 200, ""text"": ""FIXME( \""iface %p, queue %p stub!\\n\"", iface, queue );""}]",False,https://learn.microsoft.com/gaming/gdk/docs/reference/system/xtaskqueue/functions/xtaskqueuegetcurrentprocesstaskqueue,False,[],"[{""number"": 11, ""title"": ""GDK Integration Progress."", ""url"": ""https://github.com/xodus-gaming/xgameruntime/issues/11""}, {""number"": 12, ""title"": ""XAsync/XAsyncProvider/XTaskQueue Implementation"", ""url"": ""https://github.com/xodus-gaming/xgameruntime/issues/12""}]",interface_method
1,920,XThreading,xasyncprovider.idl,IXThreadingImpl,073b7dcb-1fcf-4030-94be-e3c9eb623428,1,IUnknown,26,XTaskQueueSetCurrentProcessTaskQueue,void XTaskQueueSetCurrentProcessTaskQueue([in] XTaskQueueHandle queue),void,"[{""name"": ""queue"", ""type"": ""XTaskQueueHandle"", ""ctype"": ""XTaskQueueHandle"", ""attributes"": [""in""], ""in_param"": true, ""out_param"": false, ""optional"": false, ""string"": false, ""size_is"": null, ""length_is"": null, ""array"": null, ""sensitive"": false}]",[],stubbed_or_incomplete,"[{""kind"": ""FIXME"", ""file"": ""xthreading.c"", ""line"": 206, ""text"": ""FIXME( \""iface %p, queue %p stub!\\n\"", iface, queue );""}, {""kind"": ""stub"", ""file"": ""xthreading.c"", ""line"": 206, ""text"": ""FIXME( \""iface %p, queue %p stub!\\n\"", iface, queue );""}]",False,https://learn.microsoft.com/gaming/gdk/docs/reference/system/xtaskqueue/functions/xtaskqueuesetcurrentprocesstaskqueue,False,[],"[{""number"": 11, ""title"": ""GDK Integration Progress."", ""url"": ""https://github.com/xodus-gaming/xgameruntime/issues/11""}, {""number"": 12, ""title"": ""XAsync/XAsyncProvider/XTaskQueue Implementation"", ""url"": ""https://github.com/xodus-gaming/xgameruntime/issues/12""}]",interface_method
1,920,XThreading,xasyncprovider.idl,IXThreadingImpl,073b7dcb-1fcf-4030-94be-e3c9eb623428,1,IUnknown,28,__PADDING_2__,HRESULT __PADDING_2__(),HRESULT,[],[],unknown_padding,"[{""kind"": ""E_NOTIMPL"", ""file"": ""xthreading.c"", ""line"": 103, ""text"": ""return E_NOTIMPL;""}]",False,,False,[],"[{""number"": 11, ""title"": ""GDK Integration Progress."", ""url"": ""https://github.com/xodus-gaming/xgameruntime/issues/11""}, {""number"": 12, ""title"": ""XAsync/XAsyncProvider/XTaskQueue Implementation"", ""url"": ""https://github.com/xodus-gaming/xgameruntime/issues/12""}]",interface_method
1,900,XSystem,xsystem.idl,IXSystemImpl,e349bd1a-fc20-4e40-b99c-4178cc6b409f,1,IUnknown,3,XSystemGetConsoleId,"HRESULT XSystemGetConsoleId([in] INT32 consoleIdSize, [out, size_is(consoleIdSize)] char * consoleId, [out, optional] SIZE_T * consoleIdUsed)",HRESULT,"[{""name"": ""consoleIdSize"", ""type"": ""INT32"", ""ctype"": ""INT32"", ""attributes"": [""in""], ""in_param"": true, ""out_param"": false, ""optional"": false, ""string"": false, ""size_is"": null, ""length_is"": null, ""array"": null, ""sensitive"": false}, {""name"": ""consoleId"", ""type"": ""char *"", ""ctype"": ""char *"", ""attributes"": [""out"", ""size_is(consoleIdSize)""], ""in_param"": false, ""out_param"": true, ""optional"": false, ""string"": false, ""size_is"": ""consoleIdSize"", ""length_is"": null, ""array"": null, ""sensitive"": false}, {""name"": ""consoleIdUsed"", ""type"": ""SIZE_T *"", ""ctype"": ""SIZE_T *"", ""attributes"": [""out"", ""optional""], ""in_param"": false, ""out_param"": true, ""optional"": true, ""string"": false, ""size_is"": null, ""length_is"": null, ""array"": null, ""sensitive"": false}]",[],implemented,[],False,https://learn.microsoft.com/gaming/gdk/docs/reference/system/xsystem/functions/xsystemgetconsoleid,False,[],"[{""number"": 11, ""title"": ""GDK Integration Progress."", ""url"": ""https://github.com/xodus-gaming/xgameruntime/issues/11""}]",interface_method
1,900,XSystem,xsystem.idl,IXSystemImpl,e349bd1a-fc20-4e40-b99c-4178cc6b409f,1,IUnknown,4,XSystemGetXboxLiveSandboxId,"HRESULT XSystemGetXboxLiveSandboxId([in] INT32 sandboxIdSize, [out, size_is(sandboxIdSize)] char * sandboxId, [out] SIZE_T * sandboxIdUsed)",HRESULT,"[{""name"": ""sandboxIdSize"", ""type"": ""INT32"", ""ctype"": ""INT32"", ""attributes"": [""in""], ""in_param"": true, ""out_param"": false, ""optional"": false, ""string"": false, ""size_is"": null, ""length_is"": null, ""array"": null, ""sensitive"": false}, {""name"": ""sandboxId"", ""type"": ""char *"", ""ctype"": ""char *"", ""attributes"": [""out"", ""size_is(sandboxIdSize)""], ""in_param"": false, ""out_param"": true, ""optional"": false, ""string"": false, ""size_is"": ""sandboxIdSize"", ""length_is"": null, ""array"": null, ""sensitive"": false}, {""name"": ""sandboxIdUsed"", ""type"": ""SIZE_T *"", ""ctype"": ""SIZE_T *"", ""attributes"": [""out""], ""in_param"": false, ""out_param"": true, ""optional"": false, ""string"": false, ""size_is"": null, ""length_is"": null, ""array"": null, ""sensitive"": false}]",[],implemented,[],False,https://learn.microsoft.com/gaming/gdk/docs/reference/system/xsystem/functions/xsystemgetxboxlivesandboxid,False,[],"[{""number"": 11, ""title"": ""GDK Integration Progress."", ""url"": ""https://github.com/xodus-gaming/xgameruntime/issues/11""}]",interface_method
1,900,XThreading,xasyncprovider.idl,IXThreadingImpl,073b7dcb-1fcf-4030-94be-e3c9eb623428,1,IUnknown,27,XThreadSetTimeSensitive,HRESULT XThreadSetTimeSensitive([in] BOOLEAN isTimeSensitiveThread),HRESULT,"[{""name"": ""isTimeSensitiveThread"", ""type"": ""BOOLEAN"", ""ctype"": ""BOOLEAN"", ""attributes"": [""in""], ""in_param"": true, ""out_param"": false, ""optional"": false, ""string"": false, ""size_is"": null, ""length_is"": null, ""array"": null, ""sensitive"": false}]",[],implemented,[],False,https://learn.microsoft.com/gaming/gdk/docs/reference/system/xthread/functions/xthreadsettimesensitive,False,[],"[{""number"": 11, ""title"": ""GDK Integration Progress."", ""url"": ""https://github.com/xodus-gaming/xgameruntime/issues/11""}, {""number"": 12, ""title"": ""XAsync/XAsyncProvider/XTaskQueue Implementation"", ""url"": ""https://github.com/xodus-gaming/xgameruntime/issues/12""}]",interface_method
1,900,XThreading,xasyncprovider.idl,IXThreadingImpl,073b7dcb-1fcf-4030-94be-e3c9eb623428,1,IUnknown,29,XThreadAssertNotTimeSensitive,void XThreadAssertNotTimeSensitive(),void,[],[],implemented,[],False,https://learn.microsoft.com/gaming/gdk/docs/reference/system/xthread/functions/xthreadassertnottimesensitive,False,[],"[{""number"": 11, ""title"": ""GDK Integration Progress."", ""url"": ""https://github.com/xodus-gaming/xgameruntime/issues/11""}, {""number"": 12, ""title"": ""XAsync/XAsyncProvider/XTaskQueue Implementation"", ""url"": ""https://github.com/xodus-gaming/xgameruntime/issues/12""}]",interface_method
1,900,XThreading,xasyncprovider.idl,IXThreadingImpl,073b7dcb-1fcf-4030-94be-e3c9eb623428,1,IUnknown,30,XThreadIsTimeSensitive,BOOLEAN XThreadIsTimeSensitive(),BOOLEAN,[],[],implemented,[],False,https://learn.microsoft.com/gaming/gdk/docs/reference/system/xthread/functions/xthreadistimesensitive,False,[],"[{""number"": 11, ""title"": ""GDK Integration Progress."", ""url"": ""https://github.com/xodus-gaming/xgameruntime/issues/11""}, {""number"": 12, ""title"": ""XAsync/XAsyncProvider/XTaskQueue Implementation"", ""url"": ""https://github.com/xodus-gaming/xgameruntime/issues/12""}]",interface_method
2,820,XGame,xgame.idl,IXGameImpl,973a344e-24bf-4d0f-8457-56c534892b29,1,IUnknown,3,XGameGetXboxTitleId,HRESULT XGameGetXboxTitleId([out] UINT32 * titleId),HRESULT,"[{""name"": ""titleId"", ""type"": ""UINT32 *"", ""ctype"": ""UINT32 *"", ""attributes"": [""out""], ""in_param"": false, ""out_param"": true, ""optional"": false, ""string"": false, ""size_is"": null, ""length_is"": null, ""array"": null, ""sensitive"": false}]",[],stubbed_or_incomplete,"[{""kind"": ""FIXME"", ""file"": ""xgame.c"", ""line"": 75, ""text"": ""FIXME( \""iface %p, titleId %p stub!\\n\"", iface, titleId );""}, {""kind"": ""stub"", ""file"": ""xgame.c"", ""line"": 75, ""text"": ""FIXME( \""iface %p, titleId %p stub!\\n\"", iface, titleId );""}, {""kind"": ""E_NOTIMPL"", ""file"": ""xgame.c"", ""line"": 76, ""text"": ""return E_NOTIMPL;""}]",False,https://learn.microsoft.com/gaming/gdk/docs/reference/system/xgame/functions/xgamegetxboxtitleid,False,[],"[{""number"": 11, ""title"": ""GDK Integration Progress."", ""url"": ""https://github.com/xodus-gaming/xgameruntime/issues/11""}]",interface_method
2,820,XGame,xgame.idl,IXGameImpl2,50849859-0ad8-4f81-80e4-5bc78626f852,2,IXGameImpl,4,XLaunchNewGame,"void XLaunchNewGame([in] const char * exePath, [in, optional] const char * args, [in, optional] XUserHandle defaultUser)",void,"[{""name"": ""exePath"", ""type"": ""const char *"", ""ctype"": ""const char *"", ""attributes"": [""in""], ""in_param"": true, ""out_param"": false, ""optional"": false, ""string"": false, ""size_is"": null, ""length_is"": null, ""array"": null, ""sensitive"": false}, {""name"": ""args"", ""type"": ""const char *"", ""ctype"": ""const char *"", ""attributes"": [""in"", ""optional""], ""in_param"": true, ""out_param"": false, ""optional"": true, ""string"": false, ""size_is"": null, ""length_is"": null, ""array"": null, ""sensitive"": false}, {""name"": ""defaultUser"", ""type"": ""XUserHandle"", ""ctype"": ""XUserHandle"", ""attributes"": [""in"", ""optional""], ""in_param"": true, ""out_param"": false, ""optional"": true, ""string"": false, ""size_is"": null, ""length_is"": null, ""array"": null, ""sensitive"": false}]",[],stubbed_or_incomplete,"[{""kind"": ""FIXME"", ""file"": ""xgame.c"", ""line"": 81, ""text"": ""FIXME( \""iface %p exePath %s, args %s, defaultUser %p stub!\\n\"", iface, debugstr_a( exePath ), debugstr_a( args ), defaultUser );""}, {""kind"": ""stub"", ""file"": ""xgame.c"", ""line"": 81, ""text"": ""FIXME( \""iface %p exePath %s, args %s, defaultUser %p stub!\\n\"", iface, debugstr_a( exePath ), debugstr_a( args ), defaultUser );""}]",False,https://learn.microsoft.com/gaming/gdk/docs/reference/system/xgame/functions/xlaunchnewgame,False,[],"[{""number"": 11, ""title"": ""GDK Integration Progress."", ""url"": ""https://github.com/xodus-gaming/xgameruntime/issues/11""}]",interface_method
2,820,XGame,xgame.idl,IXGameImpl3,2549f142-6419-4a06-97b5-931aab7c2f34,3,IXGameImpl2,5,XLaunchRestartOnCrash,"HRESULT XLaunchRestartOnCrash([in, optional] const char * args, [in] UINT32 reserved)",HRESULT,"[{""name"": ""args"", ""type"": ""const char *"", ""ctype"": ""const char *"", ""attributes"": [""in"", ""optional""], ""in_param"": true, ""out_param"": false, ""optional"": true, ""string"": false, ""size_is"": null, ""length_is"": null, ""array"": null, ""sensitive"": false}, {""name"": ""reserved"", ""type"": ""UINT32"", ""ctype"": ""UINT32"", ""attributes"": [""in""], ""in_param"": true, ""out_param"": false, ""optional"": false, ""string"": false, ""size_is"": null, ""length_is"": null, ""array"": null, ""sensitive"": false}]",[],stubbed_or_incomplete,"[{""kind"": ""FIXME"", ""file"": ""xgame.c"", ""line"": 86, ""text"": ""FIXME( \""iface %p, args %s, reserved %u stub!\\n\"", iface, debugstr_a( args ), reserved );""}, {""kind"": ""stub"", ""file"": ""xgame.c"", ""line"": 86, ""text"": ""FIXME( \""iface %p, args %s, reserved %u stub!\\n\"", iface, debugstr_a( args ), reserved );""}, {""kind"": ""E_NOTIMPL"", ""file"": ""xgame.c"", ""line"": 87, ""text"": ""return E_NOTIMPL;""}]",False,https://learn.microsoft.com/gaming/gdk/docs/reference/system/xgame/functions/xlaunchrestartoncrash,False,[],"[{""number"": 11, ""title"": ""GDK Integration Progress."", ""url"": ""https://github.com/xodus-gaming/xgameruntime/issues/11""}]",interface_method
2,820,XNetworking,xnetworking.idl,IXNetworkingImpl,37e56907-2f10-41e8-b72f-36edb185331a,1,IUnknown,3,XNetworkingQueryPreferredLocalUdpMultiplayerPort,HRESULT XNetworkingQueryPreferredLocalUdpMultiplayerPort([out] UINT16 * preferredLocalUdpMultiplayerPort),HRESULT,"[{""name"": ""preferredLocalUdpMultiplayerPort"", ""type"": ""UINT16 *"", ""ctype"": ""UINT16 *"", ""attributes"": [""out""], ""in_param"": false, ""out_param"": true, ""optional"": false, ""string"": false, ""size_is"": null, ""length_is"": null, ""array"": null, ""sensitive"": false}]",[],stubbed_or_incomplete,"[{""kind"": ""FIXME"", ""file"": ""xnetworking.c"", ""line"": 74, ""text"": ""FIXME( \""iface %p, preferredLocalUdpMultiplayerPort %p stub!\\n\"", iface, preferredLocalUdpMultiplayerPort );""}, {""kind"": ""stub"", ""file"": ""xnetworking.c"", ""line"": 74, ""text"": ""FIXME( \""iface %p, preferredLocalUdpMultiplayerPort %p stub!\\n\"", iface, preferredLocalUdpMultiplayerPort );""}, {""kind"": ""E_NOTIMPL"", ""file"": ""xnetworking.c"", ""line"": 75, ""text"": ""return E_NOTIMPL;""}]",False,https://learn.microsoft.com/gaming/gdk/docs/reference/networking/xnetworking/functions/xnetworkingquerypreferredlocaludpmultiplayerport,False,[],"[{""number"": 11, ""title"": ""GDK Integration Progress."", ""url"": ""https://github.com/xodus-gaming/xgameruntime/issues/11""}]",interface_method
2,820,XNetworking,xnetworking.idl,IXNetworkingImpl,37e56907-2f10-41e8-b72f-36edb185331a,1,IUnknown,4,XNetworkingQueryPreferredLocalUdpMultiplayerPortAsync,"HRESULT XNetworkingQueryPreferredLocalUdpMultiplayerPortAsync([in, out] XAsyncBlock * asyncBlock)",HRESULT,"[{""name"": ""asyncBlock"", ""type"": ""XAsyncBlock *"", ""ctype"": ""XAsyncBlock *"", ""attributes"": [""in"", ""out""], ""in_param"": true, ""out_param"": true, ""optional"": false, ""string"": false, ""size_is"": null, ""length_is"": null, ""array"": null, ""sensitive"": false}]",[],stubbed_or_incomplete,"[{""kind"": ""FIXME"", ""file"": ""xnetworking.c"", ""line"": 80, ""text"": ""FIXME( \""iface %p, asyncBlock %p stub!\\n\"", iface, asyncBlock );""}, {""kind"": ""stub"", ""file"": ""xnetworking.c"", ""line"": 80, ""text"": ""FIXME( \""iface %p, asyncBlock %p stub!\\n\"", iface, asyncBlock );""}, {""kind"": ""E_NOTIMPL"", ""file"": ""xnetworking.c"", ""line"": 81, ""text"": ""return E_NOTIMPL;""}]",False,https://learn.microsoft.com/gaming/gdk/docs/reference/networking/xnetworking/functions/xnetworkingquerypreferredlocaludpmultiplayerportasync,False,[],"[{""number"": 11, ""title"": ""GDK Integration Progress."", ""url"": ""https://github.com/xodus-gaming/xgameruntime/issues/11""}]",interface_method
2,820,XNetworking,xnetworking.idl,IXNetworkingImpl,37e56907-2f10-41e8-b72f-36edb185331a,1,IUnknown,5,XNetworkingQueryPreferredLocalUdpMultiplayerPortAsyncResult,"HRESULT XNetworkingQueryPreferredLocalUdpMultiplayerPortAsyncResult([in, out] XAsyncBlock * asyncBlock, [out] UINT16 * preferredLocalUdpMultiplayerPort)",HRESULT,"[{""name"": ""asyncBlock"", ""type"": ""XAsyncBlock *"", ""ctype"": ""XAsyncBlock *"", ""attributes"": [""in"", ""out""], ""in_param"": true, ""out_param"": true, ""optional"": false, ""string"": false, ""size_is"": null, ""length_is"": null, ""array"": null, ""sensitive"": false}, {""name"": ""preferredLocalUdpMultiplayerPort"", ""type"": ""UINT16 *"", ""ctype"": ""UINT16 *"", ""attributes"": [""out""], ""in_param"": false, ""out_param"": true, ""optional"": false, ""string"": false, ""size_is"": null, ""length_is"": null, ""array"": null, ""sensitive"": false}]",[],stubbed_or_incomplete,"[{""kind"": ""FIXME"", ""file"": ""xnetworking.c"", ""line"": 86, ""text"": ""FIXME( \""iface %p, asyncBlock %p, preferredLocalUdpMultiplayerPort %p stub!\\n\"", iface, asyncBlock, preferredLocalUdpMultiplayerPort );""}, {""kind"": ""stub"", ""file"": ""xnetworking.c"", ""line"": 86, ""text"": ""FIXME( \""iface %p, asyncBlock %p, preferredLocalUdpMultiplayerPort %p stub!\\n\"", iface, asyncBlock, preferredLocalUdpMultiplayerPort );""}, {""kind"": ""E_NOTIMPL"", ""file"": ""xnetworking.c"", ""line"": 87, ""text"": ""return E_NOTIMPL;""}]",False,https://learn.microsoft.com/gaming/gdk/docs/reference/networking/xnetworking/functions/xnetworkingquerypreferredlocaludpmultiplayerportasyncresult,False,[],"[{""number"": 11, ""title"": ""GDK Integration Progress."", ""url"": ""https://github.com/xodus-gaming/xgameruntime/issues/11""}]",interface_method
2,820,XNetworking,xnetworking.idl,IXNetworkingImpl,37e56907-2f10-41e8-b72f-36edb185331a,1,IUnknown,6,XNetworkingRegisterPreferredLocalUdpMultiplayerPortChanged,"HRESULT XNetworkingRegisterPreferredLocalUdpMultiplayerPortChanged([in, optional] XTaskQueueHandle queue, [in, optional] void * context, [in] XNetworkingPreferredLocalUdpMultiplayerPortChangedCallback * callback, [out] XTaskQueueRegistrationToken * token)",HRESULT,"[{""name"": ""queue"", ""type"": ""XTaskQueueHandle"", ""ctype"": ""XTaskQueueHandle"", ""attributes"": [""in"", ""optional""], ""in_param"": true, ""out_param"": false, ""optional"": true, ""string"": false, ""size_is"": null, ""length_is"": null, ""array"": null, ""sensitive"": false}, {""name"": ""context"", ""type"": ""void *"", ""ctype"": ""void *"", ""attributes"": [""in"", ""optional""], ""in_param"": true, ""out_param"": false, ""optional"": true, ""string"": false, ""size_is"": null, ""length_is"": null, ""array"": null, ""sensitive"": false}, {""name"": ""callback"", ""type"": ""XNetworkingPreferredLocalUdpMultiplayerPortChangedCallback *"", ""ctype"": ""XNetworkingPreferredLocalUdpMultiplayerPortChangedCallback *"", ""attributes"": [""in""], ""in_param"": true, ""out_param"": false, ""optional"": false, ""string"": false, ""size_is"": null, ""length_is"": null, ""array"": null, ""sensitive"": false}, {""name"": ""token"", ""type"": ""XTaskQueueRegistrationToken *"", ""ctype"": ""XTaskQueueRegistrationToken *"", ""attributes"": [""out""], ""in_param"": false, ""out_param"": true, ""optional"": false, ""string"": false, ""size_is"": null, ""length_is"": null, ""array"": null, ""sensitive"": true}]",[],stubbed_or_incomplete,"[{""kind"": ""FIXME"", ""file"": ""xnetworking.c"", ""line"": 92, ""text"": ""FIXME( \""iface %p, queue %p, context %p, callback %p, token %p stub!\\n\"", iface, queue, context, callback, token );""}, {""kind"": ""stub"", ""file"": ""xnetworking.c"", ""line"": 92, ""text"": ""FIXME( \""iface %p, queue %p, context %p, callback %p, token %p stub!\\n\"", iface, queue, context, callback, token );""}, {""kind"": ""E_NOTIMPL"", ""file"": ""xnetworking.c"", ""line"": 93, ""text"": ""return E_NOTIMPL;""}]",False,https://learn.microsoft.com/gaming/gdk/docs/reference/networking/xnetworking/functions/xnetworkingregisterpreferredlocaludpmultiplayerportchanged,False,[],"[{""number"": 11, ""title"": ""GDK Integration Progress."", ""url"": ""https://github.com/xodus-gaming/xgameruntime/issues/11""}]",interface_method
2,820,XNetworking,xnetworking.idl,IXNetworkingImpl,37e56907-2f10-41e8-b72f-36edb185331a,1,IUnknown,7,XNetworkingUnregisterPreferredLocalUdpMultiplayerPortChanged,"BOOLEAN XNetworkingUnregisterPreferredLocalUdpMultiplayerPortChanged([in] XTaskQueueRegistrationToken token, [in] BOOLEAN wait)",BOOLEAN,"[{""name"": ""token"", ""type"": ""XTaskQueueRegistrationToken"", ""ctype"": ""XTaskQueueRegistrationToken"", ""attributes"": [""in""], ""in_param"": true, ""out_param"": false, ""optional"": false, ""string"": false, ""size_is"": null, ""length_is"": null, ""array"": null, ""sensitive"": true}, {""name"": ""wait"", ""type"": ""BOOLEAN"", ""ctype"": ""BOOLEAN"", ""attributes"": [""in""], ""in_param"": true, ""out_param"": false, ""optional"": false, ""string"": false, ""size_is"": null, ""length_is"": null, ""array"": null, ""sensitive"": false}]",[],stubbed_or_incomplete,"[{""kind"": ""FIXME"", ""file"": ""xnetworking.c"", ""line"": 98, ""text"": ""FIXME( \""iface %p, token %p, wait %d stub!\\n\"", iface, &token, wait );""}, {""kind"": ""stub"", ""file"": ""xnetworking.c"", ""line"": 98, ""text"": ""FIXME( \""iface %p, token %p, wait %d stub!\\n\"", iface, &token, wait );""}]",False,https://learn.microsoft.com/gaming/gdk/docs/reference/networking/xnetworking/functions/xnetworkingunregisterpreferredlocaludpmultiplayerportchanged,False,[],"[{""number"": 11, ""title"": ""GDK Integration Progress."", ""url"": ""https://github.com/xodus-gaming/xgameruntime/issues/11""}]",interface_method
2,820,XNetworking,xnetworking.idl,IXNetworkingImpl,37e56907-2f10-41e8-b72f-36edb185331a,1,IUnknown,8,XNetworkingQuerySecurityInformationForUrlAsync,"HRESULT XNetworkingQuerySecurityInformationForUrlAsync([in, string] const char * url, [in, out] XAsyncBlock * asyncBlock)",HRESULT,"[{""name"": ""url"", ""type"": ""const char *"", ""ctype"": ""const char *"", ""attributes"": [""in"", ""string""], ""in_param"": true, ""out_param"": false, ""optional"": false, ""string"": true, ""size_is"": null, ""length_is"": null, ""array"": null, ""sensitive"": false}, {""name"": ""asyncBlock"", ""type"": ""XAsyncBlock *"", ""ctype"": ""XAsyncBlock *"", ""attributes"": [""in"", ""out""], ""in_param"": true, ""out_param"": true, ""optional"": false, ""string"": false, ""size_is"": null, ""length_is"": null, ""array"": null, ""sensitive"": false}]",[],stubbed_or_incomplete,"[{""kind"": ""FIXME"", ""file"": ""xnetworking.c"", ""line"": 104, ""text"": ""FIXME( \""iface %p, url %p, asyncBlock %p stub!\\n\"", iface, url, asyncBlock );""}, {""kind"": ""stub"", ""file"": ""xnetworking.c"", ""line"": 104, ""text"": ""FIXME( \""iface %p, url %p, asyncBlock %p stub!\\n\"", iface, url, asyncBlock );""}, {""kind"": ""E_NOTIMPL"", ""file"": ""xnetworking.c"", ""line"": 105, ""text"": ""return E_NOTIMPL;""}]",False,https://learn.microsoft.com/gaming/gdk/docs/reference/networking/xnetworking/functions/xnetworkingquerysecurityinformationforurlasync,False,[],"[{""number"": 11, ""title"": ""GDK Integration Progress."", ""url"": ""https://github.com/xodus-gaming/xgameruntime/issues/11""}]",interface_method
2,820,XNetworking,xnetworking.idl,IXNetworkingImpl,37e56907-2f10-41e8-b72f-36edb185331a,1,IUnknown,9,XNetworkingQuerySecurityInformationForUrlAsyncResultSize,"HRESULT XNetworkingQuerySecurityInformationForUrlAsyncResultSize([in, out] XAsyncBlock * asyncBlock, [out] SIZE_T * securityInformationBufferByteCount)",HRESULT,"[{""name"": ""asyncBlock"", ""type"": ""XAsyncBlock *"", ""ctype"": ""XAsyncBlock *"", ""attributes"": [""in"", ""out""], ""in_param"": true, ""out_param"": true, ""optional"": false, ""string"": false, ""size_is"": null, ""length_is"": null, ""array"": null, ""sensitive"": false}, {""name"": ""securityInformationBufferByteCount"", ""type"": ""SIZE_T *"", ""ctype"": ""SIZE_T *"", ""attributes"": [""out""], ""in_param"": false, ""out_param"": true, ""optional"": false, ""string"": false, ""size_is"": null, ""length_is"": null, ""array"": null, ""sensitive"": false}]",[],stubbed_or_incomplete,"[{""kind"": ""FIXME"", ""file"": ""xnetworking.c"", ""line"": 110, ""text"": ""FIXME( \""iface %p, asyncBlock %p, securityInformationBufferByteCount %p stub!\\n\"", iface, asyncBlock, securityInformationBufferByteCount );""}, {""kind"": ""stub"", ""file"": ""xnetworking.c"", ""line"": 110, ""text"": ""FIXME( \""iface %p, asyncBlock %p, securityInformationBufferByteCount %p stub!\\n\"", iface, asyncBlock, securityInformationBufferByteCount );""}, {""kind"": ""E_NOTIMPL"", ""file"": ""xnetworking.c"", ""line"": 111, ""text"": ""return E_NOTIMPL;""}]",False,https://learn.microsoft.com/gaming/gdk/docs/reference/networking/xnetworking/functions/xnetworkingquerysecurityinformationforurlasyncresultsize,False,[],"[{""number"": 11, ""title"": ""GDK Integration Progress."", ""url"": ""https://github.com/xodus-gaming/xgameruntime/issues/11""}]",interface_method
2,820,XNetworking,xnetworking.idl,IXNetworkingImpl,37e56907-2f10-41e8-b72f-36edb185331a,1,IUnknown,10,XNetworkingQuerySecurityInformationForUrlAsyncResult,"HRESULT XNetworkingQuerySecurityInformationForUrlAsyncResult([in, out] XAsyncBlock * asyncBlock, [in] SIZE_T securityInformationBufferByteCount, [out, optional] SIZE_T * securityInformationBufferByteCountUsed, [out] UINT8 * securityInformationBuffer, [out, ptr] XNetworkingSecurityInformation ** securityInformation)",HRESULT,"[{""name"": ""asyncBlock"", ""type"": ""XAsyncBlock *"", ""ctype"": ""XAsyncBlock *"", ""attributes"": [""in"", ""out""], ""in_param"": true, ""out_param"": true, ""optional"": false, ""string"": false, ""size_is"": null, ""length_is"": null, ""array"": null, ""sensitive"": false}, {""name"": ""securityInformationBufferByteCount"", ""type"": ""SIZE_T"", ""ctype"": ""SIZE_T"", ""attributes"": [""in""], ""in_param"": true, ""out_param"": false, ""optional"": false, ""string"": false, ""size_is"": null, ""length_is"": null, ""array"": null, ""sensitive"": false}, {""name"": ""securityInformationBufferByteCountUsed"", ""type"": ""SIZE_T *"", ""ctype"": ""SIZE_T *"", ""attributes"": [""out"", ""optional""], ""in_param"": false, ""out_param"": true, ""optional"": true, ""string"": false, ""size_is"": null, ""length_is"": null, ""array"": null, ""sensitive"": false}, {""name"": ""securityInformationBuffer"", ""type"": ""UINT8 *"", ""ctype"": ""UINT8 *"", ""attributes"": [""out""], ""in_param"": false, ""out_param"": true, ""optional"": false, ""string"": false, ""size_is"": null, ""length_is"": null, ""array"": null, ""sensitive"": false}, {""name"": ""securityInformation"", ""type"": ""XNetworkingSecurityInformation * *"", ""ctype"": ""XNetworkingSecurityInformation **"", ""attributes"": [""out"", ""ptr""], ""in_param"": false, ""out_param"": true, ""optional"": false, ""string"": false, ""size_is"": null, ""length_is"": null, ""array"": null, ""sensitive"": false}]",[],stubbed_or_incomplete,"[{""kind"": ""FIXME"", ""file"": ""xnetworking.c"", ""line"": 116, ""text"": ""FIXME( \""iface %p, asyncBlock %p, securityInformationBufferByteCount %Iu, securityInformationBufferByteCountUsed %p, securityInformationBuffer %p, securityInformation %p stub!\\n\"", iface, asyncBlock, securityInformationBufferByteCount, securityInformationBufferByteCountUsed, securityInformationBuffer, securityInformation );""}, {""kind"": ""stub"", ""file"": ""xnetworking.c"", ""line"": 116, ""text"": ""FIXME( \""iface %p, asyncBlock %p, securityInformationBufferByteCount %Iu, securityInformationBufferByteCountUsed %p, securityInformationBuffer %p, securityInformation %p stub!\\n\"", iface, asyncBlock, securityInformationBufferByteCount, securityInformationBufferByteCountUsed, securityInformationBuffer, securityInformation );""}, {""kind"": ""E_NOTIMPL"", ""file"": ""xnetworking.c"", ""line"": 117, ""text"": ""return E_NOTIMPL;""}]",False,https://learn.microsoft.com/gaming/gdk/docs/reference/networking/xnetworking/functions/xnetworkingquerysecurityinformationforurlasyncresult,False,[],"[{""number"": 11, ""title"": ""GDK Integration Progress."", ""url"": ""https://github.com/xodus-gaming/xgameruntime/issues/11""}]",interface_method
2,820,XNetworking,xnetworking.idl,IXNetworkingImpl,37e56907-2f10-41e8-b72f-36edb185331a,1,IUnknown,11,XNetworkingQuerySecurityInformationForUrlUtf16Async,"HRESULT XNetworkingQuerySecurityInformationForUrlUtf16Async([in, string] const WCHAR * url, [in, out] XAsyncBlock * asyncBlock)",HRESULT,"[{""name"": ""url"", ""type"": ""const WCHAR *"", ""ctype"": ""const WCHAR *"", ""attributes"": [""in"", ""string""], ""in_param"": true, ""out_param"": false, ""optional"": false, ""string"": true, ""size_is"": null, ""length_is"": null, ""array"": null, ""sensitive"": false}, {""name"": ""asyncBlock"", ""type"": ""XAsyncBlock *"", ""ctype"": ""XAsyncBlock *"", ""attributes"": [""in"", ""out""], ""in_param"": true, ""out_param"": true, ""optional"": false, ""string"": false, ""size_is"": null, ""length_is"": null, ""array"": null, ""sensitive"": false}]",[],stubbed_or_incomplete,"[{""kind"": ""FIXME"", ""file"": ""xnetworking.c"", ""line"": 122, ""text"": ""FIXME( \""iface %p, url %p, asyncBlock %p stub!\\n\"", iface, url, asyncBlock );""}, {""kind"": ""stub"", ""file"": ""xnetworking.c"", ""line"": 122, ""text"": ""FIXME( \""iface %p, url %p, asyncBlock %p stub!\\n\"", iface, url, asyncBlock );""}, {""kind"": ""E_NOTIMPL"", ""file"": ""xnetworking.c"", ""line"": 123, ""text"": ""return E_NOTIMPL;""}]",False,https://learn.microsoft.com/gaming/gdk/docs/reference/networking/xnetworking/functions/xnetworkingquerysecurityinformationforurlutf16async,False,[],"[{""number"": 11, ""title"": ""GDK Integration Progress."", ""url"": ""https://github.com/xodus-gaming/xgameruntime/issues/11""}]",interface_method
2,820,XNetworking,xnetworking.idl,IXNetworkingImpl,37e56907-2f10-41e8-b72f-36edb185331a,1,IUnknown,12,XNetworkingQuerySecurityInformationForUrlUtf16AsyncResultSize,"HRESULT XNetworkingQuerySecurityInformationForUrlUtf16AsyncResultSize([in, out] XAsyncBlock * asyncBlock, [out] SIZE_T * securityInformationBufferByteCount)",HRESULT,"[{""name"": ""asyncBlock"", ""type"": ""XAsyncBlock *"", ""ctype"": ""XAsyncBlock *"", ""attributes"": [""in"", ""out""], ""in_param"": true, ""out_param"": true, ""optional"": false, ""string"": false, ""size_is"": null, ""length_is"": null, ""array"": null, ""sensitive"": false}, {""name"": ""securityInformationBufferByteCount"", ""type"": ""SIZE_T *"", ""ctype"": ""SIZE_T *"", ""attributes"": [""out""], ""in_param"": false, ""out_param"": true, ""optional"": false, ""string"": false, ""size_is"": null, ""length_is"": null, ""array"": null, ""sensitive"": false}]",[],stubbed_or_incomplete,"[{""kind"": ""FIXME"", ""file"": ""xnetworking.c"", ""line"": 128, ""text"": ""FIXME( \""iface %p, asyncBlock %p, securityInformationBufferByteCount %p stub!\\n\"", iface, asyncBlock, securityInformationBufferByteCount );""}, {""kind"": ""stub"", ""file"": ""xnetworking.c"", ""line"": 128, ""text"": ""FIXME( \""iface %p, asyncBlock %p, securityInformationBufferByteCount %p stub!\\n\"", iface, asyncBlock, securityInformationBufferByteCount );""}, {""kind"": ""E_NOTIMPL"", ""file"": ""xnetworking.c"", ""line"": 129, ""text"": ""return E_NOTIMPL;""}]",False,https://learn.microsoft.com/gaming/gdk/docs/reference/networking/xnetworking/functions/xnetworkingquerysecurityinformationforurlutf16asyncresultsize,False,[],"[{""number"": 11, ""title"": ""GDK Integration Progress."", ""url"": ""https://github.com/xodus-gaming/xgameruntime/issues/11""}]",interface_method
2,820,XNetworking,xnetworking.idl,IXNetworkingImpl,37e56907-2f10-41e8-b72f-36edb185331a,1,IUnknown,13,XNetworkingQuerySecurityInformationForUrlUtf16AsyncResult,"HRESULT XNetworkingQuerySecurityInformationForUrlUtf16AsyncResult([in, out] XAsyncBlock * asyncBlock, [in] SIZE_T securityInformationBufferByteCount, [out, optional] SIZE_T * securityInformationBufferByteCountUsed, [out] UINT8 * securityInformationBuffer, [out, ptr] XNetworkingSecurityInformation ** securityInformation)",HRESULT,"[{""name"": ""asyncBlock"", ""type"": ""XAsyncBlock *"", ""ctype"": ""XAsyncBlock *"", ""attributes"": [""in"", ""out""], ""in_param"": true, ""out_param"": true, ""optional"": false, ""string"": false, ""size_is"": null, ""length_is"": null, ""array"": null, ""sensitive"": false}, {""name"": ""securityInformationBufferByteCount"", ""type"": ""SIZE_T"", ""ctype"": ""SIZE_T"", ""attributes"": [""in""], ""in_param"": true, ""out_param"": false, ""optional"": false, ""string"": false, ""size_is"": null, ""length_is"": null, ""array"": null, ""sensitive"": false}, {""name"": ""securityInformationBufferByteCountUsed"", ""type"": ""SIZE_T *"", ""ctype"": ""SIZE_T *"", ""attributes"": [""out"", ""optional""], ""in_param"": false, ""out_param"": true, ""optional"": true, ""string"": false, ""size_is"": null, ""length_is"": null, ""array"": null, ""sensitive"": false}, {""name"": ""securityInformationBuffer"", ""type"": ""UINT8 *"", ""ctype"": ""UINT8 *"", ""attributes"": [""out""], ""in_param"": false, ""out_param"": true, ""optional"": false, ""string"": false, ""size_is"": null, ""length_is"": null, ""array"": null, ""sensitive"": false}, {""name"": ""securityInformation"", ""type"": ""XNetworkingSecurityInformation * *"", ""ctype"": ""XNetworkingSecurityInformation **"", ""attributes"": [""out"", ""ptr""], ""in_param"": false, ""out_param"": true, ""optional"": false, ""string"": false, ""size_is"": null, ""length_is"": null, ""array"": null, ""sensitive"": false}]",[],stubbed_or_incomplete,"[{""kind"": ""FIXME"", ""file"": ""xnetworking.c"", ""line"": 134, ""text"": ""FIXME( \""iface %p, asyncBlock %p, securityInformationBufferByteCount %Iu, securityInformationBufferByteCountUsed %p, securityInformationBuffer %p, securityInformation %p stub!\\n\"", iface, asyncBlock, securityInformationBufferByteCount, securityInformationBufferByteCountUsed, securityInformationBuffer, securityInformation );""}, {""kind"": ""stub"", ""file"": ""xnetworking.c"", ""line"": 134, ""text"": ""FIXME( \""iface %p, asyncBlock %p, securityInformationBufferByteCount %Iu, securityInformationBufferByteCountUsed %p, securityInformationBuffer %p, securityInformation %p stub!\\n\"", iface, asyncBlock, securityInformationBufferByteCount, securityInformationBufferByteCountUsed, securityInformationBuffer, securityInformation );""}, {""kind"": ""E_NOTIMPL"", ""file"": ""xnetworking.c"", ""line"": 135, ""text"": ""return E_NOTIMPL;""}]",False,https://learn.microsoft.com/gaming/gdk/docs/reference/networking/xnetworking/functions/xnetworkingquerysecurityinformationforurlutf16asyncresult,False,[],"[{""number"": 11, ""title"": ""GDK Integration Progress."", ""url"": ""https://github.com/xodus-gaming/xgameruntime/issues/11""}]",interface_method
2,820,XNetworking,xnetworking.idl,IXNetworkingImpl,37e56907-2f10-41e8-b72f-36edb185331a,1,IUnknown,14,XNetworkingVerifyServerCertificate,"HRESULT XNetworkingVerifyServerCertificate([in] void * requestHandle, [in] const XNetworkingSecurityInformation * securityInformation)",HRESULT,"[{""name"": ""requestHandle"", ""type"": ""void *"", ""ctype"": ""void *"", ""attributes"": [""in""], ""in_param"": true, ""out_param"": false, ""optional"": false, ""string"": false, ""size_is"": null, ""length_is"": null, ""array"": null, ""sensitive"": false}, {""name"": ""securityInformation"", ""type"": ""const XNetworkingSecurityInformation *"", ""ctype"": ""const XNetworkingSecurityInformation *"", ""attributes"": [""in""], ""in_param"": true, ""out_param"": false, ""optional"": false, ""string"": false, ""size_is"": null, ""length_is"": null, ""array"": null, ""sensitive"": false}]",[],stubbed_or_incomplete,"[{""kind"": ""FIXME"", ""file"": ""xnetworking.c"", ""line"": 140, ""text"": ""FIXME( \""iface %p, requestHandle %p, securityInformation %p stub!\\n\"", iface, requestHandle, securityInformation );""}, {""kind"": ""stub"", ""file"": ""xnetworking.c"", ""line"": 140, ""text"": ""FIXME( \""iface %p, requestHandle %p, securityInformation %p stub!\\n\"", iface, requestHandle, securityInformation );""}, {""kind"": ""E_NOTIMPL"", ""file"": ""xnetworking.c"", ""line"": 141, ""text"": ""return E_NOTIMPL;""}]",False,https://learn.microsoft.com/gaming/gdk/docs/reference/networking/xnetworking/functions/xnetworkingverifyservercertificate,False,[],"[{""number"": 11, ""title"": ""GDK Integration Progress."", ""url"": ""https://github.com/xodus-gaming/xgameruntime/issues/11""}]",interface_method
2,820,XNetworking,xnetworking.idl,IXNetworkingImpl,37e56907-2f10-41e8-b72f-36edb185331a,1,IUnknown,15,XNetworkingGetConnectivityHint,HRESULT XNetworkingGetConnectivityHint([out] XNetworkingConnectivityHint * connectivityHint),HRESULT,"[{""name"": ""connectivityHint"", ""type"": ""XNetworkingConnectivityHint *"", ""ctype"": ""XNetworkingConnectivityHint *"", ""attributes"": [""out""], ""in_param"": false, ""out_param"": true, ""optional"": false, ""string"": false, ""size_is"": null, ""length_is"": null, ""array"": null, ""sensitive"": false}]",[],stubbed_or_incomplete,"[{""kind"": ""FIXME"", ""file"": ""xnetworking.c"", ""line"": 146, ""text"": ""FIXME( \""iface %p, connectivityHint %p stub!\\n\"", iface, connectivityHint );""}, {""kind"": ""stub"", ""file"": ""xnetworking.c"", ""line"": 146, ""text"": ""FIXME( \""iface %p, connectivityHint %p stub!\\n\"", iface, connectivityHint );""}, {""kind"": ""E_NOTIMPL"", ""file"": ""xnetworking.c"", ""line"": 147, ""text"": ""return E_NOTIMPL;""}]",False,https://learn.microsoft.com/gaming/gdk/docs/reference/networking/xnetworking/functions/xnetworkinggetconnectivityhint,False,[],"[{""number"": 11, ""title"": ""GDK Integration Progress."", ""url"": ""https://github.com/xodus-gaming/xgameruntime/issues/11""}]",interface_method
2,820,XNetworking,xnetworking.idl,IXNetworkingImpl,37e56907-2f10-41e8-b72f-36edb185331a,1,IUnknown,16,XNetworkingRegisterConnectivityHintChanged,"HRESULT XNetworkingRegisterConnectivityHintChanged([in, optional] XTaskQueueHandle queue, [in, optional] void * context, [in] XNetworkingConnectivityHintChangedCallback * callback, [out] XTaskQueueRegistrationToken * token)",HRESULT,"[{""name"": ""queue"", ""type"": ""XTaskQueueHandle"", ""ctype"": ""XTaskQueueHandle"", ""attributes"": [""in"", ""optional""], ""in_param"": true, ""out_param"": false, ""optional"": true, ""string"": false, ""size_is"": null, ""length_is"": null, ""array"": null, ""sensitive"": false}, {""name"": ""context"", ""type"": ""void *"", ""ctype"": ""void *"", ""attributes"": [""in"", ""optional""], ""in_param"": true, ""out_param"": false, ""optional"": true, ""string"": false, ""size_is"": null, ""length_is"": null, ""array"": null, ""sensitive"": false}, {""name"": ""callback"", ""type"": ""XNetworkingConnectivityHintChangedCallback *"", ""ctype"": ""XNetworkingConnectivityHintChangedCallback *"", ""attributes"": [""in""], ""in_param"": true, ""out_param"": false, ""optional"": false, ""string"": false, ""size_is"": null, ""length_is"": null, ""array"": null, ""sensitive"": false}, {""name"": ""token"", ""type"": ""XTaskQueueRegistrationToken *"", ""ctype"": ""XTaskQueueRegistrationToken *"", ""attributes"": [""out""], ""in_param"": false, ""out_param"": true, ""optional"": false, ""string"": false, ""size_is"": null, ""length_is"": null, ""array"": null, ""sensitive"": true}]",[],stubbed_or_incomplete,"[{""kind"": ""FIXME"", ""file"": ""xnetworking.c"", ""line"": 152, ""text"": ""FIXME( \""iface %p, queue %p, context %p, callback %p, token %p stub!\\n\"", iface, queue, context, callback, token );""}, {""kind"": ""stub"", ""file"": ""xnetworking.c"", ""line"": 152, ""text"": ""FIXME( \""iface %p, queue %p, context %p, callback %p, token %p stub!\\n\"", iface, queue, context, callback, token );""}, {""kind"": ""E_NOTIMPL"", ""file"": ""xnetworking.c"", ""line"": 153, ""text"": ""return E_NOTIMPL;""}]",False,https://learn.microsoft.com/gaming/gdk/docs/reference/networking/xnetworking/functions/xnetworkingregisterconnectivityhintchanged,False,[],"[{""number"": 11, ""title"": ""GDK Integration Progress."", ""url"": ""https://github.com/xodus-gaming/xgameruntime/issues/11""}]",interface_method
2,820,XNetworking,xnetworking.idl,IXNetworkingImpl,37e56907-2f10-41e8-b72f-36edb185331a,1,IUnknown,17,XNetworkingUnregisterConnectivityHintChanged,"BOOLEAN XNetworkingUnregisterConnectivityHintChanged([in] XTaskQueueRegistrationToken token, [in] BOOLEAN wait)",BOOLEAN,"[{""name"": ""token"", ""type"": ""XTaskQueueRegistrationToken"", ""ctype"": ""XTaskQueueRegistrationToken"", ""attributes"": [""in""], ""in_param"": true, ""out_param"": false, ""optional"": false, ""string"": false, ""size_is"": null, ""length_is"": null, ""array"": null, ""sensitive"": true}, {""name"": ""wait"", ""type"": ""BOOLEAN"", ""ctype"": ""BOOLEAN"", ""attributes"": [""in""], ""in_param"": true, ""out_param"": false, ""optional"": false, ""string"": false, ""size_is"": null, ""length_is"": null, ""array"": null, ""sensitive"": false}]",[],stubbed_or_incomplete,"[{""kind"": ""FIXME"", ""file"": ""xnetworking.c"", ""line"": 158, ""text"": ""FIXME( \""iface %p, token %p, wait %d stub!\\n\"", iface, &token, wait );""}, {""kind"": ""stub"", ""file"": ""xnetworking.c"", ""line"": 158, ""text"": ""FIXME( \""iface %p, token %p, wait %d stub!\\n\"", iface, &token, wait );""}]",False,https://learn.microsoft.com/gaming/gdk/docs/reference/networking/xnetworking/functions/xnetworkingunregisterconnectivityhintchanged,False,[],"[{""number"": 11, ""title"": ""GDK Integration Progress."", ""url"": ""https://github.com/xodus-gaming/xgameruntime/issues/11""}]",interface_method
2,820,XNetworking,xnetworking.idl,IXNetworkingImpl2,bf2346b2-39af-4658-b5ea-44713c7e83b3,2,IXNetworkingImpl,18,XNetworkingQueryConfigurationSetting,"HRESULT XNetworkingQueryConfigurationSetting([in] XNetworkingConfigurationSetting configurationSetting, [out] UINT64 * value)",HRESULT,"[{""name"": ""configurationSetting"", ""type"": ""XNetworkingConfigurationSetting"", ""ctype"": ""XNetworkingConfigurationSetting"", ""attributes"": [""in""], ""in_param"": true, ""out_param"": false, ""optional"": false, ""string"": false, ""size_is"": null, ""length_is"": null, ""array"": null, ""sensitive"": false}, {""name"": ""value"", ""type"": ""UINT64 *"", ""ctype"": ""UINT64 *"", ""attributes"": [""out""], ""in_param"": false, ""out_param"": true, ""optional"": false, ""string"": false, ""size_is"": null, ""length_is"": null, ""array"": null, ""sensitive"": false}]",[],stubbed_or_incomplete,"[{""kind"": ""FIXME"", ""file"": ""xnetworking.c"", ""line"": 164, ""text"": ""FIXME( \""iface %p, configurationSetting %d, value %p stub!\\n\"", iface, configurationSetting, value );""}, {""kind"": ""stub"", ""file"": ""xnetworking.c"", ""line"": 164, ""text"": ""FIXME( \""iface %p, configurationSetting %d, value %p stub!\\n\"", iface, configurationSetting, value );""}, {""kind"": ""E_NOTIMPL"", ""file"": ""xnetworking.c"", ""line"": 165, ""text"": ""return E_NOTIMPL;""}]",False,https://learn.microsoft.com/gaming/gdk/docs/reference/networking/xnetworking/functions/xnetworkingqueryconfigurationsetting,False,[],"[{""number"": 11, ""title"": ""GDK Integration Progress."", ""url"": ""https://github.com/xodus-gaming/xgameruntime/issues/11""}]",interface_method
2,820,XNetworking,xnetworking.idl,IXNetworkingImpl2,bf2346b2-39af-4658-b5ea-44713c7e83b3,2,IXNetworkingImpl,19,XNetworkingSetConfigurationSetting,"HRESULT XNetworkingSetConfigurationSetting([in] XNetworkingConfigurationSetting configurationParameter, [in] UINT64 value)",HRESULT,"[{""name"": ""configurationParameter"", ""type"": ""XNetworkingConfigurationSetting"", ""ctype"": ""XNetworkingConfigurationSetting"", ""attributes"": [""in""], ""in_param"": true, ""out_param"": false, ""optional"": false, ""string"": false, ""size_is"": null, ""length_is"": null, ""array"": null, ""sensitive"": false}, {""name"": ""value"", ""type"": ""UINT64"", ""ctype"": ""UINT64"", ""attributes"": [""in""], ""in_param"": true, ""out_param"": false, ""optional"": false, ""string"": false, ""size_is"": null, ""length_is"": null, ""array"": null, ""sensitive"": false}]",[],stubbed_or_incomplete,"[{""kind"": ""FIXME"", ""file"": ""xnetworking.c"", ""line"": 170, ""text"": ""FIXME( \""iface %p, configurationParameter %d, value %llu stub!\\n\"", iface, configurationParameter, value );""}, {""kind"": ""stub"", ""file"": ""xnetworking.c"", ""line"": 170, ""text"": ""FIXME( \""iface %p, configurationParameter %d, value %llu stub!\\n\"", iface, configurationParameter, value );""}, {""kind"": ""E_NOTIMPL"", ""file"": ""xnetworking.c"", ""line"": 171, ""text"": ""return E_NOTIMPL;""}]",False,https://learn.microsoft.com/gaming/gdk/docs/reference/networking/xnetworking/functions/xnetworkingsetconfigurationsetting,False,[],"[{""number"": 11, ""title"": ""GDK Integration Progress."", ""url"": ""https://github.com/xodus-gaming/xgameruntime/issues/11""}]",interface_method
2,820,XNetworking,xnetworking.idl,IXNetworkingImpl2,bf2346b2-39af-4658-b5ea-44713c7e83b3,2,IXNetworkingImpl,20,XNetworkingQueryStatistics,"HRESULT XNetworkingQueryStatistics([in] XNetworkingStatisticsType statisticsType, [out] XNetworkingStatisticsBuffer * statisticsBuffer)",HRESULT,"[{""name"": ""statisticsType"", ""type"": ""XNetworkingStatisticsType"", ""ctype"": ""XNetworkingStatisticsType"", ""attributes"": [""in""], ""in_param"": true, ""out_param"": false, ""optional"": false, ""string"": false, ""size_is"": null, ""length_is"": null, ""array"": null, ""sensitive"": false}, {""name"": ""statisticsBuffer"", ""type"": ""XNetworkingStatisticsBuffer *"", ""ctype"": ""XNetworkingStatisticsBuffer *"", ""attributes"": [""out""], ""in_param"": false, ""out_param"": true, ""optional"": false, ""string"": false, ""size_is"": null, ""length_is"": null, ""array"": null, ""sensitive"": false}]",[],stubbed_or_incomplete,"[{""kind"": ""FIXME"", ""file"": ""xnetworking.c"", ""line"": 176, ""text"": ""FIXME( \""iface %p, statisticsType %d, statisticsBuffer %p stub!\\n\"", iface, statisticsType, statisticsBuffer );""}, {""kind"": ""stub"", ""file"": ""xnetworking.c"", ""line"": 176, ""text"": ""FIXME( \""iface %p, statisticsType %d, statisticsBuffer %p stub!\\n\"", iface, statisticsType, statisticsBuffer );""}, {""kind"": ""E_NOTIMPL"", ""file"": ""xnetworking.c"", ""line"": 177, ""text"": ""return E_NOTIMPL;""}]",False,https://learn.microsoft.com/gaming/gdk/docs/reference/networking/xnetworking/functions/xnetworkingquerystatistics,False,[],"[{""number"": 11, ""title"": ""GDK Integration Progress."", ""url"": ""https://github.com/xodus-gaming/xgameruntime/issues/11""}]",interface_method
2,820,XStore,xstore.idl,IXStoreImpl,0dd112ac-7c24-448c-b92b-3960fb5bd30c,1,IUnknown,3,XStoreCreateContext,"HRESULT XStoreCreateContext([in, optional] const XUserHandle user, [out] XStoreContextHandle * storeContextHandle)",HRESULT,"[{""name"": ""user"", ""type"": ""const XUserHandle"", ""ctype"": ""const XUserHandle"", ""attributes"": [""in"", ""optional""], ""in_param"": true, ""out_param"": false, ""optional"": true, ""string"": false, ""size_is"": null, ""length_is"": null, ""array"": null, ""sensitive"": false}, {""name"": ""storeContextHandle"", ""type"": ""XStoreContextHandle *"", ""ctype"": ""XStoreContextHandle *"", ""attributes"": [""out""], ""in_param"": false, ""out_param"": true, ""optional"": false, ""string"": false, ""size_is"": null, ""length_is"": null, ""array"": null, ""sensitive"": false}]",[],stubbed_or_incomplete,"[{""kind"": ""FIXME"", ""file"": ""xstore.c"", ""line"": 78, ""text"": ""FIXME( \""iface %p, user %p, storeContextHandle %p stub!\\n\"", iface, user, storeContextHandle );""}, {""kind"": ""stub"", ""file"": ""xstore.c"", ""line"": 78, ""text"": ""FIXME( \""iface %p, user %p, storeContextHandle %p stub!\\n\"", iface, user, storeContextHandle );""}, {""kind"": ""E_NOTIMPL"", ""file"": ""xstore.c"", ""line"": 79, ""text"": ""return E_NOTIMPL;""}]",False,https://learn.microsoft.com/gaming/gdk/docs/reference/system/xstore/functions/xstorecreatecontext,False,[],"[{""number"": 11, ""title"": ""GDK Integration Progress."", ""url"": ""https://github.com/xodus-gaming/xgameruntime/issues/11""}, {""number"": 14, ""title"": ""XStore Implementation"", ""url"": ""https://github.com/xodus-gaming/xgameruntime/issues/14""}]",interface_method
2,820,XStore,xstore.idl,IXStoreImpl,0dd112ac-7c24-448c-b92b-3960fb5bd30c,1,IUnknown,4,XStoreCloseContextHandle,void XStoreCloseContextHandle([in] XStoreContextHandle storeContextHandle),void,"[{""name"": ""storeContextHandle"", ""type"": ""XStoreContextHandle"", ""ctype"": ""XStoreContextHandle"", ""attributes"": [""in""], ""in_param"": true, ""out_param"": false, ""optional"": false, ""string"": false, ""size_is"": null, ""length_is"": null, ""array"": null, ""sensitive"": false}]",[],stubbed_or_incomplete,"[{""kind"": ""FIXME"", ""file"": ""xstore.c"", ""line"": 84, ""text"": ""FIXME( \""iface %p, storeContextHandle %p stub!\\n\"", iface, storeContextHandle );""}, {""kind"": ""stub"", ""file"": ""xstore.c"", ""line"": 84, ""text"": ""FIXME( \""iface %p, storeContextHandle %p stub!\\n\"", iface, storeContextHandle );""}]",False,https://learn.microsoft.com/gaming/gdk/docs/reference/system/xstore/functions/xstoreclosecontexthandle,False,[],"[{""number"": 11, ""title"": ""GDK Integration Progress."", ""url"": ""https://github.com/xodus-gaming/xgameruntime/issues/11""}, {""number"": 14, ""title"": ""XStore Implementation"", ""url"": ""https://github.com/xodus-gaming/xgameruntime/issues/14""}]",interface_method
2,820,XStore,xstore.idl,IXStoreImpl,0dd112ac-7c24-448c-b92b-3960fb5bd30c,1,IUnknown,5,XStoreQueryAssociatedProductsAsync,"HRESULT XStoreQueryAssociatedProductsAsync([in] const XStoreContextHandle storeContextHandle, [in] XStoreProductKind productKinds, [in] UINT32 maxItemsToRetrievePerPage, [in, out] XAsyncBlock * async)",HRESULT,"[{""name"": ""storeContextHandle"", ""type"": ""const XStoreContextHandle"", ""ctype"": ""const XStoreContextHandle"", ""attributes"": [""in""], ""in_param"": true, ""out_param"": false, ""optional"": false, ""string"": false, ""size_is"": null, ""length_is"": null, ""array"": null, ""sensitive"": false}, {""name"": ""productKinds"", ""type"": ""XStoreProductKind"", ""ctype"": ""XStoreProductKind"", ""attributes"": [""in""], ""in_param"": true, ""out_param"": false, ""optional"": false, ""string"": false, ""size_is"": null, ""length_is"": null, ""array"": null, ""sensitive"": false}, {""name"": ""maxItemsToRetrievePerPage"", ""type"": ""UINT32"", ""ctype"": ""UINT32"", ""attributes"": [""in""], ""in_param"": true, ""out_param"": false, ""optional"": false, ""string"": false, ""size_is"": null, ""length_is"": null, ""array"": null, ""sensitive"": false}, {""name"": ""async"", ""type"": ""XAsyncBlock *"", ""ctype"": ""XAsyncBlock *"", ""attributes"": [""in"", ""out""], ""in_param"": true, ""out_param"": true, ""optional"": false, ""string"": false, ""size_is"": null, ""length_is"": null, ""array"": null, ""sensitive"": false}]",[],stubbed_or_incomplete,"[{""kind"": ""FIXME"", ""file"": ""xstore.c"", ""line"": 89, ""text"": ""FIXME( \""iface %p, storeContextHandle %p, productKinds %#x, maxItemsToRetrievePerPage %u, async %p stub!\\n\"", iface, storeContextHandle, productKinds, maxItemsToRetrievePerPage, async );""}, {""kind"": ""stub"", ""file"": ""xstore.c"", ""line"": 89, ""text"": ""FIXME( \""iface %p, storeContextHandle %p, productKinds %#x, maxItemsToRetrievePerPage %u, async %p stub!\\n\"", iface, storeContextHandle, productKinds, maxItemsToRetrievePerPage, async );""}, {""kind"": ""E_NOTIMPL"", ""file"": ""xstore.c"", ""line"": 90, ""text"": ""return E_NOTIMPL;""}]",False,https://learn.microsoft.com/gaming/gdk/docs/reference/system/xstore/functions/xstorequeryassociatedproductsasync,False,[],"[{""number"": 11, ""title"": ""GDK Integration Progress."", ""url"": ""https://github.com/xodus-gaming/xgameruntime/issues/11""}, {""number"": 14, ""title"": ""XStore Implementation"", ""url"": ""https://github.com/xodus-gaming/xgameruntime/issues/14""}]",interface_method
2,820,XStore,xstore.idl,IXStoreImpl,0dd112ac-7c24-448c-b92b-3960fb5bd30c,1,IUnknown,6,XStoreQueryAssociatedProductsResult,"HRESULT XStoreQueryAssociatedProductsResult([in, out] XAsyncBlock * async, [out] XStoreProductQueryHandle * productQueryHandle)",HRESULT,"[{""name"": ""async"", ""type"": ""XAsyncBlock *"", ""ctype"": ""XAsyncBlock *"", ""attributes"": [""in"", ""out""], ""in_param"": true, ""out_param"": true, ""optional"": false, ""string"": false, ""size_is"": null, ""length_is"": null, ""array"": null, ""sensitive"": false}, {""name"": ""productQueryHandle"", ""type"": ""XStoreProductQueryHandle *"", ""ctype"": ""XStoreProductQueryHandle *"", ""attributes"": [""out""], ""in_param"": false, ""out_param"": true, ""optional"": false, ""string"": false, ""size_is"": null, ""length_is"": null, ""array"": null, ""sensitive"": false}]",[],stubbed_or_incomplete,"[{""kind"": ""FIXME"", ""file"": ""xstore.c"", ""line"": 95, ""text"": ""FIXME( \""iface %p, async %p, productQueryHandle %p stub!\\n\"", iface, async, productQueryHandle );""}, {""kind"": ""stub"", ""file"": ""xstore.c"", ""line"": 95, ""text"": ""FIXME( \""iface %p, async %p, productQueryHandle %p stub!\\n\"", iface, async, productQueryHandle );""}, {""kind"": ""E_NOTIMPL"", ""file"": ""xstore.c"", ""line"": 96, ""text"": ""return E_NOTIMPL;""}]",False,https://learn.microsoft.com/gaming/gdk/docs/reference/system/xstore/functions/xstorequeryassociatedproductsresult,False,[],"[{""number"": 11, ""title"": ""GDK Integration Progress."", ""url"": ""https://github.com/xodus-gaming/xgameruntime/issues/11""}, {""number"": 14, ""title"": ""XStore Implementation"", ""url"": ""https://github.com/xodus-gaming/xgameruntime/issues/14""}]",interface_method
2,820,XStore,xstore.idl,IXStoreImpl,0dd112ac-7c24-448c-b92b-3960fb5bd30c,1,IUnknown,7,XStoreQueryProductsAsync,"HRESULT XStoreQueryProductsAsync([in] const XStoreContextHandle storeContextHandle, [in] XStoreProductKind productKinds, [in, string, size_is(storeIdsCount,)] const char ** storeIds, [in] SIZE_T storeIdsCount, [in, optional, string, size_is(actionFiltersCount,)] const char ** actionFilters, [in] SIZE_T actionFiltersCount, [in, out] XAsyncBlock * async)",HRESULT,"[{""name"": ""storeContextHandle"", ""type"": ""const XStoreContextHandle"", ""ctype"": ""const XStoreContextHandle"", ""attributes"": [""in""], ""in_param"": true, ""out_param"": false, ""optional"": false, ""string"": false, ""size_is"": null, ""length_is"": null, ""array"": null, ""sensitive"": false}, {""name"": ""productKinds"", ""type"": ""XStoreProductKind"", ""ctype"": ""XStoreProductKind"", ""attributes"": [""in""], ""in_param"": true, ""out_param"": false, ""optional"": false, ""string"": false, ""size_is"": null, ""length_is"": null, ""array"": null, ""sensitive"": false}, {""name"": ""storeIds"", ""type"": ""const char * *"", ""ctype"": ""const char **"", ""attributes"": [""in"", ""string"", ""size_is(storeIdsCount,)""], ""in_param"": true, ""out_param"": false, ""optional"": false, ""string"": true, ""size_is"": ""storeIdsCount"", ""length_is"": null, ""array"": null, ""sensitive"": false}, {""name"": ""storeIdsCount"", ""type"": ""SIZE_T"", ""ctype"": ""SIZE_T"", ""attributes"": [""in""], ""in_param"": true, ""out_param"": false, ""optional"": false, ""string"": false, ""size_is"": null, ""length_is"": null, ""array"": null, ""sensitive"": false}, {""name"": ""actionFilters"", ""type"": ""const char * *"", ""ctype"": ""const char **"", ""attributes"": [""in"", ""optional"", ""string"", ""size_is(actionFiltersCount,)""], ""in_param"": true, ""out_param"": false, ""optional"": true, ""string"": true, ""size_is"": ""actionFiltersCount"", ""length_is"": null, ""array"": null, ""sensitive"": false}, {""name"": ""actionFiltersCount"", ""type"": ""SIZE_T"", ""ctype"": ""SIZE_T"", ""attributes"": [""in""], ""in_param"": true, ""out_param"": false, ""optional"": false, ""string"": false, ""size_is"": null, ""length_is"": null, ""array"": null, ""sensitive"": false}, {""name"": ""async"", ""type"": ""XAsyncBlock *"", ""ctype"": ""XAsyncBlock *"", ""attributes"": [""in"", ""out""], ""in_param"": true, ""out_param"": true, ""optional"": false, ""string"": false, ""size_is"": null, ""length_is"": null, ""array"": null, ""sensitive"": false}]",[],stubbed_or_incomplete,"[{""kind"": ""FIXME"", ""file"": ""xstore.c"", ""line"": 101, ""text"": ""FIXME( \""iface %p, storeContextHandle %p, productKinds %#x, storeIds %p, storeIdsCount %Iu, actionFilters %p, actionFiltersCount %Iu, async %p stub!\\n\"", iface, storeContextHandle, productKinds, storeIds, storeIdsCount, actionFilters, actionFiltersCount, async );""}, {""kind"": ""stub"", ""file"": ""xstore.c"", ""line"": 101, ""text"": ""FIXME( \""iface %p, storeContextHandle %p, productKinds %#x, storeIds %p, storeIdsCount %Iu, actionFilters %p, actionFiltersCount %Iu, async %p stub!\\n\"", iface, storeContextHandle, productKinds, storeIds, storeIdsCount, actionFilters, actionFiltersCount, async );""}, {""kind"": ""E_NOTIMPL"", ""file"": ""xstore.c"", ""line"": 102, ""text"": ""return E_NOTIMPL;""}]",False,https://learn.microsoft.com/gaming/gdk/docs/reference/system/xstore/functions/xstorequeryproductsasync,False,[],"[{""number"": 11, ""title"": ""GDK Integration Progress."", ""url"": ""https://github.com/xodus-gaming/xgameruntime/issues/11""}, {""number"": 14, ""title"": ""XStore Implementation"", ""url"": ""https://github.com/xodus-gaming/xgameruntime/issues/14""}]",interface_method
2,820,XStore,xstore.idl,IXStoreImpl,0dd112ac-7c24-448c-b92b-3960fb5bd30c,1,IUnknown,8,XStoreQueryProductsResult,"HRESULT XStoreQueryProductsResult([in, out] XAsyncBlock * async, [out] XStoreProductQueryHandle * productQueryHandle)",HRESULT,"[{""name"": ""async"", ""type"": ""XAsyncBlock *"", ""ctype"": ""XAsyncBlock *"", ""attributes"": [""in"", ""out""], ""in_param"": true, ""out_param"": true, ""optional"": false, ""string"": false, ""size_is"": null, ""length_is"": null, ""array"": null, ""sensitive"": false}, {""name"": ""productQueryHandle"", ""type"": ""XStoreProductQueryHandle *"", ""ctype"": ""XStoreProductQueryHandle *"", ""attributes"": [""out""], ""in_param"": false, ""out_param"": true, ""optional"": false, ""string"": false, ""size_is"": null, ""length_is"": null, ""array"": null, ""sensitive"": false}]",[],stubbed_or_incomplete,"[{""kind"": ""FIXME"", ""file"": ""xstore.c"", ""line"": 107, ""text"": ""FIXME( \""iface %p, async %p, productQueryHandle %p stub!\\n\"", iface, async, productQueryHandle );""}, {""kind"": ""stub"", ""file"": ""xstore.c"", ""line"": 107, ""text"": ""FIXME( \""iface %p, async %p, productQueryHandle %p stub!\\n\"", iface, async, productQueryHandle );""}, {""kind"": ""E_NOTIMPL"", ""file"": ""xstore.c"", ""line"": 108, ""text"": ""return E_NOTIMPL;""}]",False,https://learn.microsoft.com/gaming/gdk/docs/reference/system/xstore/functions/xstorequeryproductsresult,False,[],"[{""number"": 11, ""title"": ""GDK Integration Progress."", ""url"": ""https://github.com/xodus-gaming/xgameruntime/issues/11""}, {""number"": 14, ""title"": ""XStore Implementation"", ""url"": ""https://github.com/xodus-gaming/xgameruntime/issues/14""}]",interface_method
2,820,XStore,xstore.idl,IXStoreImpl,0dd112ac-7c24-448c-b92b-3960fb5bd30c,1,IUnknown,9,XStoreQueryEntitledProductsAsync,"HRESULT XStoreQueryEntitledProductsAsync([in] const XStoreContextHandle storeContextHandle, [in] XStoreProductKind productKinds, [in] UINT32 maxItemsToRetrievePerPage, [in, out] XAsyncBlock * async)",HRESULT,"[{""name"": ""storeContextHandle"", ""type"": ""const XStoreContextHandle"", ""ctype"": ""const XStoreContextHandle"", ""attributes"": [""in""], ""in_param"": true, ""out_param"": false, ""optional"": false, ""string"": false, ""size_is"": null, ""length_is"": null, ""array"": null, ""sensitive"": false}, {""name"": ""productKinds"", ""type"": ""XStoreProductKind"", ""ctype"": ""XStoreProductKind"", ""attributes"": [""in""], ""in_param"": true, ""out_param"": false, ""optional"": false, ""string"": false, ""size_is"": null, ""length_is"": null, ""array"": null, ""sensitive"": false}, {""name"": ""maxItemsToRetrievePerPage"", ""type"": ""UINT32"", ""ctype"": ""UINT32"", ""attributes"": [""in""], ""in_param"": true, ""out_param"": false, ""optional"": false, ""string"": false, ""size_is"": null, ""length_is"": null, ""array"": null, ""sensitive"": false}, {""name"": ""async"", ""type"": ""XAsyncBlock *"", ""ctype"": ""XAsyncBlock *"", ""attributes"": [""in"", ""out""], ""in_param"": true, ""out_param"": true, ""optional"": false, ""string"": false, ""size_is"": null, ""length_is"": null, ""array"": null, ""sensitive"": false}]",[],stubbed_or_incomplete,"[{""kind"": ""FIXME"", ""file"": ""xstore.c"", ""line"": 113, ""text"": ""FIXME( \""iface %p, storeContextHandle %p, productKinds %#x, maxItemsToRetrievePerPage, %u, async %p stub!\\n\"", iface, storeContextHandle, productKinds, maxItemsToRetrievePerPage, async );""}, {""kind"": ""stub"", ""file"": ""xstore.c"", ""line"": 113, ""text"": ""FIXME( \""iface %p, storeContextHandle %p, productKinds %#x, maxItemsToRetrievePerPage, %u, async %p stub!\\n\"", iface, storeContextHandle, productKinds, maxItemsToRetrievePerPage, async );""}, {""kind"": ""E_NOTIMPL"", ""file"": ""xstore.c"", ""line"": 114, ""text"": ""return E_NOTIMPL;""}]",False,https://learn.microsoft.com/gaming/gdk/docs/reference/system/xstore/functions/xstorequeryentitledproductsasync,False,[],"[{""number"": 11, ""title"": ""GDK Integration Progress."", ""url"": ""https://github.com/xodus-gaming/xgameruntime/issues/11""}, {""number"": 14, ""title"": ""XStore Implementation"", ""url"": ""https://github.com/xodus-gaming/xgameruntime/issues/14""}]",interface_method
2,820,XStore,xstore.idl,IXStoreImpl,0dd112ac-7c24-448c-b92b-3960fb5bd30c,1,IUnknown,10,XStoreQueryEntitledProductsResult,"HRESULT XStoreQueryEntitledProductsResult([in, out] XAsyncBlock * async, [out] XStoreProductQueryHandle * productQueryHandle)",HRESULT,"[{""name"": ""async"", ""type"": ""XAsyncBlock *"", ""ctype"": ""XAsyncBlock *"", ""attributes"": [""in"", ""out""], ""in_param"": true, ""out_param"": true, ""optional"": false, ""string"": false, ""size_is"": null, ""length_is"": null, ""array"": null, ""sensitive"": false}, {""name"": ""productQueryHandle"", ""type"": ""XStoreProductQueryHandle *"", ""ctype"": ""XStoreProductQueryHandle *"", ""attributes"": [""out""], ""in_param"": false, ""out_param"": true, ""optional"": false, ""string"": false, ""size_is"": null, ""length_is"": null, ""array"": null, ""sensitive"": false}]",[],stubbed_or_incomplete,"[{""kind"": ""FIXME"", ""file"": ""xstore.c"", ""line"": 119, ""text"": ""FIXME( \""iface %p, async %p, productQueryHandle %p stub!\\n\"", iface, async, productQueryHandle );""}, {""kind"": ""stub"", ""file"": ""xstore.c"", ""line"": 119, ""text"": ""FIXME( \""iface %p, async %p, productQueryHandle %p stub!\\n\"", iface, async, productQueryHandle );""}, {""kind"": ""E_NOTIMPL"", ""file"": ""xstore.c"", ""line"": 120, ""text"": ""return E_NOTIMPL;""}]",False,https://learn.microsoft.com/gaming/gdk/docs/reference/system/xstore/functions/xstorequeryentitledproductsresult,False,[],"[{""number"": 11, ""title"": ""GDK Integration Progress."", ""url"": ""https://github.com/xodus-gaming/xgameruntime/issues/11""}, {""number"": 14, ""title"": ""XStore Implementation"", ""url"": ""https://github.com/xodus-gaming/xgameruntime/issues/14""}]",interface_method
2,820,XStore,xstore.idl,IXStoreImpl,0dd112ac-7c24-448c-b92b-3960fb5bd30c,1,IUnknown,11,XStoreQueryProductForCurrentGameAsync,"HRESULT XStoreQueryProductForCurrentGameAsync([in] const XStoreContextHandle storeContextHandle, [in, out] XAsyncBlock * async)",HRESULT,"[{""name"": ""storeContextHandle"", ""type"": ""const XStoreContextHandle"", ""ctype"": ""const XStoreContextHandle"", ""attributes"": [""in""], ""in_param"": true, ""out_param"": false, ""optional"": false, ""string"": false, ""size_is"": null, ""length_is"": null, ""array"": null, ""sensitive"": false}, {""name"": ""async"", ""type"": ""XAsyncBlock *"", ""ctype"": ""XAsyncBlock *"", ""attributes"": [""in"", ""out""], ""in_param"": true, ""out_param"": true, ""optional"": false, ""string"": false, ""size_is"": null, ""length_is"": null, ""array"": null, ""sensitive"": false}]",[],stubbed_or_incomplete,"[{""kind"": ""FIXME"", ""file"": ""xstore.c"", ""line"": 125, ""text"": ""FIXME( \""iface %p, storeContextHandle %p, async %p stub!\\n\"", iface, storeContextHandle, async );""}, {""kind"": ""stub"", ""file"": ""xstore.c"", ""line"": 125, ""text"": ""FIXME( \""iface %p, storeContextHandle %p, async %p stub!\\n\"", iface, storeContextHandle, async );""}, {""kind"": ""E_NOTIMPL"", ""file"": ""xstore.c"", ""line"": 126, ""text"": ""return E_NOTIMPL;""}]",False,https://learn.microsoft.com/gaming/gdk/docs/reference/system/xstore/functions/xstorequeryproductforcurrentgameasync,False,[],"[{""number"": 11, ""title"": ""GDK Integration Progress."", ""url"": ""https://github.com/xodus-gaming/xgameruntime/issues/11""}, {""number"": 14, ""title"": ""XStore Implementation"", ""url"": ""https://github.com/xodus-gaming/xgameruntime/issues/14""}]",interface_method
2,820,XStore,xstore.idl,IXStoreImpl,0dd112ac-7c24-448c-b92b-3960fb5bd30c,1,IUnknown,12,XStoreQueryProductForCurrentGameResult,"HRESULT XStoreQueryProductForCurrentGameResult([in, out] XAsyncBlock * async, [out] XStoreProductQueryHandle * productQueryHandle)",HRESULT,"[{""name"": ""async"", ""type"": ""XAsyncBlock *"", ""ctype"": ""XAsyncBlock *"", ""attributes"": [""in"", ""out""], ""in_param"": true, ""out_param"": true, ""optional"": false, ""string"": false, ""size_is"": null, ""length_is"": null, ""array"": null, ""sensitive"": false}, {""name"": ""productQueryHandle"", ""type"": ""XStoreProductQueryHandle *"", ""ctype"": ""XStoreProductQueryHandle *"", ""attributes"": [""out""], ""in_param"": false, ""out_param"": true, ""optional"": false, ""string"": false, ""size_is"": null, ""length_is"": null, ""array"": null, ""sensitive"": false}]",[],stubbed_or_incomplete,"[{""kind"": ""FIXME"", ""file"": ""xstore.c"", ""line"": 131, ""text"": ""FIXME( \""iface %p, async %p, productQueryHandle %p stub!\\n\"", iface, async, productQueryHandle );""}, {""kind"": ""stub"", ""file"": ""xstore.c"", ""line"": 131, ""text"": ""FIXME( \""iface %p, async %p, productQueryHandle %p stub!\\n\"", iface, async, productQueryHandle );""}, {""kind"": ""E_NOTIMPL"", ""file"": ""xstore.c"", ""line"": 132, ""text"": ""return E_NOTIMPL;""}]",False,https://learn.microsoft.com/gaming/gdk/docs/reference/system/xstore/functions/xstorequeryproductforcurrentgameresult,False,[],"[{""number"": 11, ""title"": ""GDK Integration Progress."", ""url"": ""https://github.com/xodus-gaming/xgameruntime/issues/11""}, {""number"": 14, ""title"": ""XStore Implementation"", ""url"": ""https://github.com/xodus-gaming/xgameruntime/issues/14""}]",interface_method
2,820,XStore,xstore.idl,IXStoreImpl,0dd112ac-7c24-448c-b92b-3960fb5bd30c,1,IUnknown,13,XStoreQueryProductForPackageAsync,"HRESULT XStoreQueryProductForPackageAsync([in] const XStoreContextHandle storeContextHandle, [in] XStoreProductKind productKinds, [in, string] const char * packageIdentifier, [in, out] XAsyncBlock * async)",HRESULT,"[{""name"": ""storeContextHandle"", ""type"": ""const XStoreContextHandle"", ""ctype"": ""const XStoreContextHandle"", ""attributes"": [""in""], ""in_param"": true, ""out_param"": false, ""optional"": false, ""string"": false, ""size_is"": null, ""length_is"": null, ""array"": null, ""sensitive"": false}, {""name"": ""productKinds"", ""type"": ""XStoreProductKind"", ""ctype"": ""XStoreProductKind"", ""attributes"": [""in""], ""in_param"": true, ""out_param"": false, ""optional"": false, ""string"": false, ""size_is"": null, ""length_is"": null, ""array"": null, ""sensitive"": false}, {""name"": ""packageIdentifier"", ""type"": ""const char *"", ""ctype"": ""const char *"", ""attributes"": [""in"", ""string""], ""in_param"": true, ""out_param"": false, ""optional"": false, ""string"": true, ""size_is"": null, ""length_is"": null, ""array"": null, ""sensitive"": false}, {""name"": ""async"", ""type"": ""XAsyncBlock *"", ""ctype"": ""XAsyncBlock *"", ""attributes"": [""in"", ""out""], ""in_param"": true, ""out_param"": true, ""optional"": false, ""string"": false, ""size_is"": null, ""length_is"": null, ""array"": null, ""sensitive"": false}]",[],stubbed_or_incomplete,"[{""kind"": ""FIXME"", ""file"": ""xstore.c"", ""line"": 137, ""text"": ""FIXME( \""iface %p, storeContextHandle %p, productKinds %#x, packageIdentifier %s, async %p stub!\\n\"", iface, storeContextHandle, productKinds, debugstr_a( packageIdentifier ), async );""}, {""kind"": ""stub"", ""file"": ""xstore.c"", ""line"": 137, ""text"": ""FIXME( \""iface %p, storeContextHandle %p, productKinds %#x, packageIdentifier %s, async %p stub!\\n\"", iface, storeContextHandle, productKinds, debugstr_a( packageIdentifier ), async );""}, {""kind"": ""E_NOTIMPL"", ""file"": ""xstore.c"", ""line"": 138, ""text"": ""return E_NOTIMPL;""}]",False,https://learn.microsoft.com/gaming/gdk/docs/reference/system/xstore/functions/xstorequeryproductforpackageasync,False,[],"[{""number"": 11, ""title"": ""GDK Integration Progress."", ""url"": ""https://github.com/xodus-gaming/xgameruntime/issues/11""}, {""number"": 14, ""title"": ""XStore Implementation"", ""url"": ""https://github.com/xodus-gaming/xgameruntime/issues/14""}]",interface_method
2,820,XStore,xstore.idl,IXStoreImpl,0dd112ac-7c24-448c-b92b-3960fb5bd30c,1,IUnknown,14,XStoreQueryProductForPackageResult,"HRESULT XStoreQueryProductForPackageResult([in, out] XAsyncBlock * async, [out] XStoreProductQueryHandle * productQueryHandle)",HRESULT,"[{""name"": ""async"", ""type"": ""XAsyncBlock *"", ""ctype"": ""XAsyncBlock *"", ""attributes"": [""in"", ""out""], ""in_param"": true, ""out_param"": true, ""optional"": false, ""string"": false, ""size_is"": null, ""length_is"": null, ""array"": null, ""sensitive"": false}, {""name"": ""productQueryHandle"", ""type"": ""XStoreProductQueryHandle *"", ""ctype"": ""XStoreProductQueryHandle *"", ""attributes"": [""out""], ""in_param"": false, ""out_param"": true, ""optional"": false, ""string"": false, ""size_is"": null, ""length_is"": null, ""array"": null, ""sensitive"": false}]",[],stubbed_or_incomplete,"[{""kind"": ""FIXME"", ""file"": ""xstore.c"", ""line"": 143, ""text"": ""FIXME( \""iface %p, async %p, productQueryHandle %p stub!\\n\"", iface, async, productQueryHandle );""}, {""kind"": ""stub"", ""file"": ""xstore.c"", ""line"": 143, ""text"": ""FIXME( \""iface %p, async %p, productQueryHandle %p stub!\\n\"", iface, async, productQueryHandle );""}, {""kind"": ""E_NOTIMPL"", ""file"": ""xstore.c"", ""line"": 144, ""text"": ""return E_NOTIMPL;""}]",False,https://learn.microsoft.com/gaming/gdk/docs/reference/system/xstore/functions/xstorequeryproductforpackageresult,False,[],"[{""number"": 11, ""title"": ""GDK Integration Progress."", ""url"": ""https://github.com/xodus-gaming/xgameruntime/issues/11""}, {""number"": 14, ""title"": ""XStore Implementation"", ""url"": ""https://github.com/xodus-gaming/xgameruntime/issues/14""}]",interface_method
2,820,XStore,xstore.idl,IXStoreImpl,0dd112ac-7c24-448c-b92b-3960fb5bd30c,1,IUnknown,15,XStoreEnumerateProductsQuery,"HRESULT XStoreEnumerateProductsQuery([in] const XStoreProductQueryHandle productQueryHandle, [in, optional] void * context, [in] XStoreProductQueryCallback * callback)",HRESULT,"[{""name"": ""productQueryHandle"", ""type"": ""const XStoreProductQueryHandle"", ""ctype"": ""const XStoreProductQueryHandle"", ""attributes"": [""in""], ""in_param"": true, ""out_param"": false, ""optional"": false, ""string"": false, ""size_is"": null, ""length_is"": null, ""array"": null, ""sensitive"": false}, {""name"": ""context"", ""type"": ""void *"", ""ctype"": ""void *"", ""attributes"": [""in"", ""optional""], ""in_param"": true, ""out_param"": false, ""optional"": true, ""string"": false, ""size_is"": null, ""length_is"": null, ""array"": null, ""sensitive"": false}, {""name"": ""callback"", ""type"": ""XStoreProductQueryCallback *"", ""ctype"": ""XStoreProductQueryCallback *"", ""attributes"": [""in""], ""in_param"": true, ""out_param"": false, ""optional"": false, ""string"": false, ""size_is"": null, ""length_is"": null, ""array"": null, ""sensitive"": false}]",[],stubbed_or_incomplete,"[{""kind"": ""FIXME"", ""file"": ""xstore.c"", ""line"": 149, ""text"": ""FIXME( \""iface %p, productQueryHandle %p, context %p, callback %p stub!\\n\"", iface, productQueryHandle, context, callback );""}, {""kind"": ""stub"", ""file"": ""xstore.c"", ""line"": 149, ""text"": ""FIXME( \""iface %p, productQueryHandle %p, context %p, callback %p stub!\\n\"", iface, productQueryHandle, context, callback );""}, {""kind"": ""E_NOTIMPL"", ""file"": ""xstore.c"", ""line"": 150, ""text"": ""return E_NOTIMPL;""}]",False,https://learn.microsoft.com/gaming/gdk/docs/reference/system/xstore/functions/xstoreenumerateproductsquery,False,[],"[{""number"": 11, ""title"": ""GDK Integration Progress."", ""url"": ""https://github.com/xodus-gaming/xgameruntime/issues/11""}, {""number"": 14, ""title"": ""XStore Implementation"", ""url"": ""https://github.com/xodus-gaming/xgameruntime/issues/14""}]",interface_method
2,820,XStore,xstore.idl,IXStoreImpl,0dd112ac-7c24-448c-b92b-3960fb5bd30c,1,IUnknown,16,XStoreProductsQueryHasMorePages,BOOLEAN XStoreProductsQueryHasMorePages([in] const XStoreProductQueryHandle productQueryHandle),BOOLEAN,"[{""name"": ""productQueryHandle"", ""type"": ""const XStoreProductQueryHandle"", ""ctype"": ""const XStoreProductQueryHandle"", ""attributes"": [""in""], ""in_param"": true, ""out_param"": false, ""optional"": false, ""string"": false, ""size_is"": null, ""length_is"": null, ""array"": null, ""sensitive"": false}]",[],stubbed_or_incomplete,"[{""kind"": ""FIXME"", ""file"": ""xstore.c"", ""line"": 155, ""text"": ""FIXME( \""iface %p, productQueryHandle %p stub!\\n\"", iface, productQueryHandle );""}, {""kind"": ""stub"", ""file"": ""xstore.c"", ""line"": 155, ""text"": ""FIXME( \""iface %p, productQueryHandle %p stub!\\n\"", iface, productQueryHandle );""}]",False,https://learn.microsoft.com/gaming/gdk/docs/reference/system/xstore/functions/xstoreproductsqueryhasmorepages,False,[],"[{""number"": 11, ""title"": ""GDK Integration Progress."", ""url"": ""https://github.com/xodus-gaming/xgameruntime/issues/11""}, {""number"": 14, ""title"": ""XStore Implementation"", ""url"": ""https://github.com/xodus-gaming/xgameruntime/issues/14""}]",interface_method
2,820,XStore,xstore.idl,IXStoreImpl,0dd112ac-7c24-448c-b92b-3960fb5bd30c,1,IUnknown,17,XStoreProductsQueryNextPageAsync,"HRESULT XStoreProductsQueryNextPageAsync([in] const XStoreProductQueryHandle productQueryHandle, [in, out] XAsyncBlock * async)",HRESULT,"[{""name"": ""productQueryHandle"", ""type"": ""const XStoreProductQueryHandle"", ""ctype"": ""const XStoreProductQueryHandle"", ""attributes"": [""in""], ""in_param"": true, ""out_param"": false, ""optional"": false, ""string"": false, ""size_is"": null, ""length_is"": null, ""array"": null, ""sensitive"": false}, {""name"": ""async"", ""type"": ""XAsyncBlock *"", ""ctype"": ""XAsyncBlock *"", ""attributes"": [""in"", ""out""], ""in_param"": true, ""out_param"": true, ""optional"": false, ""string"": false, ""size_is"": null, ""length_is"": null, ""array"": null, ""sensitive"": false}]",[],stubbed_or_incomplete,"[{""kind"": ""FIXME"", ""file"": ""xstore.c"", ""line"": 161, ""text"": ""FIXME( \""iface %p, productQueryHandle %p, async %p stub!\\n\"", iface, productQueryHandle, async );""}, {""kind"": ""stub"", ""file"": ""xstore.c"", ""line"": 161, ""text"": ""FIXME( \""iface %p, productQueryHandle %p, async %p stub!\\n\"", iface, productQueryHandle, async );""}, {""kind"": ""E_NOTIMPL"", ""file"": ""xstore.c"", ""line"": 162, ""text"": ""return E_NOTIMPL;""}]",False,https://learn.microsoft.com/gaming/gdk/docs/reference/system/xstore/functions/xstoreproductsquerynextpageasync,False,[],"[{""number"": 11, ""title"": ""GDK Integration Progress."", ""url"": ""https://github.com/xodus-gaming/xgameruntime/issues/11""}, {""number"": 14, ""title"": ""XStore Implementation"", ""url"": ""https://github.com/xodus-gaming/xgameruntime/issues/14""}]",interface_method
2,820,XStore,xstore.idl,IXStoreImpl,0dd112ac-7c24-448c-b92b-3960fb5bd30c,1,IUnknown,18,XStoreProductsQueryNextPageResult,"HRESULT XStoreProductsQueryNextPageResult([in, out] XAsyncBlock * async, [out] XStoreProductQueryHandle * productQueryHandle)",HRESULT,"[{""name"": ""async"", ""type"": ""XAsyncBlock *"", ""ctype"": ""XAsyncBlock *"", ""attributes"": [""in"", ""out""], ""in_param"": true, ""out_param"": true, ""optional"": false, ""string"": false, ""size_is"": null, ""length_is"": null, ""array"": null, ""sensitive"": false}, {""name"": ""productQueryHandle"", ""type"": ""XStoreProductQueryHandle *"", ""ctype"": ""XStoreProductQueryHandle *"", ""attributes"": [""out""], ""in_param"": false, ""out_param"": true, ""optional"": false, ""string"": false, ""size_is"": null, ""length_is"": null, ""array"": null, ""sensitive"": false}]",[],stubbed_or_incomplete,"[{""kind"": ""FIXME"", ""file"": ""xstore.c"", ""line"": 167, ""text"": ""FIXME( \""iface %p, async %p, productQueryHandle %p stub!\\n\"", iface, async, productQueryHandle );""}, {""kind"": ""stub"", ""file"": ""xstore.c"", ""line"": 167, ""text"": ""FIXME( \""iface %p, async %p, productQueryHandle %p stub!\\n\"", iface, async, productQueryHandle );""}, {""kind"": ""E_NOTIMPL"", ""file"": ""xstore.c"", ""line"": 168, ""text"": ""return E_NOTIMPL;""}]",False,https://learn.microsoft.com/gaming/gdk/docs/reference/system/xstore/functions/xstoreproductsquerynextpageresult,False,[],"[{""number"": 11, ""title"": ""GDK Integration Progress."", ""url"": ""https://github.com/xodus-gaming/xgameruntime/issues/11""}, {""number"": 14, ""title"": ""XStore Implementation"", ""url"": ""https://github.com/xodus-gaming/xgameruntime/issues/14""}]",interface_method
2,820,XStore,xstore.idl,IXStoreImpl,0dd112ac-7c24-448c-b92b-3960fb5bd30c,1,IUnknown,19,XStoreCloseProductsQueryHandle,void XStoreCloseProductsQueryHandle([in] XStoreProductQueryHandle productQueryHandle),void,"[{""name"": ""productQueryHandle"", ""type"": ""XStoreProductQueryHandle"", ""ctype"": ""XStoreProductQueryHandle"", ""attributes"": [""in""], ""in_param"": true, ""out_param"": false, ""optional"": false, ""string"": false, ""size_is"": null, ""length_is"": null, ""array"": null, ""sensitive"": false}]",[],stubbed_or_incomplete,"[{""kind"": ""FIXME"", ""file"": ""xstore.c"", ""line"": 173, ""text"": ""FIXME( \""iface %p, productQueryHandle %p stub!\\n\"", iface, productQueryHandle );""}, {""kind"": ""stub"", ""file"": ""xstore.c"", ""line"": 173, ""text"": ""FIXME( \""iface %p, productQueryHandle %p stub!\\n\"", iface, productQueryHandle );""}]",False,https://learn.microsoft.com/gaming/gdk/docs/reference/system/xstore/functions/xstorecloseproductsqueryhandle,False,[],"[{""number"": 11, ""title"": ""GDK Integration Progress."", ""url"": ""https://github.com/xodus-gaming/xgameruntime/issues/11""}, {""number"": 14, ""title"": ""XStore Implementation"", ""url"": ""https://github.com/xodus-gaming/xgameruntime/issues/14""}]",interface_method
2,820,XStore,xstore.idl,IXStoreImpl,0dd112ac-7c24-448c-b92b-3960fb5bd30c,1,IUnknown,20,XStoreAcquireLicenseForPackageAsync,"HRESULT XStoreAcquireLicenseForPackageAsync([in] const XStoreProductQueryHandle productQueryHandle, [in, string] const char * packageIdentifier, [in, out] XAsyncBlock * async)",HRESULT,"[{""name"": ""productQueryHandle"", ""type"": ""const XStoreProductQueryHandle"", ""ctype"": ""const XStoreProductQueryHandle"", ""attributes"": [""in""], ""in_param"": true, ""out_param"": false, ""optional"": false, ""string"": false, ""size_is"": null, ""length_is"": null, ""array"": null, ""sensitive"": false}, {""name"": ""packageIdentifier"", ""type"": ""const char *"", ""ctype"": ""const char *"", ""attributes"": [""in"", ""string""], ""in_param"": true, ""out_param"": false, ""optional"": false, ""string"": true, ""size_is"": null, ""length_is"": null, ""array"": null, ""sensitive"": false}, {""name"": ""async"", ""type"": ""XAsyncBlock *"", ""ctype"": ""XAsyncBlock *"", ""attributes"": [""in"", ""out""], ""in_param"": true, ""out_param"": true, ""optional"": false, ""string"": false, ""size_is"": null, ""length_is"": null, ""array"": null, ""sensitive"": false}]",[],stubbed_or_incomplete,"[{""kind"": ""FIXME"", ""file"": ""xstore.c"", ""line"": 178, ""text"": ""FIXME( \""iface %p, productQueryHandle %p, packageIdentifier %s, async %p stub!\\n\"", iface, productQueryHandle, debugstr_a( packageIdentifier ), async );""}, {""kind"": ""stub"", ""file"": ""xstore.c"", ""line"": 178, ""text"": ""FIXME( \""iface %p, productQueryHandle %p, packageIdentifier %s, async %p stub!\\n\"", iface, productQueryHandle, debugstr_a( packageIdentifier ), async );""}, {""kind"": ""E_NOTIMPL"", ""file"": ""xstore.c"", ""line"": 179, ""text"": ""return E_NOTIMPL;""}]",False,https://learn.microsoft.com/gaming/gdk/docs/reference/system/xstore/functions/xstoreacquirelicenseforpackageasync,False,[],"[{""number"": 11, ""title"": ""GDK Integration Progress."", ""url"": ""https://github.com/xodus-gaming/xgameruntime/issues/11""}, {""number"": 14, ""title"": ""XStore Implementation"", ""url"": ""https://github.com/xodus-gaming/xgameruntime/issues/14""}]",interface_method
2,820,XStore,xstore.idl,IXStoreImpl,0dd112ac-7c24-448c-b92b-3960fb5bd30c,1,IUnknown,21,XStoreAcquireLicenseForPackageResult,"HRESULT XStoreAcquireLicenseForPackageResult([in, out] XAsyncBlock * async, [out] XStoreLicenseHandle * storeLicenseHandle)",HRESULT,"[{""name"": ""async"", ""type"": ""XAsyncBlock *"", ""ctype"": ""XAsyncBlock *"", ""attributes"": [""in"", ""out""], ""in_param"": true, ""out_param"": true, ""optional"": false, ""string"": false, ""size_is"": null, ""length_is"": null, ""array"": null, ""sensitive"": false}, {""name"": ""storeLicenseHandle"", ""type"": ""XStoreLicenseHandle *"", ""ctype"": ""XStoreLicenseHandle *"", ""attributes"": [""out""], ""in_param"": false, ""out_param"": true, ""optional"": false, ""string"": false, ""size_is"": null, ""length_is"": null, ""array"": null, ""sensitive"": false}]",[],stubbed_or_incomplete,"[{""kind"": ""FIXME"", ""file"": ""xstore.c"", ""line"": 184, ""text"": ""FIXME( \""iface %p, async %p, storeLicenseHandle %p stub!\\n\"", iface, async, storeLicenseHandle );""}, {""kind"": ""stub"", ""file"": ""xstore.c"", ""line"": 184, ""text"": ""FIXME( \""iface %p, async %p, storeLicenseHandle %p stub!\\n\"", iface, async, storeLicenseHandle );""}, {""kind"": ""E_NOTIMPL"", ""file"": ""xstore.c"", ""line"": 185, ""text"": ""return E_NOTIMPL;""}]",False,https://learn.microsoft.com/gaming/gdk/docs/reference/system/xstore/functions/xstoreacquirelicenseforpackageresult,False,[],"[{""number"": 11, ""title"": ""GDK Integration Progress."", ""url"": ""https://github.com/xodus-gaming/xgameruntime/issues/11""}, {""number"": 14, ""title"": ""XStore Implementation"", ""url"": ""https://github.com/xodus-gaming/xgameruntime/issues/14""}]",interface_method
2,820,XStore,xstore.idl,IXStoreImpl,0dd112ac-7c24-448c-b92b-3960fb5bd30c,1,IUnknown,22,XStoreIsLicenseValid,BOOLEAN XStoreIsLicenseValid([in] const XStoreLicenseHandle storeLicenseHandle),BOOLEAN,"[{""name"": ""storeLicenseHandle"", ""type"": ""const XStoreLicenseHandle"", ""ctype"": ""const XStoreLicenseHandle"", ""attributes"": [""in""], ""in_param"": true, ""out_param"": false, ""optional"": false, ""string"": false, ""size_is"": null, ""length_is"": null, ""array"": null, ""sensitive"": false}]",[],stubbed_or_incomplete,"[{""kind"": ""FIXME"", ""file"": ""xstore.c"", ""line"": 190, ""text"": ""FIXME( \""iface %p, storeLicenseHandle %p stub!\\n\"", iface, storeLicenseHandle );""}, {""kind"": ""stub"", ""file"": ""xstore.c"", ""line"": 190, ""text"": ""FIXME( \""iface %p, storeLicenseHandle %p stub!\\n\"", iface, storeLicenseHandle );""}]",False,https://learn.microsoft.com/gaming/gdk/docs/reference/system/xstore/functions/xstoreislicensevalid,False,[],"[{""number"": 11, ""title"": ""GDK Integration Progress."", ""url"": ""https://github.com/xodus-gaming/xgameruntime/issues/11""}, {""number"": 14, ""title"": ""XStore Implementation"", ""url"": ""https://github.com/xodus-gaming/xgameruntime/issues/14""}]",interface_method
2,820,XStore,xstore.idl,IXStoreImpl,0dd112ac-7c24-448c-b92b-3960fb5bd30c,1,IUnknown,23,XStoreCloseLicenseHandle,void XStoreCloseLicenseHandle([in] XStoreLicenseHandle storeLicenseHandle),void,"[{""name"": ""storeLicenseHandle"", ""type"": ""XStoreLicenseHandle"", ""ctype"": ""XStoreLicenseHandle"", ""attributes"": [""in""], ""in_param"": true, ""out_param"": false, ""optional"": false, ""string"": false, ""size_is"": null, ""length_is"": null, ""array"": null, ""sensitive"": false}]",[],stubbed_or_incomplete,"[{""kind"": ""FIXME"", ""file"": ""xstore.c"", ""line"": 196, ""text"": ""FIXME( \""iface %p, storeLicenseHandle %p stub!\\n\"", iface, storeLicenseHandle );""}, {""kind"": ""stub"", ""file"": ""xstore.c"", ""line"": 196, ""text"": ""FIXME( \""iface %p, storeLicenseHandle %p stub!\\n\"", iface, storeLicenseHandle );""}]",False,https://learn.microsoft.com/gaming/gdk/docs/reference/system/xstore/functions/xstorecloselicensehandle,False,[],"[{""number"": 11, ""title"": ""GDK Integration Progress."", ""url"": ""https://github.com/xodus-gaming/xgameruntime/issues/11""}, {""number"": 14, ""title"": ""XStore Implementation"", ""url"": ""https://github.com/xodus-gaming/xgameruntime/issues/14""}]",interface_method
2,820,XStore,xstore.idl,IXStoreImpl,0dd112ac-7c24-448c-b92b-3960fb5bd30c,1,IUnknown,24,XStoreCanAcquireLicenseForStoreIdAsync,"HRESULT XStoreCanAcquireLicenseForStoreIdAsync([in] const XStoreContextHandle storeContextHandle, [in, string] const char * storeProductId, [in, out] XAsyncBlock * async)",HRESULT,"[{""name"": ""storeContextHandle"", ""type"": ""const XStoreContextHandle"", ""ctype"": ""const XStoreContextHandle"", ""attributes"": [""in""], ""in_param"": true, ""out_param"": false, ""optional"": false, ""string"": false, ""size_is"": null, ""length_is"": null, ""array"": null, ""sensitive"": false}, {""name"": ""storeProductId"", ""type"": ""const char *"", ""ctype"": ""const char *"", ""attributes"": [""in"", ""string""], ""in_param"": true, ""out_param"": false, ""optional"": false, ""string"": true, ""size_is"": null, ""length_is"": null, ""array"": null, ""sensitive"": false}, {""name"": ""async"", ""type"": ""XAsyncBlock *"", ""ctype"": ""XAsyncBlock *"", ""attributes"": [""in"", ""out""], ""in_param"": true, ""out_param"": true, ""optional"": false, ""string"": false, ""size_is"": null, ""length_is"": null, ""array"": null, ""sensitive"": false}]",[],stubbed_or_incomplete,"[{""kind"": ""FIXME"", ""file"": ""xstore.c"", ""line"": 201, ""text"": ""FIXME( \""iface %p, storeContextHandle %p, storeProductId %s, async %p stub!\\n\"", iface, storeContextHandle, debugstr_a( storeProductId ), async );""}, {""kind"": ""stub"", ""file"": ""xstore.c"", ""line"": 201, ""text"": ""FIXME( \""iface %p, storeContextHandle %p, storeProductId %s, async %p stub!\\n\"", iface, storeContextHandle, debugstr_a( storeProductId ), async );""}, {""kind"": ""E_NOTIMPL"", ""file"": ""xstore.c"", ""line"": 202, ""text"": ""return E_NOTIMPL;""}]",False,https://learn.microsoft.com/gaming/gdk/docs/reference/system/xstore/functions/xstorecanacquirelicenseforstoreidasync,False,[],"[{""number"": 11, ""title"": ""GDK Integration Progress."", ""url"": ""https://github.com/xodus-gaming/xgameruntime/issues/11""}, {""number"": 14, ""title"": ""XStore Implementation"", ""url"": ""https://github.com/xodus-gaming/xgameruntime/issues/14""}]",interface_method
2,820,XStore,xstore.idl,IXStoreImpl,0dd112ac-7c24-448c-b92b-3960fb5bd30c,1,IUnknown,25,XStoreCanAcquireLicenseForStoreIdResult,"HRESULT XStoreCanAcquireLicenseForStoreIdResult([in, out] XAsyncBlock * async, [out] XStoreCanAcquireLicenseResult * storeCanAcquireLicense)",HRESULT,"[{""name"": ""async"", ""type"": ""XAsyncBlock *"", ""ctype"": ""XAsyncBlock *"", ""attributes"": [""in"", ""out""], ""in_param"": true, ""out_param"": true, ""optional"": false, ""string"": false, ""size_is"": null, ""length_is"": null, ""array"": null, ""sensitive"": false}, {""name"": ""storeCanAcquireLicense"", ""type"": ""XStoreCanAcquireLicenseResult *"", ""ctype"": ""XStoreCanAcquireLicenseResult *"", ""attributes"": [""out""], ""in_param"": false, ""out_param"": true, ""optional"": false, ""string"": false, ""size_is"": null, ""length_is"": null, ""array"": null, ""sensitive"": false}]",[],stubbed_or_incomplete,"[{""kind"": ""FIXME"", ""file"": ""xstore.c"", ""line"": 207, ""text"": ""FIXME( \""iface %p, async %p, storeCanAcquireLicense %p stub!\\n\"", iface, async, storeCanAcquireLicense );""}, {""kind"": ""stub"", ""file"": ""xstore.c"", ""line"": 207, ""text"": ""FIXME( \""iface %p, async %p, storeCanAcquireLicense %p stub!\\n\"", iface, async, storeCanAcquireLicense );""}, {""kind"": ""E_NOTIMPL"", ""file"": ""xstore.c"", ""line"": 208, ""text"": ""return E_NOTIMPL;""}]",False,https://learn.microsoft.com/gaming/gdk/docs/reference/system/xstore/functions/xstorecanacquirelicenseforstoreidresult,False,[],"[{""number"": 11, ""title"": ""GDK Integration Progress."", ""url"": ""https://github.com/xodus-gaming/xgameruntime/issues/11""}, {""number"": 14, ""title"": ""XStore Implementation"", ""url"": ""https://github.com/xodus-gaming/xgameruntime/issues/14""}]",interface_method
2,820,XStore,xstore.idl,IXStoreImpl,0dd112ac-7c24-448c-b92b-3960fb5bd30c,1,IUnknown,26,XStoreCanAcquireLicenseForPackageAsync,"HRESULT XStoreCanAcquireLicenseForPackageAsync([in] const XStoreContextHandle storeContextHandle, [in, string] const char * packageIdentifier, [in, out] XAsyncBlock * async)",HRESULT,"[{""name"": ""storeContextHandle"", ""type"": ""const XStoreContextHandle"", ""ctype"": ""const XStoreContextHandle"", ""attributes"": [""in""], ""in_param"": true, ""out_param"": false, ""optional"": false, ""string"": false, ""size_is"": null, ""length_is"": null, ""array"": null, ""sensitive"": false}, {""name"": ""packageIdentifier"", ""type"": ""const char *"", ""ctype"": ""const char *"", ""attributes"": [""in"", ""string""], ""in_param"": true, ""out_param"": false, ""optional"": false, ""string"": true, ""size_is"": null, ""length_is"": null, ""array"": null, ""sensitive"": false}, {""name"": ""async"", ""type"": ""XAsyncBlock *"", ""ctype"": ""XAsyncBlock *"", ""attributes"": [""in"", ""out""], ""in_param"": true, ""out_param"": true, ""optional"": false, ""string"": false, ""size_is"": null, ""length_is"": null, ""array"": null, ""sensitive"": false}]",[],stubbed_or_incomplete,"[{""kind"": ""FIXME"", ""file"": ""xstore.c"", ""line"": 213, ""text"": ""FIXME( \""iface %p, storeContextHandle %p, packageIdentifier %s, async %p stub!\\n\"", iface, storeContextHandle, debugstr_a( packageIdentifier ), async );""}, {""kind"": ""stub"", ""file"": ""xstore.c"", ""line"": 213, ""text"": ""FIXME( \""iface %p, storeContextHandle %p, packageIdentifier %s, async %p stub!\\n\"", iface, storeContextHandle, debugstr_a( packageIdentifier ), async );""}, {""kind"": ""E_NOTIMPL"", ""file"": ""xstore.c"", ""line"": 214, ""text"": ""return E_NOTIMPL;""}]",False,https://learn.microsoft.com/gaming/gdk/docs/reference/system/xstore/functions/xstorecanacquirelicenseforpackageasync,False,[],"[{""number"": 11, ""title"": ""GDK Integration Progress."", ""url"": ""https://github.com/xodus-gaming/xgameruntime/issues/11""}, {""number"": 14, ""title"": ""XStore Implementation"", ""url"": ""https://github.com/xodus-gaming/xgameruntime/issues/14""}]",interface_method
2,820,XStore,xstore.idl,IXStoreImpl,0dd112ac-7c24-448c-b92b-3960fb5bd30c,1,IUnknown,27,XStoreCanAcquireLicenseForPackageResult,"HRESULT XStoreCanAcquireLicenseForPackageResult([in, out] XAsyncBlock * async, [out] XStoreCanAcquireLicenseResult * storeCanAcquireLicense)",HRESULT,"[{""name"": ""async"", ""type"": ""XAsyncBlock *"", ""ctype"": ""XAsyncBlock *"", ""attributes"": [""in"", ""out""], ""in_param"": true, ""out_param"": true, ""optional"": false, ""string"": false, ""size_is"": null, ""length_is"": null, ""array"": null, ""sensitive"": false}, {""name"": ""storeCanAcquireLicense"", ""type"": ""XStoreCanAcquireLicenseResult *"", ""ctype"": ""XStoreCanAcquireLicenseResult *"", ""attributes"": [""out""], ""in_param"": false, ""out_param"": true, ""optional"": false, ""string"": false, ""size_is"": null, ""length_is"": null, ""array"": null, ""sensitive"": false}]",[],stubbed_or_incomplete,"[{""kind"": ""FIXME"", ""file"": ""xstore.c"", ""line"": 219, ""text"": ""FIXME( \""iface %p, async %p, storeCanAcquireLicense %p stub!\\n\"", iface, async, storeCanAcquireLicense );""}, {""kind"": ""stub"", ""file"": ""xstore.c"", ""line"": 219, ""text"": ""FIXME( \""iface %p, async %p, storeCanAcquireLicense %p stub!\\n\"", iface, async, storeCanAcquireLicense );""}, {""kind"": ""E_NOTIMPL"", ""file"": ""xstore.c"", ""line"": 220, ""text"": ""return E_NOTIMPL;""}]",False,https://learn.microsoft.com/gaming/gdk/docs/reference/system/xstore/functions/xstorecanacquirelicenseforpackageresult,False,[],"[{""number"": 11, ""title"": ""GDK Integration Progress."", ""url"": ""https://github.com/xodus-gaming/xgameruntime/issues/11""}, {""number"": 14, ""title"": ""XStore Implementation"", ""url"": ""https://github.com/xodus-gaming/xgameruntime/issues/14""}]",interface_method
2,820,XStore,xstore.idl,IXStoreImpl,0dd112ac-7c24-448c-b92b-3960fb5bd30c,1,IUnknown,28,XStoreQueryGameLicenseAsync,"HRESULT XStoreQueryGameLicenseAsync([in] const XStoreContextHandle storeContextHandle, [in, out] XAsyncBlock * async)",HRESULT,"[{""name"": ""storeContextHandle"", ""type"": ""const XStoreContextHandle"", ""ctype"": ""const XStoreContextHandle"", ""attributes"": [""in""], ""in_param"": true, ""out_param"": false, ""optional"": false, ""string"": false, ""size_is"": null, ""length_is"": null, ""array"": null, ""sensitive"": false}, {""name"": ""async"", ""type"": ""XAsyncBlock *"", ""ctype"": ""XAsyncBlock *"", ""attributes"": [""in"", ""out""], ""in_param"": true, ""out_param"": true, ""optional"": false, ""string"": false, ""size_is"": null, ""length_is"": null, ""array"": null, ""sensitive"": false}]",[],stubbed_or_incomplete,"[{""kind"": ""FIXME"", ""file"": ""xstore.c"", ""line"": 225, ""text"": ""FIXME( \""iface %p, storeContextHandle %p, async %p stub!\\n\"", iface, storeContextHandle, async );""}, {""kind"": ""stub"", ""file"": ""xstore.c"", ""line"": 225, ""text"": ""FIXME( \""iface %p, storeContextHandle %p, async %p stub!\\n\"", iface, storeContextHandle, async );""}, {""kind"": ""E_NOTIMPL"", ""file"": ""xstore.c"", ""line"": 226, ""text"": ""return E_NOTIMPL;""}]",False,https://learn.microsoft.com/gaming/gdk/docs/reference/system/xstore/functions/xstorequerygamelicenseasync,False,[],"[{""number"": 11, ""title"": ""GDK Integration Progress."", ""url"": ""https://github.com/xodus-gaming/xgameruntime/issues/11""}, {""number"": 14, ""title"": ""XStore Implementation"", ""url"": ""https://github.com/xodus-gaming/xgameruntime/issues/14""}]",interface_method
2,820,XStore,xstore.idl,IXStoreImpl,0dd112ac-7c24-448c-b92b-3960fb5bd30c,1,IUnknown,29,XStoreQueryGameLicenseResult,"HRESULT XStoreQueryGameLicenseResult([in, out] XAsyncBlock * async, [out] XStoreGameLicense * license)",HRESULT,"[{""name"": ""async"", ""type"": ""XAsyncBlock *"", ""ctype"": ""XAsyncBlock *"", ""attributes"": [""in"", ""out""], ""in_param"": true, ""out_param"": true, ""optional"": false, ""string"": false, ""size_is"": null, ""length_is"": null, ""array"": null, ""sensitive"": false}, {""name"": ""license"", ""type"": ""XStoreGameLicense *"", ""ctype"": ""XStoreGameLicense *"", ""attributes"": [""out""], ""in_param"": false, ""out_param"": true, ""optional"": false, ""string"": false, ""size_is"": null, ""length_is"": null, ""array"": null, ""sensitive"": false}]",[],stubbed_or_incomplete,"[{""kind"": ""FIXME"", ""file"": ""xstore.c"", ""line"": 231, ""text"": ""FIXME( \""iface %p, async %p, license %p stub!\\n\"", iface, async, license );""}, {""kind"": ""stub"", ""file"": ""xstore.c"", ""line"": 231, ""text"": ""FIXME( \""iface %p, async %p, license %p stub!\\n\"", iface, async, license );""}, {""kind"": ""E_NOTIMPL"", ""file"": ""xstore.c"", ""line"": 232, ""text"": ""return E_NOTIMPL;""}]",False,https://learn.microsoft.com/gaming/gdk/docs/reference/system/xstore/functions/xstorequerygamelicenseresult,False,[],"[{""number"": 11, ""title"": ""GDK Integration Progress."", ""url"": ""https://github.com/xodus-gaming/xgameruntime/issues/11""}, {""number"": 14, ""title"": ""XStore Implementation"", ""url"": ""https://github.com/xodus-gaming/xgameruntime/issues/14""}]",interface_method
2,820,XStore,xstore.idl,IXStoreImpl,0dd112ac-7c24-448c-b92b-3960fb5bd30c,1,IUnknown,30,XStoreQueryAddOnLicensesAsync,"HRESULT XStoreQueryAddOnLicensesAsync([in] const XStoreContextHandle storeContextHandle, [in, out] XAsyncBlock * async)",HRESULT,"[{""name"": ""storeContextHandle"", ""type"": ""const XStoreContextHandle"", ""ctype"": ""const XStoreContextHandle"", ""attributes"": [""in""], ""in_param"": true, ""out_param"": false, ""optional"": false, ""string"": false, ""size_is"": null, ""length_is"": null, ""array"": null, ""sensitive"": false}, {""name"": ""async"", ""type"": ""XAsyncBlock *"", ""ctype"": ""XAsyncBlock *"", ""attributes"": [""in"", ""out""], ""in_param"": true, ""out_param"": true, ""optional"": false, ""string"": false, ""size_is"": null, ""length_is"": null, ""array"": null, ""sensitive"": false}]",[],stubbed_or_incomplete,"[{""kind"": ""FIXME"", ""file"": ""xstore.c"", ""line"": 237, ""text"": ""FIXME( \""iface %p, storeContextHandle %p, async %p stub!\\n\"", iface, storeContextHandle, async );""}, {""kind"": ""stub"", ""file"": ""xstore.c"", ""line"": 237, ""text"": ""FIXME( \""iface %p, storeContextHandle %p, async %p stub!\\n\"", iface, storeContextHandle, async );""}, {""kind"": ""E_NOTIMPL"", ""file"": ""xstore.c"", ""line"": 238, ""text"": ""return E_NOTIMPL;""}]",False,https://learn.microsoft.com/gaming/gdk/docs/reference/system/xstore/functions/xstorequeryaddonlicensesasync,False,[],"[{""number"": 11, ""title"": ""GDK Integration Progress."", ""url"": ""https://github.com/xodus-gaming/xgameruntime/issues/11""}, {""number"": 14, ""title"": ""XStore Implementation"", ""url"": ""https://github.com/xodus-gaming/xgameruntime/issues/14""}]",interface_method
2,820,XStore,xstore.idl,IXStoreImpl,0dd112ac-7c24-448c-b92b-3960fb5bd30c,1,IUnknown,31,XStoreQueryAddOnLicensesResultCount,"HRESULT XStoreQueryAddOnLicensesResultCount([in, out] XAsyncBlock * async, [out] UINT32 * count)",HRESULT,"[{""name"": ""async"", ""type"": ""XAsyncBlock *"", ""ctype"": ""XAsyncBlock *"", ""attributes"": [""in"", ""out""], ""in_param"": true, ""out_param"": true, ""optional"": false, ""string"": false, ""size_is"": null, ""length_is"": null, ""array"": null, ""sensitive"": false}, {""name"": ""count"", ""type"": ""UINT32 *"", ""ctype"": ""UINT32 *"", ""attributes"": [""out""], ""in_param"": false, ""out_param"": true, ""optional"": false, ""string"": false, ""size_is"": null, ""length_is"": null, ""array"": null, ""sensitive"": false}]",[],stubbed_or_incomplete,"[{""kind"": ""FIXME"", ""file"": ""xstore.c"", ""line"": 243, ""text"": ""FIXME( \""iface %p, async %p, count %p stub!\\n\"", iface, async, count );""}, {""kind"": ""stub"", ""file"": ""xstore.c"", ""line"": 243, ""text"": ""FIXME( \""iface %p, async %p, count %p stub!\\n\"", iface, async, count );""}, {""kind"": ""E_NOTIMPL"", ""file"": ""xstore.c"", ""line"": 244, ""text"": ""return E_NOTIMPL;""}]",False,https://learn.microsoft.com/gaming/gdk/docs/reference/system/xstore/functions/xstorequeryaddonlicensesresultcount,False,[],"[{""number"": 11, ""title"": ""GDK Integration Progress."", ""url"": ""https://github.com/xodus-gaming/xgameruntime/issues/11""}, {""number"": 14, ""title"": ""XStore Implementation"", ""url"": ""https://github.com/xodus-gaming/xgameruntime/issues/14""}]",interface_method
2,820,XStore,xstore.idl,IXStoreImpl,0dd112ac-7c24-448c-b92b-3960fb5bd30c,1,IUnknown,32,XStoreQueryAddOnLicensesResult,"HRESULT XStoreQueryAddOnLicensesResult([in, out] XAsyncBlock * async, [in] UINT32 count, [out, length_is(count)] XStoreAddonLicense * addOnLicenses)",HRESULT,"[{""name"": ""async"", ""type"": ""XAsyncBlock *"", ""ctype"": ""XAsyncBlock *"", ""attributes"": [""in"", ""out""], ""in_param"": true, ""out_param"": true, ""optional"": false, ""string"": false, ""size_is"": null, ""length_is"": null, ""array"": null, ""sensitive"": false}, {""name"": ""count"", ""type"": ""UINT32"", ""ctype"": ""UINT32"", ""attributes"": [""in""], ""in_param"": true, ""out_param"": false, ""optional"": false, ""string"": false, ""size_is"": null, ""length_is"": null, ""array"": null, ""sensitive"": false}, {""name"": ""addOnLicenses"", ""type"": ""XStoreAddonLicense *"", ""ctype"": ""XStoreAddonLicense *"", ""attributes"": [""out"", ""length_is(count)""], ""in_param"": false, ""out_param"": true, ""optional"": false, ""string"": false, ""size_is"": null, ""length_is"": ""count"", ""array"": ""*"", ""sensitive"": false}]",[],stubbed_or_incomplete,"[{""kind"": ""FIXME"", ""file"": ""xstore.c"", ""line"": 249, ""text"": ""FIXME( \""iface %p, async %p, count %u, addOnLicenses %p stub!\\n\"", iface, async, count, addOnLicenses );""}, {""kind"": ""stub"", ""file"": ""xstore.c"", ""line"": 249, ""text"": ""FIXME( \""iface %p, async %p, count %u, addOnLicenses %p stub!\\n\"", iface, async, count, addOnLicenses );""}, {""kind"": ""E_NOTIMPL"", ""file"": ""xstore.c"", ""line"": 250, ""text"": ""return E_NOTIMPL;""}]",False,https://learn.microsoft.com/gaming/gdk/docs/reference/system/xstore/functions/xstorequeryaddonlicensesresult,False,[],"[{""number"": 11, ""title"": ""GDK Integration Progress."", ""url"": ""https://github.com/xodus-gaming/xgameruntime/issues/11""}, {""number"": 14, ""title"": ""XStore Implementation"", ""url"": ""https://github.com/xodus-gaming/xgameruntime/issues/14""}]",interface_method
2,820,XStore,xstore.idl,IXStoreImpl,0dd112ac-7c24-448c-b92b-3960fb5bd30c,1,IUnknown,33,XStoreQueryConsumableBalanceRemainingAsync,"HRESULT XStoreQueryConsumableBalanceRemainingAsync([in] const XStoreContextHandle storeContextHandle, [in, string] const char * storeProductId, [in, out] XAsyncBlock * async)",HRESULT,"[{""name"": ""storeContextHandle"", ""type"": ""const XStoreContextHandle"", ""ctype"": ""const XStoreContextHandle"", ""attributes"": [""in""], ""in_param"": true, ""out_param"": false, ""optional"": false, ""string"": false, ""size_is"": null, ""length_is"": null, ""array"": null, ""sensitive"": false}, {""name"": ""storeProductId"", ""type"": ""const char *"", ""ctype"": ""const char *"", ""attributes"": [""in"", ""string""], ""in_param"": true, ""out_param"": false, ""optional"": false, ""string"": true, ""size_is"": null, ""length_is"": null, ""array"": null, ""sensitive"": false}, {""name"": ""async"", ""type"": ""XAsyncBlock *"", ""ctype"": ""XAsyncBlock *"", ""attributes"": [""in"", ""out""], ""in_param"": true, ""out_param"": true, ""optional"": false, ""string"": false, ""size_is"": null, ""length_is"": null, ""array"": null, ""sensitive"": false}]",[],stubbed_or_incomplete,"[{""kind"": ""FIXME"", ""file"": ""xstore.c"", ""line"": 255, ""text"": ""FIXME( \""iface %p, storeContextHandle %p, storeProductId %s, async %p stub!\\n\"", iface, storeContextHandle, debugstr_a( storeProductId ), async );""}, {""kind"": ""stub"", ""file"": ""xstore.c"", ""line"": 255, ""text"": ""FIXME( \""iface %p, storeContextHandle %p, storeProductId %s, async %p stub!\\n\"", iface, storeContextHandle, debugstr_a( storeProductId ), async );""}, {""kind"": ""E_NOTIMPL"", ""file"": ""xstore.c"", ""line"": 256, ""text"": ""return E_NOTIMPL;""}]",False,https://learn.microsoft.com/gaming/gdk/docs/reference/system/xstore/functions/xstorequeryconsumablebalanceremainingasync,False,[],"[{""number"": 11, ""title"": ""GDK Integration Progress."", ""url"": ""https://github.com/xodus-gaming/xgameruntime/issues/11""}, {""number"": 14, ""title"": ""XStore Implementation"", ""url"": ""https://github.com/xodus-gaming/xgameruntime/issues/14""}]",interface_method
2,820,XStore,xstore.idl,IXStoreImpl,0dd112ac-7c24-448c-b92b-3960fb5bd30c,1,IUnknown,34,XStoreQueryConsumableBalanceRemainingResult,"HRESULT XStoreQueryConsumableBalanceRemainingResult([in, out] XAsyncBlock * async, [out] XStoreConsumableResult * consumableResult)",HRESULT,"[{""name"": ""async"", ""type"": ""XAsyncBlock *"", ""ctype"": ""XAsyncBlock *"", ""attributes"": [""in"", ""out""], ""in_param"": true, ""out_param"": true, ""optional"": false, ""string"": false, ""size_is"": null, ""length_is"": null, ""array"": null, ""sensitive"": false}, {""name"": ""consumableResult"", ""type"": ""XStoreConsumableResult *"", ""ctype"": ""XStoreConsumableResult *"", ""attributes"": [""out""], ""in_param"": false, ""out_param"": true, ""optional"": false, ""string"": false, ""size_is"": null, ""length_is"": null, ""array"": null, ""sensitive"": false}]",[],stubbed_or_incomplete,"[{""kind"": ""FIXME"", ""file"": ""xstore.c"", ""line"": 261, ""text"": ""FIXME( \""iface %p, async %p, consumableResult %p stub!\\n\"", iface, async, consumableResult );""}, {""kind"": ""stub"", ""file"": ""xstore.c"", ""line"": 261, ""text"": ""FIXME( \""iface %p, async %p, consumableResult %p stub!\\n\"", iface, async, consumableResult );""}, {""kind"": ""E_NOTIMPL"", ""file"": ""xstore.c"", ""line"": 262, ""text"": ""return E_NOTIMPL;""}]",False,https://learn.microsoft.com/gaming/gdk/docs/reference/system/xstore/functions/xstorequeryconsumablebalanceremainingresult,False,[],"[{""number"": 11, ""title"": ""GDK Integration Progress."", ""url"": ""https://github.com/xodus-gaming/xgameruntime/issues/11""}, {""number"": 14, ""title"": ""XStore Implementation"", ""url"": ""https://github.com/xodus-gaming/xgameruntime/issues/14""}]",interface_method
2,820,XStore,xstore.idl,IXStoreImpl,0dd112ac-7c24-448c-b92b-3960fb5bd30c,1,IUnknown,35,XStoreReportConsumableFulfillmentAsync,"HRESULT XStoreReportConsumableFulfillmentAsync([in, out] const XStoreContextHandle storeContextHandle, [in, string] const char * storeProductId, [in] UINT32 quantity, [in] GUID trackingId, [in, out] XAsyncBlock * async)",HRESULT,"[{""name"": ""storeContextHandle"", ""type"": ""const XStoreContextHandle"", ""ctype"": ""const XStoreContextHandle"", ""attributes"": [""in"", ""out""], ""in_param"": true, ""out_param"": true, ""optional"": false, ""string"": false, ""size_is"": null, ""length_is"": null, ""array"": null, ""sensitive"": false}, {""name"": ""storeProductId"", ""type"": ""const char *"", ""ctype"": ""const char *"", ""attributes"": [""in"", ""string""], ""in_param"": true, ""out_param"": false, ""optional"": false, ""string"": true, ""size_is"": null, ""length_is"": null, ""array"": null, ""sensitive"": false}, {""name"": ""quantity"", ""type"": ""UINT32"", ""ctype"": ""UINT32"", ""attributes"": [""in""], ""in_param"": true, ""out_param"": false, ""optional"": false, ""string"": false, ""size_is"": null, ""length_is"": null, ""array"": null, ""sensitive"": false}, {""name"": ""trackingId"", ""type"": ""GUID"", ""ctype"": ""GUID"", ""attributes"": [""in""], ""in_param"": true, ""out_param"": false, ""optional"": false, ""string"": false, ""size_is"": null, ""length_is"": null, ""array"": null, ""sensitive"": false}, {""name"": ""async"", ""type"": ""XAsyncBlock *"", ""ctype"": ""XAsyncBlock *"", ""attributes"": [""in"", ""out""], ""in_param"": true, ""out_param"": true, ""optional"": false, ""string"": false, ""size_is"": null, ""length_is"": null, ""array"": null, ""sensitive"": false}]",[],stubbed_or_incomplete,"[{""kind"": ""FIXME"", ""file"": ""xstore.c"", ""line"": 267, ""text"": ""FIXME( \""iface %p, storeContextHandle %p, storeProductId %s, quantity %u, trackingId %s, async %p stub!\\n\"", iface, storeContextHandle, debugstr_a( storeProductId ), quantity, debugstr_guid( &trackingId ), async );""}, {""kind"": ""stub"", ""file"": ""xstore.c"", ""line"": 267, ""text"": ""FIXME( \""iface %p, storeContextHandle %p, storeProductId %s, quantity %u, trackingId %s, async %p stub!\\n\"", iface, storeContextHandle, debugstr_a( storeProductId ), quantity, debugstr_guid( &trackingId ), async );""}, {""kind"": ""E_NOTIMPL"", ""file"": ""xstore.c"", ""line"": 268, ""text"": ""return E_NOTIMPL;""}]",False,https://learn.microsoft.com/gaming/gdk/docs/reference/system/xstore/functions/xstorereportconsumablefulfillmentasync,False,[],"[{""number"": 11, ""title"": ""GDK Integration Progress."", ""url"": ""https://github.com/xodus-gaming/xgameruntime/issues/11""}, {""number"": 14, ""title"": ""XStore Implementation"", ""url"": ""https://github.com/xodus-gaming/xgameruntime/issues/14""}]",interface_method
2,820,XStore,xstore.idl,IXStoreImpl,0dd112ac-7c24-448c-b92b-3960fb5bd30c,1,IUnknown,36,XStoreReportConsumableFulfillmentResult,"HRESULT XStoreReportConsumableFulfillmentResult([in, out] XAsyncBlock * async, [out] XStoreConsumableResult * consumableResult)",HRESULT,"[{""name"": ""async"", ""type"": ""XAsyncBlock *"", ""ctype"": ""XAsyncBlock *"", ""attributes"": [""in"", ""out""], ""in_param"": true, ""out_param"": true, ""optional"": false, ""string"": false, ""size_is"": null, ""length_is"": null, ""array"": null, ""sensitive"": false}, {""name"": ""consumableResult"", ""type"": ""XStoreConsumableResult *"", ""ctype"": ""XStoreConsumableResult *"", ""attributes"": [""out""], ""in_param"": false, ""out_param"": true, ""optional"": false, ""string"": false, ""size_is"": null, ""length_is"": null, ""array"": null, ""sensitive"": false}]",[],stubbed_or_incomplete,"[{""kind"": ""FIXME"", ""file"": ""xstore.c"", ""line"": 273, ""text"": ""FIXME( \""iface %p, async %p, consumableResult %p stub!\\n\"", iface, async, consumableResult );""}, {""kind"": ""stub"", ""file"": ""xstore.c"", ""line"": 273, ""text"": ""FIXME( \""iface %p, async %p, consumableResult %p stub!\\n\"", iface, async, consumableResult );""}, {""kind"": ""E_NOTIMPL"", ""file"": ""xstore.c"", ""line"": 274, ""text"": ""return E_NOTIMPL;""}]",False,https://learn.microsoft.com/gaming/gdk/docs/reference/system/xstore/functions/xstorereportconsumablefulfillmentresult,False,[],"[{""number"": 11, ""title"": ""GDK Integration Progress."", ""url"": ""https://github.com/xodus-gaming/xgameruntime/issues/11""}, {""number"": 14, ""title"": ""XStore Implementation"", ""url"": ""https://github.com/xodus-gaming/xgameruntime/issues/14""}]",interface_method
2,820,XStore,xstore.idl,IXStoreImpl,0dd112ac-7c24-448c-b92b-3960fb5bd30c,1,IUnknown,37,XStoreGetUserCollectionsIdAsync,"HRESULT XStoreGetUserCollectionsIdAsync([in] const XStoreContextHandle storeContextHandle, [in, string] const char * serviceTicket, [in, string] const char * publisherUserId, [in, out] XAsyncBlock * async)",HRESULT,"[{""name"": ""storeContextHandle"", ""type"": ""const XStoreContextHandle"", ""ctype"": ""const XStoreContextHandle"", ""attributes"": [""in""], ""in_param"": true, ""out_param"": false, ""optional"": false, ""string"": false, ""size_is"": null, ""length_is"": null, ""array"": null, ""sensitive"": false}, {""name"": ""serviceTicket"", ""type"": ""const char *"", ""ctype"": ""const char *"", ""attributes"": [""in"", ""string""], ""in_param"": true, ""out_param"": false, ""optional"": false, ""string"": true, ""size_is"": null, ""length_is"": null, ""array"": null, ""sensitive"": true}, {""name"": ""publisherUserId"", ""type"": ""const char *"", ""ctype"": ""const char *"", ""attributes"": [""in"", ""string""], ""in_param"": true, ""out_param"": false, ""optional"": false, ""string"": true, ""size_is"": null, ""length_is"": null, ""array"": null, ""sensitive"": false}, {""name"": ""async"", ""type"": ""XAsyncBlock *"", ""ctype"": ""XAsyncBlock *"", ""attributes"": [""in"", ""out""], ""in_param"": true, ""out_param"": true, ""optional"": false, ""string"": false, ""size_is"": null, ""length_is"": null, ""array"": null, ""sensitive"": false}]",[],stubbed_or_incomplete,"[{""kind"": ""FIXME"", ""file"": ""xstore.c"", ""line"": 279, ""text"": ""FIXME( \""iface %p, storeContextHandle %p, serviceTicket %s, userId %s, async %p stub!\\n\"", iface, storeContextHandle, debugstr_a( serviceTicket ), debugstr_a( publisherUserId ), async );""}, {""kind"": ""stub"", ""file"": ""xstore.c"", ""line"": 279, ""text"": ""FIXME( \""iface %p, storeContextHandle %p, serviceTicket %s, userId %s, async %p stub!\\n\"", iface, storeContextHandle, debugstr_a( serviceTicket ), debugstr_a( publisherUserId ), async );""}, {""kind"": ""E_NOTIMPL"", ""file"": ""xstore.c"", ""line"": 280, ""text"": ""return E_NOTIMPL;""}]",False,https://learn.microsoft.com/gaming/gdk/docs/reference/system/xstore/functions/xstoregetusercollectionsidasync,False,[],"[{""number"": 11, ""title"": ""GDK Integration Progress."", ""url"": ""https://github.com/xodus-gaming/xgameruntime/issues/11""}, {""number"": 14, ""title"": ""XStore Implementation"", ""url"": ""https://github.com/xodus-gaming/xgameruntime/issues/14""}]",interface_method
2,820,XStore,xstore.idl,IXStoreImpl,0dd112ac-7c24-448c-b92b-3960fb5bd30c,1,IUnknown,38,XStoreGetUserCollectionsIdResultSize,"HRESULT XStoreGetUserCollectionsIdResultSize([in, out] XAsyncBlock * async, [out] SIZE_T * size)",HRESULT,"[{""name"": ""async"", ""type"": ""XAsyncBlock *"", ""ctype"": ""XAsyncBlock *"", ""attributes"": [""in"", ""out""], ""in_param"": true, ""out_param"": true, ""optional"": false, ""string"": false, ""size_is"": null, ""length_is"": null, ""array"": null, ""sensitive"": false}, {""name"": ""size"", ""type"": ""SIZE_T *"", ""ctype"": ""SIZE_T *"", ""attributes"": [""out""], ""in_param"": false, ""out_param"": true, ""optional"": false, ""string"": false, ""size_is"": null, ""length_is"": null, ""array"": null, ""sensitive"": false}]",[],stubbed_or_incomplete,"[{""kind"": ""FIXME"", ""file"": ""xstore.c"", ""line"": 285, ""text"": ""FIXME( \""iface %p, async %p, size %p stub!\\n\"", iface, async, size );""}, {""kind"": ""stub"", ""file"": ""xstore.c"", ""line"": 285, ""text"": ""FIXME( \""iface %p, async %p, size %p stub!\\n\"", iface, async, size );""}, {""kind"": ""E_NOTIMPL"", ""file"": ""xstore.c"", ""line"": 286, ""text"": ""return E_NOTIMPL;""}]",False,https://learn.microsoft.com/gaming/gdk/docs/reference/system/xstore/functions/xstoregetusercollectionsidresultsize,False,[],"[{""number"": 11, ""title"": ""GDK Integration Progress."", ""url"": ""https://github.com/xodus-gaming/xgameruntime/issues/11""}, {""number"": 14, ""title"": ""XStore Implementation"", ""url"": ""https://github.com/xodus-gaming/xgameruntime/issues/14""}]",interface_method
2,820,XStore,xstore.idl,IXStoreImpl,0dd112ac-7c24-448c-b92b-3960fb5bd30c,1,IUnknown,39,XStoreGetUserCollectionsIdResult,"HRESULT XStoreGetUserCollectionsIdResult([in, out] XAsyncBlock * async, [in] SIZE_T size, [out, string, size_is(size)] char * result)",HRESULT,"[{""name"": ""async"", ""type"": ""XAsyncBlock *"", ""ctype"": ""XAsyncBlock *"", ""attributes"": [""in"", ""out""], ""in_param"": true, ""out_param"": true, ""optional"": false, ""string"": false, ""size_is"": null, ""length_is"": null, ""array"": null, ""sensitive"": false}, {""name"": ""size"", ""type"": ""SIZE_T"", ""ctype"": ""SIZE_T"", ""attributes"": [""in""], ""in_param"": true, ""out_param"": false, ""optional"": false, ""string"": false, ""size_is"": null, ""length_is"": null, ""array"": null, ""sensitive"": false}, {""name"": ""result"", ""type"": ""char *"", ""ctype"": ""char *"", ""attributes"": [""out"", ""string"", ""size_is(size)""], ""in_param"": false, ""out_param"": true, ""optional"": false, ""string"": true, ""size_is"": ""size"", ""length_is"": null, ""array"": null, ""sensitive"": false}]",[],stubbed_or_incomplete,"[{""kind"": ""FIXME"", ""file"": ""xstore.c"", ""line"": 291, ""text"": ""FIXME( \""iface %p, async %p, size %Iu, result %p stub!\\n\"", iface, async, size, result );""}, {""kind"": ""stub"", ""file"": ""xstore.c"", ""line"": 291, ""text"": ""FIXME( \""iface %p, async %p, size %Iu, result %p stub!\\n\"", iface, async, size, result );""}, {""kind"": ""E_NOTIMPL"", ""file"": ""xstore.c"", ""line"": 292, ""text"": ""return E_NOTIMPL;""}]",False,https://learn.microsoft.com/gaming/gdk/docs/reference/system/xstore/functions/xstoregetusercollectionsidresult,False,[],"[{""number"": 11, ""title"": ""GDK Integration Progress."", ""url"": ""https://github.com/xodus-gaming/xgameruntime/issues/11""}, {""number"": 14, ""title"": ""XStore Implementation"", ""url"": ""https://github.com/xodus-gaming/xgameruntime/issues/14""}]",interface_method
2,820,XStore,xstore.idl,IXStoreImpl,0dd112ac-7c24-448c-b92b-3960fb5bd30c,1,IUnknown,40,XStoreGetUserPurchaseIdAsync,"HRESULT XStoreGetUserPurchaseIdAsync([in] const XStoreContextHandle storeContextHandle, [in, string] const char * serviceTicket, [in, string] const char * publisherUserId, [in, out] XAsyncBlock * async)",HRESULT,"[{""name"": ""storeContextHandle"", ""type"": ""const XStoreContextHandle"", ""ctype"": ""const XStoreContextHandle"", ""attributes"": [""in""], ""in_param"": true, ""out_param"": false, ""optional"": false, ""string"": false, ""size_is"": null, ""length_is"": null, ""array"": null, ""sensitive"": false}, {""name"": ""serviceTicket"", ""type"": ""const char *"", ""ctype"": ""const char *"", ""attributes"": [""in"", ""string""], ""in_param"": true, ""out_param"": false, ""optional"": false, ""string"": true, ""size_is"": null, ""length_is"": null, ""array"": null, ""sensitive"": true}, {""name"": ""publisherUserId"", ""type"": ""const char *"", ""ctype"": ""const char *"", ""attributes"": [""in"", ""string""], ""in_param"": true, ""out_param"": false, ""optional"": false, ""string"": true, ""size_is"": null, ""length_is"": null, ""array"": null, ""sensitive"": false}, {""name"": ""async"", ""type"": ""XAsyncBlock *"", ""ctype"": ""XAsyncBlock *"", ""attributes"": [""in"", ""out""], ""in_param"": true, ""out_param"": true, ""optional"": false, ""string"": false, ""size_is"": null, ""length_is"": null, ""array"": null, ""sensitive"": false}]",[],stubbed_or_incomplete,"[{""kind"": ""FIXME"", ""file"": ""xstore.c"", ""line"": 297, ""text"": ""FIXME( \""iface %p, storeContextHandle %p, serviceTicket %s, publisherUserId %s, async %p stub!\\n\"", iface, storeContextHandle, debugstr_a( serviceTicket ), debugstr_a( publisherUserId ), async );""}, {""kind"": ""stub"", ""file"": ""xstore.c"", ""line"": 297, ""text"": ""FIXME( \""iface %p, storeContextHandle %p, serviceTicket %s, publisherUserId %s, async %p stub!\\n\"", iface, storeContextHandle, debugstr_a( serviceTicket ), debugstr_a( publisherUserId ), async );""}, {""kind"": ""E_NOTIMPL"", ""file"": ""xstore.c"", ""line"": 298, ""text"": ""return E_NOTIMPL;""}]",False,https://learn.microsoft.com/gaming/gdk/docs/reference/system/xstore/functions/xstoregetuserpurchaseidasync,False,[],"[{""number"": 11, ""title"": ""GDK Integration Progress."", ""url"": ""https://github.com/xodus-gaming/xgameruntime/issues/11""}, {""number"": 14, ""title"": ""XStore Implementation"", ""url"": ""https://github.com/xodus-gaming/xgameruntime/issues/14""}]",interface_method
2,820,XStore,xstore.idl,IXStoreImpl,0dd112ac-7c24-448c-b92b-3960fb5bd30c,1,IUnknown,41,XStoreGetUserPurchaseIdResultSize,"HRESULT XStoreGetUserPurchaseIdResultSize([in, out] XAsyncBlock * async, [out] SIZE_T * size)",HRESULT,"[{""name"": ""async"", ""type"": ""XAsyncBlock *"", ""ctype"": ""XAsyncBlock *"", ""attributes"": [""in"", ""out""], ""in_param"": true, ""out_param"": true, ""optional"": false, ""string"": false, ""size_is"": null, ""length_is"": null, ""array"": null, ""sensitive"": false}, {""name"": ""size"", ""type"": ""SIZE_T *"", ""ctype"": ""SIZE_T *"", ""attributes"": [""out""], ""in_param"": false, ""out_param"": true, ""optional"": false, ""string"": false, ""size_is"": null, ""length_is"": null, ""array"": null, ""sensitive"": false}]",[],stubbed_or_incomplete,"[{""kind"": ""FIXME"", ""file"": ""xstore.c"", ""line"": 303, ""text"": ""FIXME( \""iface %p, async %p, size %p stub!\\n\"", iface, async, size );""}, {""kind"": ""stub"", ""file"": ""xstore.c"", ""line"": 303, ""text"": ""FIXME( \""iface %p, async %p, size %p stub!\\n\"", iface, async, size );""}, {""kind"": ""E_NOTIMPL"", ""file"": ""xstore.c"", ""line"": 304, ""text"": ""return E_NOTIMPL;""}]",False,https://learn.microsoft.com/gaming/gdk/docs/reference/system/xstore/functions/xstoregetuserpurchaseidresultsize,False,[],"[{""number"": 11, ""title"": ""GDK Integration Progress."", ""url"": ""https://github.com/xodus-gaming/xgameruntime/issues/11""}, {""number"": 14, ""title"": ""XStore Implementation"", ""url"": ""https://github.com/xodus-gaming/xgameruntime/issues/14""}]",interface_method
2,820,XStore,xstore.idl,IXStoreImpl,0dd112ac-7c24-448c-b92b-3960fb5bd30c,1,IUnknown,42,XStoreGetUserPurchaseIdResult,"HRESULT XStoreGetUserPurchaseIdResult([in, out] XAsyncBlock * async, [in] SIZE_T size, [out, string, size_is(size)] char * result)",HRESULT,"[{""name"": ""async"", ""type"": ""XAsyncBlock *"", ""ctype"": ""XAsyncBlock *"", ""attributes"": [""in"", ""out""], ""in_param"": true, ""out_param"": true, ""optional"": false, ""string"": false, ""size_is"": null, ""length_is"": null, ""array"": null, ""sensitive"": false}, {""name"": ""size"", ""type"": ""SIZE_T"", ""ctype"": ""SIZE_T"", ""attributes"": [""in""], ""in_param"": true, ""out_param"": false, ""optional"": false, ""string"": false, ""size_is"": null, ""length_is"": null, ""array"": null, ""sensitive"": false}, {""name"": ""result"", ""type"": ""char *"", ""ctype"": ""char *"", ""attributes"": [""out"", ""string"", ""size_is(size)""], ""in_param"": false, ""out_param"": true, ""optional"": false, ""string"": true, ""size_is"": ""size"", ""length_is"": null, ""array"": null, ""sensitive"": false}]",[],stubbed_or_incomplete,"[{""kind"": ""FIXME"", ""file"": ""xstore.c"", ""line"": 309, ""text"": ""FIXME( \""iface %p, async %p, size %Iu, result %p stub!\\n\"", iface, async, size, result );""}, {""kind"": ""stub"", ""file"": ""xstore.c"", ""line"": 309, ""text"": ""FIXME( \""iface %p, async %p, size %Iu, result %p stub!\\n\"", iface, async, size, result );""}, {""kind"": ""E_NOTIMPL"", ""file"": ""xstore.c"", ""line"": 310, ""text"": ""return E_NOTIMPL;""}]",False,https://learn.microsoft.com/gaming/gdk/docs/reference/system/xstore/functions/xstoregetuserpurchaseidresult,False,[],"[{""number"": 11, ""title"": ""GDK Integration Progress."", ""url"": ""https://github.com/xodus-gaming/xgameruntime/issues/11""}, {""number"": 14, ""title"": ""XStore Implementation"", ""url"": ""https://github.com/xodus-gaming/xgameruntime/issues/14""}]",interface_method
2,820,XStore,xstore.idl,IXStoreImpl,0dd112ac-7c24-448c-b92b-3960fb5bd30c,1,IUnknown,43,XStoreQueryLicenseTokenAsync,"HRESULT XStoreQueryLicenseTokenAsync([in] const XStoreContextHandle storeContextHandle, [in, string, size_is(productIdsCount,)] const char ** productIds, [in] SIZE_T productIdsCount, [in, string] const char * customDeveloperString, [in, out] XAsyncBlock * async)",HRESULT,"[{""name"": ""storeContextHandle"", ""type"": ""const XStoreContextHandle"", ""ctype"": ""const XStoreContextHandle"", ""attributes"": [""in""], ""in_param"": true, ""out_param"": false, ""optional"": false, ""string"": false, ""size_is"": null, ""length_is"": null, ""array"": null, ""sensitive"": false}, {""name"": ""productIds"", ""type"": ""const char * *"", ""ctype"": ""const char **"", ""attributes"": [""in"", ""string"", ""size_is(productIdsCount,)""], ""in_param"": true, ""out_param"": false, ""optional"": false, ""string"": true, ""size_is"": ""productIdsCount"", ""length_is"": null, ""array"": null, ""sensitive"": false}, {""name"": ""productIdsCount"", ""type"": ""SIZE_T"", ""ctype"": ""SIZE_T"", ""attributes"": [""in""], ""in_param"": true, ""out_param"": false, ""optional"": false, ""string"": false, ""size_is"": null, ""length_is"": null, ""array"": null, ""sensitive"": false}, {""name"": ""customDeveloperString"", ""type"": ""const char *"", ""ctype"": ""const char *"", ""attributes"": [""in"", ""string""], ""in_param"": true, ""out_param"": false, ""optional"": false, ""string"": true, ""size_is"": null, ""length_is"": null, ""array"": null, ""sensitive"": false}, {""name"": ""async"", ""type"": ""XAsyncBlock *"", ""ctype"": ""XAsyncBlock *"", ""attributes"": [""in"", ""out""], ""in_param"": true, ""out_param"": true, ""optional"": false, ""string"": false, ""size_is"": null, ""length_is"": null, ""array"": null, ""sensitive"": false}]",[],stubbed_or_incomplete,"[{""kind"": ""FIXME"", ""file"": ""xstore.c"", ""line"": 315, ""text"": ""FIXME( \""iface %p, storeContextHandle %p, productIdsCount %p, idsCount %Iu, custom %s, async %p stub!\\n\"", iface, storeContextHandle, productIds, productIdsCount, debugstr_a( customDeveloperString ), async );""}, {""kind"": ""stub"", ""file"": ""xstore.c"", ""line"": 315, ""text"": ""FIXME( \""iface %p, storeContextHandle %p, productIdsCount %p, idsCount %Iu, custom %s, async %p stub!\\n\"", iface, storeContextHandle, productIds, productIdsCount, debugstr_a( customDeveloperString ), async );""}, {""kind"": ""E_NOTIMPL"", ""file"": ""xstore.c"", ""line"": 316, ""text"": ""return E_NOTIMPL;""}]",False,https://learn.microsoft.com/gaming/gdk/docs/reference/system/xstore/functions/xstorequerylicensetokenasync,False,[],"[{""number"": 11, ""title"": ""GDK Integration Progress."", ""url"": ""https://github.com/xodus-gaming/xgameruntime/issues/11""}, {""number"": 14, ""title"": ""XStore Implementation"", ""url"": ""https://github.com/xodus-gaming/xgameruntime/issues/14""}]",interface_method
2,820,XStore,xstore.idl,IXStoreImpl,0dd112ac-7c24-448c-b92b-3960fb5bd30c,1,IUnknown,44,XStoreQueryLicenseTokenResultSize,"HRESULT XStoreQueryLicenseTokenResultSize([in, out] XAsyncBlock * async, [out] SIZE_T * size)",HRESULT,"[{""name"": ""async"", ""type"": ""XAsyncBlock *"", ""ctype"": ""XAsyncBlock *"", ""attributes"": [""in"", ""out""], ""in_param"": true, ""out_param"": true, ""optional"": false, ""string"": false, ""size_is"": null, ""length_is"": null, ""array"": null, ""sensitive"": false}, {""name"": ""size"", ""type"": ""SIZE_T *"", ""ctype"": ""SIZE_T *"", ""attributes"": [""out""], ""in_param"": false, ""out_param"": true, ""optional"": false, ""string"": false, ""size_is"": null, ""length_is"": null, ""array"": null, ""sensitive"": false}]",[],stubbed_or_incomplete,"[{""kind"": ""FIXME"", ""file"": ""xstore.c"", ""line"": 321, ""text"": ""FIXME( \""iface %p, async %p, size %p stub!\\n\"", iface, async, size );""}, {""kind"": ""stub"", ""file"": ""xstore.c"", ""line"": 321, ""text"": ""FIXME( \""iface %p, async %p, size %p stub!\\n\"", iface, async, size );""}, {""kind"": ""E_NOTIMPL"", ""file"": ""xstore.c"", ""line"": 322, ""text"": ""return E_NOTIMPL;""}]",False,https://learn.microsoft.com/gaming/gdk/docs/reference/system/xstore/functions/xstorequerylicensetokenresultsize,False,[],"[{""number"": 11, ""title"": ""GDK Integration Progress."", ""url"": ""https://github.com/xodus-gaming/xgameruntime/issues/11""}, {""number"": 14, ""title"": ""XStore Implementation"", ""url"": ""https://github.com/xodus-gaming/xgameruntime/issues/14""}]",interface_method
2,820,XStore,xstore.idl,IXStoreImpl,0dd112ac-7c24-448c-b92b-3960fb5bd30c,1,IUnknown,45,XStoreQueryLicenseTokenResult,"HRESULT XStoreQueryLicenseTokenResult([in, out] XAsyncBlock * async, [in] SIZE_T size, [out, string, size_is(size)] char * result)",HRESULT,"[{""name"": ""async"", ""type"": ""XAsyncBlock *"", ""ctype"": ""XAsyncBlock *"", ""attributes"": [""in"", ""out""], ""in_param"": true, ""out_param"": true, ""optional"": false, ""string"": false, ""size_is"": null, ""length_is"": null, ""array"": null, ""sensitive"": false}, {""name"": ""size"", ""type"": ""SIZE_T"", ""ctype"": ""SIZE_T"", ""attributes"": [""in""], ""in_param"": true, ""out_param"": false, ""optional"": false, ""string"": false, ""size_is"": null, ""length_is"": null, ""array"": null, ""sensitive"": false}, {""name"": ""result"", ""type"": ""char *"", ""ctype"": ""char *"", ""attributes"": [""out"", ""string"", ""size_is(size)""], ""in_param"": false, ""out_param"": true, ""optional"": false, ""string"": true, ""size_is"": ""size"", ""length_is"": null, ""array"": null, ""sensitive"": false}]",[],stubbed_or_incomplete,"[{""kind"": ""FIXME"", ""file"": ""xstore.c"", ""line"": 327, ""text"": ""FIXME( \""iface %p, async %p, size %Iu, result %p stub!\\n\"", iface, async, size, result );""}, {""kind"": ""stub"", ""file"": ""xstore.c"", ""line"": 327, ""text"": ""FIXME( \""iface %p, async %p, size %Iu, result %p stub!\\n\"", iface, async, size, result );""}, {""kind"": ""E_NOTIMPL"", ""file"": ""xstore.c"", ""line"": 328, ""text"": ""return E_NOTIMPL;""}]",False,https://learn.microsoft.com/gaming/gdk/docs/reference/system/xstore/functions/xstorequerylicensetokenresult,False,[],"[{""number"": 11, ""title"": ""GDK Integration Progress."", ""url"": ""https://github.com/xodus-gaming/xgameruntime/issues/11""}, {""number"": 14, ""title"": ""XStore Implementation"", ""url"": ""https://github.com/xodus-gaming/xgameruntime/issues/14""}]",interface_method
2,820,XStore,xstore.idl,IXStoreImpl,0dd112ac-7c24-448c-b92b-3960fb5bd30c,1,IUnknown,46,__PADDING__,HRESULT __PADDING__(),HRESULT,[],[],unknown_padding,"[{""kind"": ""E_NOTIMPL"", ""file"": ""xstore.c"", ""line"": 334, ""text"": ""return E_NOTIMPL;""}]",False,,False,[],"[{""number"": 11, ""title"": ""GDK Integration Progress."", ""url"": ""https://github.com/xodus-gaming/xgameruntime/issues/11""}, {""number"": 14, ""title"": ""XStore Implementation"", ""url"": ""https://github.com/xodus-gaming/xgameruntime/issues/14""}]",interface_method
2,820,XStore,xstore.idl,IXStoreImpl,0dd112ac-7c24-448c-b92b-3960fb5bd30c,1,IUnknown,47,__PADDING_2__,HRESULT __PADDING_2__(),HRESULT,[],[],unknown_padding,"[{""kind"": ""E_NOTIMPL"", ""file"": ""xstore.c"", ""line"": 334, ""text"": ""return E_NOTIMPL;""}]",False,,False,[],"[{""number"": 11, ""title"": ""GDK Integration Progress."", ""url"": ""https://github.com/xodus-gaming/xgameruntime/issues/11""}, {""number"": 14, ""title"": ""XStore Implementation"", ""url"": ""https://github.com/xodus-gaming/xgameruntime/issues/14""}]",interface_method
2,820,XStore,xstore.idl,IXStoreImpl,0dd112ac-7c24-448c-b92b-3960fb5bd30c,1,IUnknown,48,__PADDING_3__,HRESULT __PADDING_3__(),HRESULT,[],[],unknown_padding,"[{""kind"": ""E_NOTIMPL"", ""file"": ""xstore.c"", ""line"": 334, ""text"": ""return E_NOTIMPL;""}]",False,,False,[],"[{""number"": 11, ""title"": ""GDK Integration Progress."", ""url"": ""https://github.com/xodus-gaming/xgameruntime/issues/11""}, {""number"": 14, ""title"": ""XStore Implementation"", ""url"": ""https://github.com/xodus-gaming/xgameruntime/issues/14""}]",interface_method
2,820,XStore,xstore.idl,IXStoreImpl,0dd112ac-7c24-448c-b92b-3960fb5bd30c,1,IUnknown,49,XStoreShowPurchaseUIAsync,"HRESULT XStoreShowPurchaseUIAsync([in] const XStoreContextHandle storeContextHandle, [in, string] const char * storeId, [in, optional, string] const char * name, [in, optional, string] const char * extendedJsonData, [in, out] XAsyncBlock * async)",HRESULT,"[{""name"": ""storeContextHandle"", ""type"": ""const XStoreContextHandle"", ""ctype"": ""const XStoreContextHandle"", ""attributes"": [""in""], ""in_param"": true, ""out_param"": false, ""optional"": false, ""string"": false, ""size_is"": null, ""length_is"": null, ""array"": null, ""sensitive"": false}, {""name"": ""storeId"", ""type"": ""const char *"", ""ctype"": ""const char *"", ""attributes"": [""in"", ""string""], ""in_param"": true, ""out_param"": false, ""optional"": false, ""string"": true, ""size_is"": null, ""length_is"": null, ""array"": null, ""sensitive"": false}, {""name"": ""name"", ""type"": ""const char *"", ""ctype"": ""const char *"", ""attributes"": [""in"", ""optional"", ""string""], ""in_param"": true, ""out_param"": false, ""optional"": true, ""string"": true, ""size_is"": null, ""length_is"": null, ""array"": null, ""sensitive"": false}, {""name"": ""extendedJsonData"", ""type"": ""const char *"", ""ctype"": ""const char *"", ""attributes"": [""in"", ""optional"", ""string""], ""in_param"": true, ""out_param"": false, ""optional"": true, ""string"": true, ""size_is"": null, ""length_is"": null, ""array"": null, ""sensitive"": false}, {""name"": ""async"", ""type"": ""XAsyncBlock *"", ""ctype"": ""XAsyncBlock *"", ""attributes"": [""in"", ""out""], ""in_param"": true, ""out_param"": true, ""optional"": false, ""string"": false, ""size_is"": null, ""length_is"": null, ""array"": null, ""sensitive"": false}]",[],stubbed_or_incomplete,"[{""kind"": ""FIXME"", ""file"": ""xstore.c"", ""line"": 351, ""text"": ""FIXME( \""iface %p, storeContextHandle %p, storeId %s, name %s, extendedJsonData %s, async %p stub!\\n\"", iface, storeContextHandle, debugstr_a( storeId ), debugstr_a( name ), debugstr_a( extendedJsonData ), async );""}, {""kind"": ""stub"", ""file"": ""xstore.c"", ""line"": 351, ""text"": ""FIXME( \""iface %p, storeContextHandle %p, storeId %s, name %s, extendedJsonData %s, async %p stub!\\n\"", iface, storeContextHandle, debugstr_a( storeId ), debugstr_a( name ), debugstr_a( extendedJsonData ), async );""}, {""kind"": ""E_NOTIMPL"", ""file"": ""xstore.c"", ""line"": 352, ""text"": ""return E_NOTIMPL;""}]",False,https://learn.microsoft.com/gaming/gdk/docs/reference/system/xstore/functions/xstoreshowpurchaseuiasync,False,[],"[{""number"": 11, ""title"": ""GDK Integration Progress."", ""url"": ""https://github.com/xodus-gaming/xgameruntime/issues/11""}, {""number"": 14, ""title"": ""XStore Implementation"", ""url"": ""https://github.com/xodus-gaming/xgameruntime/issues/14""}]",interface_method
2,820,XStore,xstore.idl,IXStoreImpl,0dd112ac-7c24-448c-b92b-3960fb5bd30c,1,IUnknown,50,XStoreShowPurchaseUIResult,"HRESULT XStoreShowPurchaseUIResult([in, out] XAsyncBlock * async)",HRESULT,"[{""name"": ""async"", ""type"": ""XAsyncBlock *"", ""ctype"": ""XAsyncBlock *"", ""attributes"": [""in"", ""out""], ""in_param"": true, ""out_param"": true, ""optional"": false, ""string"": false, ""size_is"": null, ""length_is"": null, ""array"": null, ""sensitive"": false}]",[],stubbed_or_incomplete,"[{""kind"": ""FIXME"", ""file"": ""xstore.c"", ""line"": 357, ""text"": ""FIXME( \""iface %p, async %p stub!\\n\"", iface, async );""}, {""kind"": ""stub"", ""file"": ""xstore.c"", ""line"": 357, ""text"": ""FIXME( \""iface %p, async %p stub!\\n\"", iface, async );""}, {""kind"": ""E_NOTIMPL"", ""file"": ""xstore.c"", ""line"": 358, ""text"": ""return E_NOTIMPL;""}]",False,https://learn.microsoft.com/gaming/gdk/docs/reference/system/xstore/functions/xstoreshowpurchaseuiresult,False,[],"[{""number"": 11, ""title"": ""GDK Integration Progress."", ""url"": ""https://github.com/xodus-gaming/xgameruntime/issues/11""}, {""number"": 14, ""title"": ""XStore Implementation"", ""url"": ""https://github.com/xodus-gaming/xgameruntime/issues/14""}]",interface_method
2,820,XStore,xstore.idl,IXStoreImpl,0dd112ac-7c24-448c-b92b-3960fb5bd30c,1,IUnknown,51,XStoreShowRateAndReviewUIAsync,"HRESULT XStoreShowRateAndReviewUIAsync([in] const XStoreContextHandle storeContextHandle, [in, out] XAsyncBlock * async)",HRESULT,"[{""name"": ""storeContextHandle"", ""type"": ""const XStoreContextHandle"", ""ctype"": ""const XStoreContextHandle"", ""attributes"": [""in""], ""in_param"": true, ""out_param"": false, ""optional"": false, ""string"": false, ""size_is"": null, ""length_is"": null, ""array"": null, ""sensitive"": false}, {""name"": ""async"", ""type"": ""XAsyncBlock *"", ""ctype"": ""XAsyncBlock *"", ""attributes"": [""in"", ""out""], ""in_param"": true, ""out_param"": true, ""optional"": false, ""string"": false, ""size_is"": null, ""length_is"": null, ""array"": null, ""sensitive"": false}]",[],stubbed_or_incomplete,"[{""kind"": ""FIXME"", ""file"": ""xstore.c"", ""line"": 363, ""text"": ""FIXME( \""iface %p, storeContextHandle %p, async %p stub!\\n\"", iface, storeContextHandle, async );""}, {""kind"": ""stub"", ""file"": ""xstore.c"", ""line"": 363, ""text"": ""FIXME( \""iface %p, storeContextHandle %p, async %p stub!\\n\"", iface, storeContextHandle, async );""}, {""kind"": ""E_NOTIMPL"", ""file"": ""xstore.c"", ""line"": 364, ""text"": ""return E_NOTIMPL;""}]",False,https://learn.microsoft.com/gaming/gdk/docs/reference/system/xstore/functions/xstoreshowrateandreviewuiasync,False,[],"[{""number"": 11, ""title"": ""GDK Integration Progress."", ""url"": ""https://github.com/xodus-gaming/xgameruntime/issues/11""}, {""number"": 14, ""title"": ""XStore Implementation"", ""url"": ""https://github.com/xodus-gaming/xgameruntime/issues/14""}]",interface_method
2,820,XStore,xstore.idl,IXStoreImpl,0dd112ac-7c24-448c-b92b-3960fb5bd30c,1,IUnknown,52,XStoreShowRateAndReviewUIResult,"HRESULT XStoreShowRateAndReviewUIResult([in, out] XAsyncBlock * async, [out] XStoreRateAndReviewResult * result)",HRESULT,"[{""name"": ""async"", ""type"": ""XAsyncBlock *"", ""ctype"": ""XAsyncBlock *"", ""attributes"": [""in"", ""out""], ""in_param"": true, ""out_param"": true, ""optional"": false, ""string"": false, ""size_is"": null, ""length_is"": null, ""array"": null, ""sensitive"": false}, {""name"": ""result"", ""type"": ""XStoreRateAndReviewResult *"", ""ctype"": ""XStoreRateAndReviewResult *"", ""attributes"": [""out""], ""in_param"": false, ""out_param"": true, ""optional"": false, ""string"": false, ""size_is"": null, ""length_is"": null, ""array"": null, ""sensitive"": false}]",[],stubbed_or_incomplete,"[{""kind"": ""FIXME"", ""file"": ""xstore.c"", ""line"": 369, ""text"": ""FIXME( \""iface %p, async %p, result %p stub!\\n\"", iface, async, result );""}, {""kind"": ""stub"", ""file"": ""xstore.c"", ""line"": 369, ""text"": ""FIXME( \""iface %p, async %p, result %p stub!\\n\"", iface, async, result );""}, {""kind"": ""E_NOTIMPL"", ""file"": ""xstore.c"", ""line"": 370, ""text"": ""return E_NOTIMPL;""}]",False,https://learn.microsoft.com/gaming/gdk/docs/reference/system/xstore/functions/xstoreshowrateandreviewuiresult,False,[],"[{""number"": 11, ""title"": ""GDK Integration Progress."", ""url"": ""https://github.com/xodus-gaming/xgameruntime/issues/11""}, {""number"": 14, ""title"": ""XStore Implementation"", ""url"": ""https://github.com/xodus-gaming/xgameruntime/issues/14""}]",interface_method
2,820,XStore,xstore.idl,IXStoreImpl,0dd112ac-7c24-448c-b92b-3960fb5bd30c,1,IUnknown,53,XStoreShowRedeemTokenUIAsync,"HRESULT XStoreShowRedeemTokenUIAsync([in] const XStoreContextHandle storeContextHandle, [in, string] const char * token, [in, string, size_is(allowedStoreIdsCount,)] const char ** allowedStoreIds, [in] SIZE_T allowedStoreIdsCount, [in] BOOLEAN disallowCsvRedemption, [in, out] XAsyncBlock * async)",HRESULT,"[{""name"": ""storeContextHandle"", ""type"": ""const XStoreContextHandle"", ""ctype"": ""const XStoreContextHandle"", ""attributes"": [""in""], ""in_param"": true, ""out_param"": false, ""optional"": false, ""string"": false, ""size_is"": null, ""length_is"": null, ""array"": null, ""sensitive"": false}, {""name"": ""token"", ""type"": ""const char *"", ""ctype"": ""const char *"", ""attributes"": [""in"", ""string""], ""in_param"": true, ""out_param"": false, ""optional"": false, ""string"": true, ""size_is"": null, ""length_is"": null, ""array"": null, ""sensitive"": true}, {""name"": ""allowedStoreIds"", ""type"": ""const char * *"", ""ctype"": ""const char **"", ""attributes"": [""in"", ""string"", ""size_is(allowedStoreIdsCount,)""], ""in_param"": true, ""out_param"": false, ""optional"": false, ""string"": true, ""size_is"": ""allowedStoreIdsCount"", ""length_is"": null, ""array"": null, ""sensitive"": false}, {""name"": ""allowedStoreIdsCount"", ""type"": ""SIZE_T"", ""ctype"": ""SIZE_T"", ""attributes"": [""in""], ""in_param"": true, ""out_param"": false, ""optional"": false, ""string"": false, ""size_is"": null, ""length_is"": null, ""array"": null, ""sensitive"": false}, {""name"": ""disallowCsvRedemption"", ""type"": ""BOOLEAN"", ""ctype"": ""BOOLEAN"", ""attributes"": [""in""], ""in_param"": true, ""out_param"": false, ""optional"": false, ""string"": false, ""size_is"": null, ""length_is"": null, ""array"": null, ""sensitive"": false}, {""name"": ""async"", ""type"": ""XAsyncBlock *"", ""ctype"": ""XAsyncBlock *"", ""attributes"": [""in"", ""out""], ""in_param"": true, ""out_param"": true, ""optional"": false, ""string"": false, ""size_is"": null, ""length_is"": null, ""array"": null, ""sensitive"": false}]",[],stubbed_or_incomplete,"[{""kind"": ""FIXME"", ""file"": ""xstore.c"", ""line"": 375, ""text"": ""FIXME( \""iface %p, storeContextHandle %p, token %s, allowedStoreIds %p, allowedStoreIdsCount %Iu, disallowCsvRedemption %d, async %p stub!\\n\"", iface, storeContextHandle, debugstr_a( token ), allowedStoreIds, allowedStoreIdsCount, disallowCsvRedemption, async );""}, {""kind"": ""stub"", ""file"": ""xstore.c"", ""line"": 375, ""text"": ""FIXME( \""iface %p, storeContextHandle %p, token %s, allowedStoreIds %p, allowedStoreIdsCount %Iu, disallowCsvRedemption %d, async %p stub!\\n\"", iface, storeContextHandle, debugstr_a( token ), allowedStoreIds, allowedStoreIdsCount, disallowCsvRedemption, async );""}, {""kind"": ""E_NOTIMPL"", ""file"": ""xstore.c"", ""line"": 376, ""text"": ""return E_NOTIMPL;""}]",False,https://learn.microsoft.com/gaming/gdk/docs/reference/system/xstore/functions/xstoreshowredeemtokenuiasync,False,[],"[{""number"": 11, ""title"": ""GDK Integration Progress."", ""url"": ""https://github.com/xodus-gaming/xgameruntime/issues/11""}, {""number"": 14, ""title"": ""XStore Implementation"", ""url"": ""https://github.com/xodus-gaming/xgameruntime/issues/14""}]",interface_method
2,820,XStore,xstore.idl,IXStoreImpl,0dd112ac-7c24-448c-b92b-3960fb5bd30c,1,IUnknown,54,XStoreShowRedeemTokenUIResult,"HRESULT XStoreShowRedeemTokenUIResult([in, out] XAsyncBlock * async)",HRESULT,"[{""name"": ""async"", ""type"": ""XAsyncBlock *"", ""ctype"": ""XAsyncBlock *"", ""attributes"": [""in"", ""out""], ""in_param"": true, ""out_param"": true, ""optional"": false, ""string"": false, ""size_is"": null, ""length_is"": null, ""array"": null, ""sensitive"": false}]",[],stubbed_or_incomplete,"[{""kind"": ""FIXME"", ""file"": ""xstore.c"", ""line"": 381, ""text"": ""FIXME( \""iface %p, async %p stub!\\n\"", iface, async );""}, {""kind"": ""stub"", ""file"": ""xstore.c"", ""line"": 381, ""text"": ""FIXME( \""iface %p, async %p stub!\\n\"", iface, async );""}, {""kind"": ""E_NOTIMPL"", ""file"": ""xstore.c"", ""line"": 382, ""text"": ""return E_NOTIMPL;""}]",False,https://learn.microsoft.com/gaming/gdk/docs/reference/system/xstore/functions/xstoreshowredeemtokenuiresult,False,[],"[{""number"": 11, ""title"": ""GDK Integration Progress."", ""url"": ""https://github.com/xodus-gaming/xgameruntime/issues/11""}, {""number"": 14, ""title"": ""XStore Implementation"", ""url"": ""https://github.com/xodus-gaming/xgameruntime/issues/14""}]",interface_method
2,820,XStore,xstore.idl,IXStoreImpl,0dd112ac-7c24-448c-b92b-3960fb5bd30c,1,IUnknown,55,XStoreQueryGameAndDlcPackageUpdatesAsync,"HRESULT XStoreQueryGameAndDlcPackageUpdatesAsync([in] const XStoreContextHandle storeContextHandle, [in, out] XAsyncBlock * async)",HRESULT,"[{""name"": ""storeContextHandle"", ""type"": ""const XStoreContextHandle"", ""ctype"": ""const XStoreContextHandle"", ""attributes"": [""in""], ""in_param"": true, ""out_param"": false, ""optional"": false, ""string"": false, ""size_is"": null, ""length_is"": null, ""array"": null, ""sensitive"": false}, {""name"": ""async"", ""type"": ""XAsyncBlock *"", ""ctype"": ""XAsyncBlock *"", ""attributes"": [""in"", ""out""], ""in_param"": true, ""out_param"": true, ""optional"": false, ""string"": false, ""size_is"": null, ""length_is"": null, ""array"": null, ""sensitive"": false}]",[],stubbed_or_incomplete,"[{""kind"": ""FIXME"", ""file"": ""xstore.c"", ""line"": 387, ""text"": ""FIXME( \""iface %p, storeContextHandle %p, async %p stub!\\n\"", iface, storeContextHandle, async );""}, {""kind"": ""stub"", ""file"": ""xstore.c"", ""line"": 387, ""text"": ""FIXME( \""iface %p, storeContextHandle %p, async %p stub!\\n\"", iface, storeContextHandle, async );""}, {""kind"": ""E_NOTIMPL"", ""file"": ""xstore.c"", ""line"": 388, ""text"": ""return E_NOTIMPL;""}]",False,https://learn.microsoft.com/gaming/gdk/docs/reference/system/xstore/functions/xstorequerygameanddlcpackageupdatesasync,False,[],"[{""number"": 11, ""title"": ""GDK Integration Progress."", ""url"": ""https://github.com/xodus-gaming/xgameruntime/issues/11""}, {""number"": 14, ""title"": ""XStore Implementation"", ""url"": ""https://github.com/xodus-gaming/xgameruntime/issues/14""}]",interface_method
2,820,XStore,xstore.idl,IXStoreImpl,0dd112ac-7c24-448c-b92b-3960fb5bd30c,1,IUnknown,56,XStoreQueryGameAndDlcPackageUpdatesResultCount,"HRESULT XStoreQueryGameAndDlcPackageUpdatesResultCount([in, out] XAsyncBlock * async, [out] UINT32 * count)",HRESULT,"[{""name"": ""async"", ""type"": ""XAsyncBlock *"", ""ctype"": ""XAsyncBlock *"", ""attributes"": [""in"", ""out""], ""in_param"": true, ""out_param"": true, ""optional"": false, ""string"": false, ""size_is"": null, ""length_is"": null, ""array"": null, ""sensitive"": false}, {""name"": ""count"", ""type"": ""UINT32 *"", ""ctype"": ""UINT32 *"", ""attributes"": [""out""], ""in_param"": false, ""out_param"": true, ""optional"": false, ""string"": false, ""size_is"": null, ""length_is"": null, ""array"": null, ""sensitive"": false}]",[],stubbed_or_incomplete,"[{""kind"": ""FIXME"", ""file"": ""xstore.c"", ""line"": 393, ""text"": ""FIXME( \""iface %p, async %p, count %p stub!\\n\"", iface, async, count );""}, {""kind"": ""stub"", ""file"": ""xstore.c"", ""line"": 393, ""text"": ""FIXME( \""iface %p, async %p, count %p stub!\\n\"", iface, async, count );""}, {""kind"": ""E_NOTIMPL"", ""file"": ""xstore.c"", ""line"": 394, ""text"": ""return E_NOTIMPL;""}]",False,https://learn.microsoft.com/gaming/gdk/docs/reference/system/xstore/functions/xstorequerygameanddlcpackageupdatesresultcount,False,[],"[{""number"": 11, ""title"": ""GDK Integration Progress."", ""url"": ""https://github.com/xodus-gaming/xgameruntime/issues/11""}, {""number"": 14, ""title"": ""XStore Implementation"", ""url"": ""https://github.com/xodus-gaming/xgameruntime/issues/14""}]",interface_method
2,820,XStore,xstore.idl,IXStoreImpl,0dd112ac-7c24-448c-b92b-3960fb5bd30c,1,IUnknown,57,XStoreQueryGameAndDlcPackageUpdatesResult,"HRESULT XStoreQueryGameAndDlcPackageUpdatesResult([in, out] XAsyncBlock * async, [in] UINT32 count, [out, length_is(count)] XStorePackageUpdate * packageUpdates)",HRESULT,"[{""name"": ""async"", ""type"": ""XAsyncBlock *"", ""ctype"": ""XAsyncBlock *"", ""attributes"": [""in"", ""out""], ""in_param"": true, ""out_param"": true, ""optional"": false, ""string"": false, ""size_is"": null, ""length_is"": null, ""array"": null, ""sensitive"": false}, {""name"": ""count"", ""type"": ""UINT32"", ""ctype"": ""UINT32"", ""attributes"": [""in""], ""in_param"": true, ""out_param"": false, ""optional"": false, ""string"": false, ""size_is"": null, ""length_is"": null, ""array"": null, ""sensitive"": false}, {""name"": ""packageUpdates"", ""type"": ""XStorePackageUpdate *"", ""ctype"": ""XStorePackageUpdate *"", ""attributes"": [""out"", ""length_is(count)""], ""in_param"": false, ""out_param"": true, ""optional"": false, ""string"": false, ""size_is"": null, ""length_is"": ""count"", ""array"": ""*"", ""sensitive"": false}]",[],stubbed_or_incomplete,"[{""kind"": ""FIXME"", ""file"": ""xstore.c"", ""line"": 399, ""text"": ""FIXME( \""iface %p, async %p, count %u, packageUpdates %p stub!\\n\"", iface, async, count, packageUpdates );""}, {""kind"": ""stub"", ""file"": ""xstore.c"", ""line"": 399, ""text"": ""FIXME( \""iface %p, async %p, count %u, packageUpdates %p stub!\\n\"", iface, async, count, packageUpdates );""}, {""kind"": ""E_NOTIMPL"", ""file"": ""xstore.c"", ""line"": 400, ""text"": ""return E_NOTIMPL;""}]",False,https://learn.microsoft.com/gaming/gdk/docs/reference/system/xstore/functions/xstorequerygameanddlcpackageupdatesresult,False,[],"[{""number"": 11, ""title"": ""GDK Integration Progress."", ""url"": ""https://github.com/xodus-gaming/xgameruntime/issues/11""}, {""number"": 14, ""title"": ""XStore Implementation"", ""url"": ""https://github.com/xodus-gaming/xgameruntime/issues/14""}]",interface_method
2,820,XStore,xstore.idl,IXStoreImpl,0dd112ac-7c24-448c-b92b-3960fb5bd30c,1,IUnknown,58,XStoreDownloadPackageUpdatesAsync,"HRESULT XStoreDownloadPackageUpdatesAsync([in] const XStoreContextHandle storeContextHandle, [in, string, size_is(packageIdentifiersCount,)] const char ** packageIdentifiers, [in] SIZE_T packageIdentifiersCount, [in, out] XAsyncBlock * async)",HRESULT,"[{""name"": ""storeContextHandle"", ""type"": ""const XStoreContextHandle"", ""ctype"": ""const XStoreContextHandle"", ""attributes"": [""in""], ""in_param"": true, ""out_param"": false, ""optional"": false, ""string"": false, ""size_is"": null, ""length_is"": null, ""array"": null, ""sensitive"": false}, {""name"": ""packageIdentifiers"", ""type"": ""const char * *"", ""ctype"": ""const char **"", ""attributes"": [""in"", ""string"", ""size_is(packageIdentifiersCount,)""], ""in_param"": true, ""out_param"": false, ""optional"": false, ""string"": true, ""size_is"": ""packageIdentifiersCount"", ""length_is"": null, ""array"": null, ""sensitive"": false}, {""name"": ""packageIdentifiersCount"", ""type"": ""SIZE_T"", ""ctype"": ""SIZE_T"", ""attributes"": [""in""], ""in_param"": true, ""out_param"": false, ""optional"": false, ""string"": false, ""size_is"": null, ""length_is"": null, ""array"": null, ""sensitive"": false}, {""name"": ""async"", ""type"": ""XAsyncBlock *"", ""ctype"": ""XAsyncBlock *"", ""attributes"": [""in"", ""out""], ""in_param"": true, ""out_param"": true, ""optional"": false, ""string"": false, ""size_is"": null, ""length_is"": null, ""array"": null, ""sensitive"": false}]",[],stubbed_or_incomplete,"[{""kind"": ""FIXME"", ""file"": ""xstore.c"", ""line"": 405, ""text"": ""FIXME( \""iface %p, storeContextHandle %p, packageIdentifiers %p, packageIdentifiersCount %Iu, async %p stub!\\n\"", iface, storeContextHandle, packageIdentifiers, packageIdentifiersCount, async );""}, {""kind"": ""stub"", ""file"": ""xstore.c"", ""line"": 405, ""text"": ""FIXME( \""iface %p, storeContextHandle %p, packageIdentifiers %p, packageIdentifiersCount %Iu, async %p stub!\\n\"", iface, storeContextHandle, packageIdentifiers, packageIdentifiersCount, async );""}, {""kind"": ""E_NOTIMPL"", ""file"": ""xstore.c"", ""line"": 406, ""text"": ""return E_NOTIMPL;""}]",False,https://learn.microsoft.com/gaming/gdk/docs/reference/system/xstore/functions/xstoredownloadpackageupdatesasync,False,[],"[{""number"": 11, ""title"": ""GDK Integration Progress."", ""url"": ""https://github.com/xodus-gaming/xgameruntime/issues/11""}, {""number"": 14, ""title"": ""XStore Implementation"", ""url"": ""https://github.com/xodus-gaming/xgameruntime/issues/14""}]",interface_method
2,820,XStore,xstore.idl,IXStoreImpl,0dd112ac-7c24-448c-b92b-3960fb5bd30c,1,IUnknown,59,XStoreDownloadPackageUpdatesResult,"HRESULT XStoreDownloadPackageUpdatesResult([in, out] XAsyncBlock * async)",HRESULT,"[{""name"": ""async"", ""type"": ""XAsyncBlock *"", ""ctype"": ""XAsyncBlock *"", ""attributes"": [""in"", ""out""], ""in_param"": true, ""out_param"": true, ""optional"": false, ""string"": false, ""size_is"": null, ""length_is"": null, ""array"": null, ""sensitive"": false}]",[],stubbed_or_incomplete,"[{""kind"": ""FIXME"", ""file"": ""xstore.c"", ""line"": 411, ""text"": ""FIXME( \""iface %p, async %p stub!\\n\"", iface, async );""}, {""kind"": ""stub"", ""file"": ""xstore.c"", ""line"": 411, ""text"": ""FIXME( \""iface %p, async %p stub!\\n\"", iface, async );""}, {""kind"": ""E_NOTIMPL"", ""file"": ""xstore.c"", ""line"": 412, ""text"": ""return E_NOTIMPL;""}]",False,https://learn.microsoft.com/gaming/gdk/docs/reference/system/xstore/functions/xstoredownloadpackageupdatesresult,False,[],"[{""number"": 11, ""title"": ""GDK Integration Progress."", ""url"": ""https://github.com/xodus-gaming/xgameruntime/issues/11""}, {""number"": 14, ""title"": ""XStore Implementation"", ""url"": ""https://github.com/xodus-gaming/xgameruntime/issues/14""}]",interface_method
2,820,XStore,xstore.idl,IXStoreImpl,0dd112ac-7c24-448c-b92b-3960fb5bd30c,1,IUnknown,60,XStoreDownloadAndInstallPackageUpdatesAsync,"HRESULT XStoreDownloadAndInstallPackageUpdatesAsync([in] const XStoreContextHandle storeContextHandle, [in, string, size_is(packageIdentifiersCount,)] const char ** packageIdentifiers, [in] SIZE_T packageIdentifiersCount, [in, out] XAsyncBlock * async)",HRESULT,"[{""name"": ""storeContextHandle"", ""type"": ""const XStoreContextHandle"", ""ctype"": ""const XStoreContextHandle"", ""attributes"": [""in""], ""in_param"": true, ""out_param"": false, ""optional"": false, ""string"": false, ""size_is"": null, ""length_is"": null, ""array"": null, ""sensitive"": false}, {""name"": ""packageIdentifiers"", ""type"": ""const char * *"", ""ctype"": ""const char **"", ""attributes"": [""in"", ""string"", ""size_is(packageIdentifiersCount,)""], ""in_param"": true, ""out_param"": false, ""optional"": false, ""string"": true, ""size_is"": ""packageIdentifiersCount"", ""length_is"": null, ""array"": null, ""sensitive"": false}, {""name"": ""packageIdentifiersCount"", ""type"": ""SIZE_T"", ""ctype"": ""SIZE_T"", ""attributes"": [""in""], ""in_param"": true, ""out_param"": false, ""optional"": false, ""string"": false, ""size_is"": null, ""length_is"": null, ""array"": null, ""sensitive"": false}, {""name"": ""async"", ""type"": ""XAsyncBlock *"", ""ctype"": ""XAsyncBlock *"", ""attributes"": [""in"", ""out""], ""in_param"": true, ""out_param"": true, ""optional"": false, ""string"": false, ""size_is"": null, ""length_is"": null, ""array"": null, ""sensitive"": false}]",[],stubbed_or_incomplete,"[{""kind"": ""FIXME"", ""file"": ""xstore.c"", ""line"": 417, ""text"": ""FIXME( \""iface %p, storeContextHandle %p, packageIdentifiers %p, packageIdentifiersCount %Iu, async %p stub!\\n\"", iface, storeContextHandle, packageIdentifiers, packageIdentifiersCount, async );""}, {""kind"": ""stub"", ""file"": ""xstore.c"", ""line"": 417, ""text"": ""FIXME( \""iface %p, storeContextHandle %p, packageIdentifiers %p, packageIdentifiersCount %Iu, async %p stub!\\n\"", iface, storeContextHandle, packageIdentifiers, packageIdentifiersCount, async );""}, {""kind"": ""E_NOTIMPL"", ""file"": ""xstore.c"", ""line"": 418, ""text"": ""return E_NOTIMPL;""}]",False,https://learn.microsoft.com/gaming/gdk/docs/reference/system/xstore/functions/xstoredownloadandinstallpackageupdatesasync,False,[],"[{""number"": 11, ""title"": ""GDK Integration Progress."", ""url"": ""https://github.com/xodus-gaming/xgameruntime/issues/11""}, {""number"": 14, ""title"": ""XStore Implementation"", ""url"": ""https://github.com/xodus-gaming/xgameruntime/issues/14""}]",interface_method
2,820,XStore,xstore.idl,IXStoreImpl,0dd112ac-7c24-448c-b92b-3960fb5bd30c,1,IUnknown,61,XStoreDownloadAndInstallPackageUpdatesResult,"HRESULT XStoreDownloadAndInstallPackageUpdatesResult([in, out] XAsyncBlock * async)",HRESULT,"[{""name"": ""async"", ""type"": ""XAsyncBlock *"", ""ctype"": ""XAsyncBlock *"", ""attributes"": [""in"", ""out""], ""in_param"": true, ""out_param"": true, ""optional"": false, ""string"": false, ""size_is"": null, ""length_is"": null, ""array"": null, ""sensitive"": false}]",[],stubbed_or_incomplete,"[{""kind"": ""FIXME"", ""file"": ""xstore.c"", ""line"": 423, ""text"": ""FIXME( \""iface %p, async %p stub!\\n\"", iface, async );""}, {""kind"": ""stub"", ""file"": ""xstore.c"", ""line"": 423, ""text"": ""FIXME( \""iface %p, async %p stub!\\n\"", iface, async );""}, {""kind"": ""E_NOTIMPL"", ""file"": ""xstore.c"", ""line"": 424, ""text"": ""return E_NOTIMPL;""}]",False,https://learn.microsoft.com/gaming/gdk/docs/reference/system/xstore/functions/xstoredownloadandinstallpackageupdatesresult,False,[],"[{""number"": 11, ""title"": ""GDK Integration Progress."", ""url"": ""https://github.com/xodus-gaming/xgameruntime/issues/11""}, {""number"": 14, ""title"": ""XStore Implementation"", ""url"": ""https://github.com/xodus-gaming/xgameruntime/issues/14""}]",interface_method
2,820,XStore,xstore.idl,IXStoreImpl,0dd112ac-7c24-448c-b92b-3960fb5bd30c,1,IUnknown,62,XStoreDownloadAndInstallPackagesAsync,"HRESULT XStoreDownloadAndInstallPackagesAsync([in] const XStoreContextHandle storeContextHandle, [in, string, size_is(storeIdsCount,)] const char ** storeIds, [in] SIZE_T storeIdsCount, [in, out] XAsyncBlock * async)",HRESULT,"[{""name"": ""storeContextHandle"", ""type"": ""const XStoreContextHandle"", ""ctype"": ""const XStoreContextHandle"", ""attributes"": [""in""], ""in_param"": true, ""out_param"": false, ""optional"": false, ""string"": false, ""size_is"": null, ""length_is"": null, ""array"": null, ""sensitive"": false}, {""name"": ""storeIds"", ""type"": ""const char * *"", ""ctype"": ""const char **"", ""attributes"": [""in"", ""string"", ""size_is(storeIdsCount,)""], ""in_param"": true, ""out_param"": false, ""optional"": false, ""string"": true, ""size_is"": ""storeIdsCount"", ""length_is"": null, ""array"": null, ""sensitive"": false}, {""name"": ""storeIdsCount"", ""type"": ""SIZE_T"", ""ctype"": ""SIZE_T"", ""attributes"": [""in""], ""in_param"": true, ""out_param"": false, ""optional"": false, ""string"": false, ""size_is"": null, ""length_is"": null, ""array"": null, ""sensitive"": false}, {""name"": ""async"", ""type"": ""XAsyncBlock *"", ""ctype"": ""XAsyncBlock *"", ""attributes"": [""in"", ""out""], ""in_param"": true, ""out_param"": true, ""optional"": false, ""string"": false, ""size_is"": null, ""length_is"": null, ""array"": null, ""sensitive"": false}]",[],stubbed_or_incomplete,"[{""kind"": ""FIXME"", ""file"": ""xstore.c"", ""line"": 429, ""text"": ""FIXME( \""iface %p, storeContextHandle %p, storeIds %p, storeIdsCount %Iu, async %p stub!\\n\"", iface, storeContextHandle, storeIds, storeIdsCount, async );""}, {""kind"": ""stub"", ""file"": ""xstore.c"", ""line"": 429, ""text"": ""FIXME( \""iface %p, storeContextHandle %p, storeIds %p, storeIdsCount %Iu, async %p stub!\\n\"", iface, storeContextHandle, storeIds, storeIdsCount, async );""}, {""kind"": ""E_NOTIMPL"", ""file"": ""xstore.c"", ""line"": 430, ""text"": ""return E_NOTIMPL;""}]",False,https://learn.microsoft.com/gaming/gdk/docs/reference/system/xstore/functions/xstoredownloadandinstallpackagesasync,False,[],"[{""number"": 11, ""title"": ""GDK Integration Progress."", ""url"": ""https://github.com/xodus-gaming/xgameruntime/issues/11""}, {""number"": 14, ""title"": ""XStore Implementation"", ""url"": ""https://github.com/xodus-gaming/xgameruntime/issues/14""}]",interface_method
2,820,XStore,xstore.idl,IXStoreImpl,0dd112ac-7c24-448c-b92b-3960fb5bd30c,1,IUnknown,63,XStoreDownloadAndInstallPackagesResultCount,"HRESULT XStoreDownloadAndInstallPackagesResultCount([in, out] XAsyncBlock * async, [out] UINT32 * count)",HRESULT,"[{""name"": ""async"", ""type"": ""XAsyncBlock *"", ""ctype"": ""XAsyncBlock *"", ""attributes"": [""in"", ""out""], ""in_param"": true, ""out_param"": true, ""optional"": false, ""string"": false, ""size_is"": null, ""length_is"": null, ""array"": null, ""sensitive"": false}, {""name"": ""count"", ""type"": ""UINT32 *"", ""ctype"": ""UINT32 *"", ""attributes"": [""out""], ""in_param"": false, ""out_param"": true, ""optional"": false, ""string"": false, ""size_is"": null, ""length_is"": null, ""array"": null, ""sensitive"": false}]",[],stubbed_or_incomplete,"[{""kind"": ""FIXME"", ""file"": ""xstore.c"", ""line"": 435, ""text"": ""FIXME( \""iface %p, async %p, count %p stub!\\n\"", iface, async, count );""}, {""kind"": ""stub"", ""file"": ""xstore.c"", ""line"": 435, ""text"": ""FIXME( \""iface %p, async %p, count %p stub!\\n\"", iface, async, count );""}, {""kind"": ""E_NOTIMPL"", ""file"": ""xstore.c"", ""line"": 436, ""text"": ""return E_NOTIMPL;""}]",False,https://learn.microsoft.com/gaming/gdk/docs/reference/system/xstore/functions/xstoredownloadandinstallpackagesresultcount,False,[],"[{""number"": 11, ""title"": ""GDK Integration Progress."", ""url"": ""https://github.com/xodus-gaming/xgameruntime/issues/11""}, {""number"": 14, ""title"": ""XStore Implementation"", ""url"": ""https://github.com/xodus-gaming/xgameruntime/issues/14""}]",interface_method
2,820,XStore,xstore.idl,IXStoreImpl,0dd112ac-7c24-448c-b92b-3960fb5bd30c,1,IUnknown,64,XStoreDownloadAndInstallPackagesResult,"HRESULT XStoreDownloadAndInstallPackagesResult([in, out] XAsyncBlock * async, [in] UINT32 count, [out, string, size_is(count,33)] char ** packageIdentifiers)",HRESULT,"[{""name"": ""async"", ""type"": ""XAsyncBlock *"", ""ctype"": ""XAsyncBlock *"", ""attributes"": [""in"", ""out""], ""in_param"": true, ""out_param"": true, ""optional"": false, ""string"": false, ""size_is"": null, ""length_is"": null, ""array"": null, ""sensitive"": false}, {""name"": ""count"", ""type"": ""UINT32"", ""ctype"": ""UINT32"", ""attributes"": [""in""], ""in_param"": true, ""out_param"": false, ""optional"": false, ""string"": false, ""size_is"": null, ""length_is"": null, ""array"": null, ""sensitive"": false}, {""name"": ""packageIdentifiers"", ""type"": ""char * *"", ""ctype"": ""char **"", ""attributes"": [""out"", ""string"", ""size_is(count,33)""], ""in_param"": false, ""out_param"": true, ""optional"": false, ""string"": true, ""size_is"": ""count,33"", ""length_is"": null, ""array"": null, ""sensitive"": false}]",[],stubbed_or_incomplete,"[{""kind"": ""FIXME"", ""file"": ""xstore.c"", ""line"": 441, ""text"": ""FIXME( \""iface %p, async %p, count %u, packageIdentifiers %p stub!\\n\"", iface, async, count, packageIdentifiers );""}, {""kind"": ""stub"", ""file"": ""xstore.c"", ""line"": 441, ""text"": ""FIXME( \""iface %p, async %p, count %u, packageIdentifiers %p stub!\\n\"", iface, async, count, packageIdentifiers );""}, {""kind"": ""E_NOTIMPL"", ""file"": ""xstore.c"", ""line"": 442, ""text"": ""return E_NOTIMPL;""}]",False,https://learn.microsoft.com/gaming/gdk/docs/reference/system/xstore/functions/xstoredownloadandinstallpackagesresult,False,[],"[{""number"": 11, ""title"": ""GDK Integration Progress."", ""url"": ""https://github.com/xodus-gaming/xgameruntime/issues/11""}, {""number"": 14, ""title"": ""XStore Implementation"", ""url"": ""https://github.com/xodus-gaming/xgameruntime/issues/14""}]",interface_method
2,820,XStore,xstore.idl,IXStoreImpl,0dd112ac-7c24-448c-b92b-3960fb5bd30c,1,IUnknown,65,XStoreQueryPackageIdentifier,"HRESULT XStoreQueryPackageIdentifier([in, string] const char * storeId, [in] SIZE_T size, [out, string, size_is(size)] char * packageIdentifier)",HRESULT,"[{""name"": ""storeId"", ""type"": ""const char *"", ""ctype"": ""const char *"", ""attributes"": [""in"", ""string""], ""in_param"": true, ""out_param"": false, ""optional"": false, ""string"": true, ""size_is"": null, ""length_is"": null, ""array"": null, ""sensitive"": false}, {""name"": ""size"", ""type"": ""SIZE_T"", ""ctype"": ""SIZE_T"", ""attributes"": [""in""], ""in_param"": true, ""out_param"": false, ""optional"": false, ""string"": false, ""size_is"": null, ""length_is"": null, ""array"": null, ""sensitive"": false}, {""name"": ""packageIdentifier"", ""type"": ""char *"", ""ctype"": ""char *"", ""attributes"": [""out"", ""string"", ""size_is(size)""], ""in_param"": false, ""out_param"": true, ""optional"": false, ""string"": true, ""size_is"": ""size"", ""length_is"": null, ""array"": null, ""sensitive"": false}]",[],stubbed_or_incomplete,"[{""kind"": ""FIXME"", ""file"": ""xstore.c"", ""line"": 447, ""text"": ""FIXME( \""iface %p, storeId %s, size %Iu, packageIdentifier %p stub!\\n\"", iface, debugstr_a( storeId ), size, packageIdentifier );""}, {""kind"": ""stub"", ""file"": ""xstore.c"", ""line"": 447, ""text"": ""FIXME( \""iface %p, storeId %s, size %Iu, packageIdentifier %p stub!\\n\"", iface, debugstr_a( storeId ), size, packageIdentifier );""}, {""kind"": ""E_NOTIMPL"", ""file"": ""xstore.c"", ""line"": 448, ""text"": ""return E_NOTIMPL;""}]",False,https://learn.microsoft.com/gaming/gdk/docs/reference/system/xstore/functions/xstorequerypackageidentifier,False,[],"[{""number"": 11, ""title"": ""GDK Integration Progress."", ""url"": ""https://github.com/xodus-gaming/xgameruntime/issues/11""}, {""number"": 14, ""title"": ""XStore Implementation"", ""url"": ""https://github.com/xodus-gaming/xgameruntime/issues/14""}]",interface_method
2,820,XStore,xstore.idl,IXStoreImpl,0dd112ac-7c24-448c-b92b-3960fb5bd30c,1,IUnknown,66,XStoreRegisterGameLicenseChanged,"HRESULT XStoreRegisterGameLicenseChanged([in] XStoreContextHandle storeContextHandle, [in] XTaskQueueHandle queue, [in, optional] void * context, [in] XStoreGameLicenseChangedCallback * callback, [out] XTaskQueueRegistrationToken * token)",HRESULT,"[{""name"": ""storeContextHandle"", ""type"": ""XStoreContextHandle"", ""ctype"": ""XStoreContextHandle"", ""attributes"": [""in""], ""in_param"": true, ""out_param"": false, ""optional"": false, ""string"": false, ""size_is"": null, ""length_is"": null, ""array"": null, ""sensitive"": false}, {""name"": ""queue"", ""type"": ""XTaskQueueHandle"", ""ctype"": ""XTaskQueueHandle"", ""attributes"": [""in""], ""in_param"": true, ""out_param"": false, ""optional"": false, ""string"": false, ""size_is"": null, ""length_is"": null, ""array"": null, ""sensitive"": false}, {""name"": ""context"", ""type"": ""void *"", ""ctype"": ""void *"", ""attributes"": [""in"", ""optional""], ""in_param"": true, ""out_param"": false, ""optional"": true, ""string"": false, ""size_is"": null, ""length_is"": null, ""array"": null, ""sensitive"": false}, {""name"": ""callback"", ""type"": ""XStoreGameLicenseChangedCallback *"", ""ctype"": ""XStoreGameLicenseChangedCallback *"", ""attributes"": [""in""], ""in_param"": true, ""out_param"": false, ""optional"": false, ""string"": false, ""size_is"": null, ""length_is"": null, ""array"": null, ""sensitive"": false}, {""name"": ""token"", ""type"": ""XTaskQueueRegistrationToken *"", ""ctype"": ""XTaskQueueRegistrationToken *"", ""attributes"": [""out""], ""in_param"": false, ""out_param"": true, ""optional"": false, ""string"": false, ""size_is"": null, ""length_is"": null, ""array"": null, ""sensitive"": true}]",[],stubbed_or_incomplete,"[{""kind"": ""FIXME"", ""file"": ""xstore.c"", ""line"": 453, ""text"": ""FIXME( \""iface %p, storeContextHandle %p, queue %p, context %p, callback %p, token %p stub!\\n\"", iface, storeContextHandle, queue, context, callback, token );""}, {""kind"": ""stub"", ""file"": ""xstore.c"", ""line"": 453, ""text"": ""FIXME( \""iface %p, storeContextHandle %p, queue %p, context %p, callback %p, token %p stub!\\n\"", iface, storeContextHandle, queue, context, callback, token );""}, {""kind"": ""E_NOTIMPL"", ""file"": ""xstore.c"", ""line"": 454, ""text"": ""return E_NOTIMPL;""}]",False,https://learn.microsoft.com/gaming/gdk/docs/reference/system/xstore/functions/xstoreregistergamelicensechanged,False,[],"[{""number"": 11, ""title"": ""GDK Integration Progress."", ""url"": ""https://github.com/xodus-gaming/xgameruntime/issues/11""}, {""number"": 14, ""title"": ""XStore Implementation"", ""url"": ""https://github.com/xodus-gaming/xgameruntime/issues/14""}]",interface_method
2,820,XStore,xstore.idl,IXStoreImpl,0dd112ac-7c24-448c-b92b-3960fb5bd30c,1,IUnknown,67,XStoreUnregisterGameLicenseChanged,"BOOLEAN XStoreUnregisterGameLicenseChanged([in] XStoreContextHandle storeContextHandle, [in] XTaskQueueRegistrationToken token, [in] BOOLEAN wait)",BOOLEAN,"[{""name"": ""storeContextHandle"", ""type"": ""XStoreContextHandle"", ""ctype"": ""XStoreContextHandle"", ""attributes"": [""in""], ""in_param"": true, ""out_param"": false, ""optional"": false, ""string"": false, ""size_is"": null, ""length_is"": null, ""array"": null, ""sensitive"": false}, {""name"": ""token"", ""type"": ""XTaskQueueRegistrationToken"", ""ctype"": ""XTaskQueueRegistrationToken"", ""attributes"": [""in""], ""in_param"": true, ""out_param"": false, ""optional"": false, ""string"": false, ""size_is"": null, ""length_is"": null, ""array"": null, ""sensitive"": true}, {""name"": ""wait"", ""type"": ""BOOLEAN"", ""ctype"": ""BOOLEAN"", ""attributes"": [""in""], ""in_param"": true, ""out_param"": false, ""optional"": false, ""string"": false, ""size_is"": null, ""length_is"": null, ""array"": null, ""sensitive"": false}]",[],stubbed_or_incomplete,"[{""kind"": ""FIXME"", ""file"": ""xstore.c"", ""line"": 459, ""text"": ""FIXME( \""iface %p, storeContextHandle %p, token %p, wait %d stub!\\n\"", iface, storeContextHandle, &token, wait );""}, {""kind"": ""stub"", ""file"": ""xstore.c"", ""line"": 459, ""text"": ""FIXME( \""iface %p, storeContextHandle %p, token %p, wait %d stub!\\n\"", iface, storeContextHandle, &token, wait );""}]",False,https://learn.microsoft.com/gaming/gdk/docs/reference/system/xstore/functions/xstoreunregistergamelicensechanged,False,[],"[{""number"": 11, ""title"": ""GDK Integration Progress."", ""url"": ""https://github.com/xodus-gaming/xgameruntime/issues/11""}, {""number"": 14, ""title"": ""XStore Implementation"", ""url"": ""https://github.com/xodus-gaming/xgameruntime/issues/14""}]",interface_method
2,820,XStore,xstore.idl,IXStoreImpl,0dd112ac-7c24-448c-b92b-3960fb5bd30c,1,IUnknown,68,XStoreRegisterPackageLicenseLost,"HRESULT XStoreRegisterPackageLicenseLost([in] XStoreLicenseHandle licenseHandle, [in] XTaskQueueHandle queue, [in, optional] void * context, [in] XStorePackageLicenseLostCallback * callback, [out] XTaskQueueRegistrationToken * token)",HRESULT,"[{""name"": ""licenseHandle"", ""type"": ""XStoreLicenseHandle"", ""ctype"": ""XStoreLicenseHandle"", ""attributes"": [""in""], ""in_param"": true, ""out_param"": false, ""optional"": false, ""string"": false, ""size_is"": null, ""length_is"": null, ""array"": null, ""sensitive"": false}, {""name"": ""queue"", ""type"": ""XTaskQueueHandle"", ""ctype"": ""XTaskQueueHandle"", ""attributes"": [""in""], ""in_param"": true, ""out_param"": false, ""optional"": false, ""string"": false, ""size_is"": null, ""length_is"": null, ""array"": null, ""sensitive"": false}, {""name"": ""context"", ""type"": ""void *"", ""ctype"": ""void *"", ""attributes"": [""in"", ""optional""], ""in_param"": true, ""out_param"": false, ""optional"": true, ""string"": false, ""size_is"": null, ""length_is"": null, ""array"": null, ""sensitive"": false}, {""name"": ""callback"", ""type"": ""XStorePackageLicenseLostCallback *"", ""ctype"": ""XStorePackageLicenseLostCallback *"", ""attributes"": [""in""], ""in_param"": true, ""out_param"": false, ""optional"": false, ""string"": false, ""size_is"": null, ""length_is"": null, ""array"": null, ""sensitive"": false}, {""name"": ""token"", ""type"": ""XTaskQueueRegistrationToken *"", ""ctype"": ""XTaskQueueRegistrationToken *"", ""attributes"": [""out""], ""in_param"": false, ""out_param"": true, ""optional"": false, ""string"": false, ""size_is"": null, ""length_is"": null, ""array"": null, ""sensitive"": true}]",[],stubbed_or_incomplete,"[{""kind"": ""FIXME"", ""file"": ""xstore.c"", ""line"": 465, ""text"": ""FIXME( \""iface %p, storeLicenseHandle %p, queue %p, context %p, callback %p, token %p stub!\\n\"", iface, storeLicenseHandle, queue, context, callback, token );""}, {""kind"": ""stub"", ""file"": ""xstore.c"", ""line"": 465, ""text"": ""FIXME( \""iface %p, storeLicenseHandle %p, queue %p, context %p, callback %p, token %p stub!\\n\"", iface, storeLicenseHandle, queue, context, callback, token );""}, {""kind"": ""E_NOTIMPL"", ""file"": ""xstore.c"", ""line"": 466, ""text"": ""return E_NOTIMPL;""}]",False,https://learn.microsoft.com/gaming/gdk/docs/reference/system/xstore/functions/xstoreregisterpackagelicenselost,False,[],"[{""number"": 11, ""title"": ""GDK Integration Progress."", ""url"": ""https://github.com/xodus-gaming/xgameruntime/issues/11""}, {""number"": 14, ""title"": ""XStore Implementation"", ""url"": ""https://github.com/xodus-gaming/xgameruntime/issues/14""}]",interface_method
2,820,XStore,xstore.idl,IXStoreImpl,0dd112ac-7c24-448c-b92b-3960fb5bd30c,1,IUnknown,69,XStoreUnregisterPackageLicenseLost,"BOOLEAN XStoreUnregisterPackageLicenseLost([in] XStoreLicenseHandle licenseHandle, [in] XTaskQueueRegistrationToken token, [in] BOOLEAN wait)",BOOLEAN,"[{""name"": ""licenseHandle"", ""type"": ""XStoreLicenseHandle"", ""ctype"": ""XStoreLicenseHandle"", ""attributes"": [""in""], ""in_param"": true, ""out_param"": false, ""optional"": false, ""string"": false, ""size_is"": null, ""length_is"": null, ""array"": null, ""sensitive"": false}, {""name"": ""token"", ""type"": ""XTaskQueueRegistrationToken"", ""ctype"": ""XTaskQueueRegistrationToken"", ""attributes"": [""in""], ""in_param"": true, ""out_param"": false, ""optional"": false, ""string"": false, ""size_is"": null, ""length_is"": null, ""array"": null, ""sensitive"": true}, {""name"": ""wait"", ""type"": ""BOOLEAN"", ""ctype"": ""BOOLEAN"", ""attributes"": [""in""], ""in_param"": true, ""out_param"": false, ""optional"": false, ""string"": false, ""size_is"": null, ""length_is"": null, ""array"": null, ""sensitive"": false}]",[],stubbed_or_incomplete,"[{""kind"": ""FIXME"", ""file"": ""xstore.c"", ""line"": 471, ""text"": ""FIXME( \""iface %p, licenseHandle %p, token %p, wait %d stub!\\n\"", iface, licenseHandle, &token, wait );""}, {""kind"": ""stub"", ""file"": ""xstore.c"", ""line"": 471, ""text"": ""FIXME( \""iface %p, licenseHandle %p, token %p, wait %d stub!\\n\"", iface, licenseHandle, &token, wait );""}]",False,https://learn.microsoft.com/gaming/gdk/docs/reference/system/xstore/functions/xstoreunregisterpackagelicenselost,False,[],"[{""number"": 11, ""title"": ""GDK Integration Progress."", ""url"": ""https://github.com/xodus-gaming/xgameruntime/issues/11""}, {""number"": 14, ""title"": ""XStore Implementation"", ""url"": ""https://github.com/xodus-gaming/xgameruntime/issues/14""}]",interface_method
2,820,XStore,xstore.idl,IXStoreImpl2,60b09f4e-1b85-45b1-826c-169118e230e1,2,IXStoreImpl,70,XStoreIsAvailabilityPurchasable,BOOLEAN XStoreIsAvailabilityPurchasable([in] const XStoreAvailability availability),BOOLEAN,"[{""name"": ""availability"", ""type"": ""const XStoreAvailability"", ""ctype"": ""const XStoreAvailability"", ""attributes"": [""in""], ""in_param"": true, ""out_param"": false, ""optional"": false, ""string"": false, ""size_is"": null, ""length_is"": null, ""array"": null, ""sensitive"": false}]",[],stubbed_or_incomplete,"[{""kind"": ""FIXME"", ""file"": ""xstore.c"", ""line"": 477, ""text"": ""FIXME( \""iface %p, availability %p stub!\\n\"", iface, &availability );""}, {""kind"": ""stub"", ""file"": ""xstore.c"", ""line"": 477, ""text"": ""FIXME( \""iface %p, availability %p stub!\\n\"", iface, &availability );""}]",False,,False,[],"[{""number"": 11, ""title"": ""GDK Integration Progress."", ""url"": ""https://github.com/xodus-gaming/xgameruntime/issues/11""}, {""number"": 14, ""title"": ""XStore Implementation"", ""url"": ""https://github.com/xodus-gaming/xgameruntime/issues/14""}]",interface_method
2,820,XStore,xstore.idl,IXStoreImpl3,2d42fea5-e71d-4b76-97cd-c50afbb3ae5d,3,IXStoreImpl2,71,XStoreAcquireLicenseForDurablesAsync,"HRESULT XStoreAcquireLicenseForDurablesAsync([in] const XStoreContextHandle storeContextHandle, [in, string] const char * storeId, [in, out] XAsyncBlock * async)",HRESULT,"[{""name"": ""storeContextHandle"", ""type"": ""const XStoreContextHandle"", ""ctype"": ""const XStoreContextHandle"", ""attributes"": [""in""], ""in_param"": true, ""out_param"": false, ""optional"": false, ""string"": false, ""size_is"": null, ""length_is"": null, ""array"": null, ""sensitive"": false}, {""name"": ""storeId"", ""type"": ""const char *"", ""ctype"": ""const char *"", ""attributes"": [""in"", ""string""], ""in_param"": true, ""out_param"": false, ""optional"": false, ""string"": true, ""size_is"": null, ""length_is"": null, ""array"": null, ""sensitive"": false}, {""name"": ""async"", ""type"": ""XAsyncBlock *"", ""ctype"": ""XAsyncBlock *"", ""attributes"": [""in"", ""out""], ""in_param"": true, ""out_param"": true, ""optional"": false, ""string"": false, ""size_is"": null, ""length_is"": null, ""array"": null, ""sensitive"": false}]",[],stubbed_or_incomplete,"[{""kind"": ""FIXME"", ""file"": ""xstore.c"", ""line"": 483, ""text"": ""FIXME( \""iface %p, storeContextHandle %p, storeId %s, async %p stub!\\n\"", iface, storeContextHandle, debugstr_a( storeId ), async );""}, {""kind"": ""stub"", ""file"": ""xstore.c"", ""line"": 483, ""text"": ""FIXME( \""iface %p, storeContextHandle %p, storeId %s, async %p stub!\\n\"", iface, storeContextHandle, debugstr_a( storeId ), async );""}, {""kind"": ""E_NOTIMPL"", ""file"": ""xstore.c"", ""line"": 484, ""text"": ""return E_NOTIMPL;""}]",False,https://learn.microsoft.com/gaming/gdk/docs/reference/system/xstore/functions/xstoreacquirelicensefordurablesasync,False,[],"[{""number"": 11, ""title"": ""GDK Integration Progress."", ""url"": ""https://github.com/xodus-gaming/xgameruntime/issues/11""}, {""number"": 14, ""title"": ""XStore Implementation"", ""url"": ""https://github.com/xodus-gaming/xgameruntime/issues/14""}]",interface_method
2,820,XStore,xstore.idl,IXStoreImpl3,2d42fea5-e71d-4b76-97cd-c50afbb3ae5d,3,IXStoreImpl2,72,XStoreAcquireLicenseForDurablesResult,"HRESULT XStoreAcquireLicenseForDurablesResult([in, out] XAsyncBlock * async, [out] XStoreLicenseHandle * storeLicenseHandle)",HRESULT,"[{""name"": ""async"", ""type"": ""XAsyncBlock *"", ""ctype"": ""XAsyncBlock *"", ""attributes"": [""in"", ""out""], ""in_param"": true, ""out_param"": true, ""optional"": false, ""string"": false, ""size_is"": null, ""length_is"": null, ""array"": null, ""sensitive"": false}, {""name"": ""storeLicenseHandle"", ""type"": ""XStoreLicenseHandle *"", ""ctype"": ""XStoreLicenseHandle *"", ""attributes"": [""out""], ""in_param"": false, ""out_param"": true, ""optional"": false, ""string"": false, ""size_is"": null, ""length_is"": null, ""array"": null, ""sensitive"": false}]",[],stubbed_or_incomplete,"[{""kind"": ""FIXME"", ""file"": ""xstore.c"", ""line"": 489, ""text"": ""FIXME( \""iface %p, async %p, storeLicenseHandle %p stub!\\n\"", iface, async, storeLicenseHandle );""}, {""kind"": ""stub"", ""file"": ""xstore.c"", ""line"": 489, ""text"": ""FIXME( \""iface %p, async %p, storeLicenseHandle %p stub!\\n\"", iface, async, storeLicenseHandle );""}, {""kind"": ""E_NOTIMPL"", ""file"": ""xstore.c"", ""line"": 490, ""text"": ""return E_NOTIMPL;""}]",False,https://learn.microsoft.com/gaming/gdk/docs/reference/system/xstore/functions/xstoreacquirelicensefordurablesresult,False,[],"[{""number"": 11, ""title"": ""GDK Integration Progress."", ""url"": ""https://github.com/xodus-gaming/xgameruntime/issues/11""}, {""number"": 14, ""title"": ""XStore Implementation"", ""url"": ""https://github.com/xodus-gaming/xgameruntime/issues/14""}]",interface_method
2,820,XStore,xstore.idl,IXStoreImpl4,de3dbdd4-0b37-4bdb-a10e-acf3a354d06a,4,IXStoreImpl3,73,XStoreShowAssociatedProductsUIAsync,"HRESULT XStoreShowAssociatedProductsUIAsync([in] const XStoreContextHandle storeContextHandle, [in, string] const char * storeId, [in] XStoreProductKind productKinds, [in, out] XAsyncBlock * async)",HRESULT,"[{""name"": ""storeContextHandle"", ""type"": ""const XStoreContextHandle"", ""ctype"": ""const XStoreContextHandle"", ""attributes"": [""in""], ""in_param"": true, ""out_param"": false, ""optional"": false, ""string"": false, ""size_is"": null, ""length_is"": null, ""array"": null, ""sensitive"": false}, {""name"": ""storeId"", ""type"": ""const char *"", ""ctype"": ""const char *"", ""attributes"": [""in"", ""string""], ""in_param"": true, ""out_param"": false, ""optional"": false, ""string"": true, ""size_is"": null, ""length_is"": null, ""array"": null, ""sensitive"": false}, {""name"": ""productKinds"", ""type"": ""XStoreProductKind"", ""ctype"": ""XStoreProductKind"", ""attributes"": [""in""], ""in_param"": true, ""out_param"": false, ""optional"": false, ""string"": false, ""size_is"": null, ""length_is"": null, ""array"": null, ""sensitive"": false}, {""name"": ""async"", ""type"": ""XAsyncBlock *"", ""ctype"": ""XAsyncBlock *"", ""attributes"": [""in"", ""out""], ""in_param"": true, ""out_param"": true, ""optional"": false, ""string"": false, ""size_is"": null, ""length_is"": null, ""array"": null, ""sensitive"": false}]",[],stubbed_or_incomplete,"[{""kind"": ""FIXME"", ""file"": ""xstore.c"", ""line"": 495, ""text"": ""FIXME( \""iface %p, storeContextHandle %p, storeId %s, productKinds %#x, async %p stub!\\n\"", iface, storeContextHandle, debugstr_a( storeId ), productKinds, async );""}, {""kind"": ""stub"", ""file"": ""xstore.c"", ""line"": 495, ""text"": ""FIXME( \""iface %p, storeContextHandle %p, storeId %s, productKinds %#x, async %p stub!\\n\"", iface, storeContextHandle, debugstr_a( storeId ), productKinds, async );""}, {""kind"": ""E_NOTIMPL"", ""file"": ""xstore.c"", ""line"": 496, ""text"": ""return E_NOTIMPL;""}]",False,https://learn.microsoft.com/gaming/gdk/docs/reference/system/xstore/functions/xstoreshowassociatedproductsuiasync,False,[],"[{""number"": 11, ""title"": ""GDK Integration Progress."", ""url"": ""https://github.com/xodus-gaming/xgameruntime/issues/11""}, {""number"": 14, ""title"": ""XStore Implementation"", ""url"": ""https://github.com/xodus-gaming/xgameruntime/issues/14""}]",interface_method
2,820,XStore,xstore.idl,IXStoreImpl4,de3dbdd4-0b37-4bdb-a10e-acf3a354d06a,4,IXStoreImpl3,74,XStoreShowAssociatedProductsUIResult,"HRESULT XStoreShowAssociatedProductsUIResult([in, out] XAsyncBlock * async)",HRESULT,"[{""name"": ""async"", ""type"": ""XAsyncBlock *"", ""ctype"": ""XAsyncBlock *"", ""attributes"": [""in"", ""out""], ""in_param"": true, ""out_param"": true, ""optional"": false, ""string"": false, ""size_is"": null, ""length_is"": null, ""array"": null, ""sensitive"": false}]",[],stubbed_or_incomplete,"[{""kind"": ""FIXME"", ""file"": ""xstore.c"", ""line"": 501, ""text"": ""FIXME( \""iface %p, async %p stub!\\n\"", iface, async );""}, {""kind"": ""stub"", ""file"": ""xstore.c"", ""line"": 501, ""text"": ""FIXME( \""iface %p, async %p stub!\\n\"", iface, async );""}, {""kind"": ""E_NOTIMPL"", ""file"": ""xstore.c"", ""line"": 502, ""text"": ""return E_NOTIMPL;""}]",False,https://learn.microsoft.com/gaming/gdk/docs/reference/system/xstore/functions/xstoreshowassociatedproductsuiresult,False,[],"[{""number"": 11, ""title"": ""GDK Integration Progress."", ""url"": ""https://github.com/xodus-gaming/xgameruntime/issues/11""}, {""number"": 14, ""title"": ""XStore Implementation"", ""url"": ""https://github.com/xodus-gaming/xgameruntime/issues/14""}]",interface_method
2,820,XStore,xstore.idl,IXStoreImpl4,de3dbdd4-0b37-4bdb-a10e-acf3a354d06a,4,IXStoreImpl3,75,XStoreShowProductPageUIAsync,"HRESULT XStoreShowProductPageUIAsync([in] const XStoreContextHandle storeContextHandle, [in, string] const char * storeId, [in, out] XAsyncBlock * async)",HRESULT,"[{""name"": ""storeContextHandle"", ""type"": ""const XStoreContextHandle"", ""ctype"": ""const XStoreContextHandle"", ""attributes"": [""in""], ""in_param"": true, ""out_param"": false, ""optional"": false, ""string"": false, ""size_is"": null, ""length_is"": null, ""array"": null, ""sensitive"": false}, {""name"": ""storeId"", ""type"": ""const char *"", ""ctype"": ""const char *"", ""attributes"": [""in"", ""string""], ""in_param"": true, ""out_param"": false, ""optional"": false, ""string"": true, ""size_is"": null, ""length_is"": null, ""array"": null, ""sensitive"": false}, {""name"": ""async"", ""type"": ""XAsyncBlock *"", ""ctype"": ""XAsyncBlock *"", ""attributes"": [""in"", ""out""], ""in_param"": true, ""out_param"": true, ""optional"": false, ""string"": false, ""size_is"": null, ""length_is"": null, ""array"": null, ""sensitive"": false}]",[],stubbed_or_incomplete,"[{""kind"": ""FIXME"", ""file"": ""xstore.c"", ""line"": 507, ""text"": ""FIXME( \""iface %p, storeContextHandle %p, storeId %s, async %p stub!\\n\"", iface, storeContextHandle, debugstr_a( storeId ), async );""}, {""kind"": ""stub"", ""file"": ""xstore.c"", ""line"": 507, ""text"": ""FIXME( \""iface %p, storeContextHandle %p, storeId %s, async %p stub!\\n\"", iface, storeContextHandle, debugstr_a( storeId ), async );""}, {""kind"": ""E_NOTIMPL"", ""file"": ""xstore.c"", ""line"": 508, ""text"": ""return E_NOTIMPL;""}]",False,https://learn.microsoft.com/gaming/gdk/docs/reference/system/xstore/functions/xstoreshowproductpageuiasync,False,[],"[{""number"": 11, ""title"": ""GDK Integration Progress."", ""url"": ""https://github.com/xodus-gaming/xgameruntime/issues/11""}, {""number"": 14, ""title"": ""XStore Implementation"", ""url"": ""https://github.com/xodus-gaming/xgameruntime/issues/14""}]",interface_method
2,820,XStore,xstore.idl,IXStoreImpl4,de3dbdd4-0b37-4bdb-a10e-acf3a354d06a,4,IXStoreImpl3,76,XStoreShowProductPageUIResult,"HRESULT XStoreShowProductPageUIResult([in, out] XAsyncBlock * async)",HRESULT,"[{""name"": ""async"", ""type"": ""XAsyncBlock *"", ""ctype"": ""XAsyncBlock *"", ""attributes"": [""in"", ""out""], ""in_param"": true, ""out_param"": true, ""optional"": false, ""string"": false, ""size_is"": null, ""length_is"": null, ""array"": null, ""sensitive"": false}]",[],stubbed_or_incomplete,"[{""kind"": ""FIXME"", ""file"": ""xstore.c"", ""line"": 513, ""text"": ""FIXME( \""iface %p, async %p stub!\\n\"", iface, async );""}, {""kind"": ""stub"", ""file"": ""xstore.c"", ""line"": 513, ""text"": ""FIXME( \""iface %p, async %p stub!\\n\"", iface, async );""}, {""kind"": ""E_NOTIMPL"", ""file"": ""xstore.c"", ""line"": 514, ""text"": ""return E_NOTIMPL;""}]",False,https://learn.microsoft.com/gaming/gdk/docs/reference/system/xstore/functions/xstoreshowproductpageuiresult,False,[],"[{""number"": 11, ""title"": ""GDK Integration Progress."", ""url"": ""https://github.com/xodus-gaming/xgameruntime/issues/11""}, {""number"": 14, ""title"": ""XStore Implementation"", ""url"": ""https://github.com/xodus-gaming/xgameruntime/issues/14""}]",interface_method
2,820,XStore,xstore.idl,IXStoreImpl5,5c48dedf-0b67-4492-a4b5-6829b8e796e1,5,IXStoreImpl4,77,XStoreQueryAssociatedProductsForStoreIdAsync,"HRESULT XStoreQueryAssociatedProductsForStoreIdAsync([in] const XStoreContextHandle storeContextHandle, [in, string] const char * storeId, [in] XStoreProductKind productKinds, [in] UINT32 maxItemsToRetrievePerPage, [in, out] XAsyncBlock * async)",HRESULT,"[{""name"": ""storeContextHandle"", ""type"": ""const XStoreContextHandle"", ""ctype"": ""const XStoreContextHandle"", ""attributes"": [""in""], ""in_param"": true, ""out_param"": false, ""optional"": false, ""string"": false, ""size_is"": null, ""length_is"": null, ""array"": null, ""sensitive"": false}, {""name"": ""storeId"", ""type"": ""const char *"", ""ctype"": ""const char *"", ""attributes"": [""in"", ""string""], ""in_param"": true, ""out_param"": false, ""optional"": false, ""string"": true, ""size_is"": null, ""length_is"": null, ""array"": null, ""sensitive"": false}, {""name"": ""productKinds"", ""type"": ""XStoreProductKind"", ""ctype"": ""XStoreProductKind"", ""attributes"": [""in""], ""in_param"": true, ""out_param"": false, ""optional"": false, ""string"": false, ""size_is"": null, ""length_is"": null, ""array"": null, ""sensitive"": false}, {""name"": ""maxItemsToRetrievePerPage"", ""type"": ""UINT32"", ""ctype"": ""UINT32"", ""attributes"": [""in""], ""in_param"": true, ""out_param"": false, ""optional"": false, ""string"": false, ""size_is"": null, ""length_is"": null, ""array"": null, ""sensitive"": false}, {""name"": ""async"", ""type"": ""XAsyncBlock *"", ""ctype"": ""XAsyncBlock *"", ""attributes"": [""in"", ""out""], ""in_param"": true, ""out_param"": true, ""optional"": false, ""string"": false, ""size_is"": null, ""length_is"": null, ""array"": null, ""sensitive"": false}]",[],stubbed_or_incomplete,"[{""kind"": ""FIXME"", ""file"": ""xstore.c"", ""line"": 519, ""text"": ""FIXME( \""iface %p, storeContextHandle %p, storeId %s, productKinds %#x, maxItemsToRetrievePerPage %u, async %p stub!\\n\"", iface, storeContextHandle, debugstr_a( storeId ), productKinds, maxItemsToRetrievePerPage, async );""}, {""kind"": ""stub"", ""file"": ""xstore.c"", ""line"": 519, ""text"": ""FIXME( \""iface %p, storeContextHandle %p, storeId %s, productKinds %#x, maxItemsToRetrievePerPage %u, async %p stub!\\n\"", iface, storeContextHandle, debugstr_a( storeId ), productKinds, maxItemsToRetrievePerPage, async );""}, {""kind"": ""E_NOTIMPL"", ""file"": ""xstore.c"", ""line"": 520, ""text"": ""return E_NOTIMPL;""}]",False,https://learn.microsoft.com/gaming/gdk/docs/reference/system/xstore/functions/xstorequeryassociatedproductsforstoreidasync,False,[],"[{""number"": 11, ""title"": ""GDK Integration Progress."", ""url"": ""https://github.com/xodus-gaming/xgameruntime/issues/11""}, {""number"": 14, ""title"": ""XStore Implementation"", ""url"": ""https://github.com/xodus-gaming/xgameruntime/issues/14""}]",interface_method
2,820,XStore,xstore.idl,IXStoreImpl5,5c48dedf-0b67-4492-a4b5-6829b8e796e1,5,IXStoreImpl4,78,XStoreQueryAssociatedProductsForStoreIdResult,"HRESULT XStoreQueryAssociatedProductsForStoreIdResult([in, out] XAsyncBlock * async, [out] XStoreProductQueryHandle * productQueryHandle)",HRESULT,"[{""name"": ""async"", ""type"": ""XAsyncBlock *"", ""ctype"": ""XAsyncBlock *"", ""attributes"": [""in"", ""out""], ""in_param"": true, ""out_param"": true, ""optional"": false, ""string"": false, ""size_is"": null, ""length_is"": null, ""array"": null, ""sensitive"": false}, {""name"": ""productQueryHandle"", ""type"": ""XStoreProductQueryHandle *"", ""ctype"": ""XStoreProductQueryHandle *"", ""attributes"": [""out""], ""in_param"": false, ""out_param"": true, ""optional"": false, ""string"": false, ""size_is"": null, ""length_is"": null, ""array"": null, ""sensitive"": false}]",[],stubbed_or_incomplete,"[{""kind"": ""FIXME"", ""file"": ""xstore.c"", ""line"": 525, ""text"": ""FIXME( \""iface %p, async %p, productQueryHandle %p stub!\\n\"", iface, async, productQueryHandle );""}, {""kind"": ""stub"", ""file"": ""xstore.c"", ""line"": 525, ""text"": ""FIXME( \""iface %p, async %p, productQueryHandle %p stub!\\n\"", iface, async, productQueryHandle );""}, {""kind"": ""E_NOTIMPL"", ""file"": ""xstore.c"", ""line"": 526, ""text"": ""return E_NOTIMPL;""}]",False,https://learn.microsoft.com/gaming/gdk/docs/reference/system/xstore/functions/xstorequeryassociatedproductsforstoreidresult,False,[],"[{""number"": 11, ""title"": ""GDK Integration Progress."", ""url"": ""https://github.com/xodus-gaming/xgameruntime/issues/11""}, {""number"": 14, ""title"": ""XStore Implementation"", ""url"": ""https://github.com/xodus-gaming/xgameruntime/issues/14""}]",interface_method
2,820,XStore,xstore.idl,IXStoreImpl5,5c48dedf-0b67-4492-a4b5-6829b8e796e1,5,IXStoreImpl4,79,XStoreQueryPackageUpdatesAsync,"HRESULT XStoreQueryPackageUpdatesAsync([in] XStoreContextHandle storeContextHandle, [in, string, size_is(packageIdentifiersCount,)] const char ** packageIdentifiers, [in] SIZE_T packageIdentifiersCount, [in, out] XAsyncBlock * async)",HRESULT,"[{""name"": ""storeContextHandle"", ""type"": ""XStoreContextHandle"", ""ctype"": ""XStoreContextHandle"", ""attributes"": [""in""], ""in_param"": true, ""out_param"": false, ""optional"": false, ""string"": false, ""size_is"": null, ""length_is"": null, ""array"": null, ""sensitive"": false}, {""name"": ""packageIdentifiers"", ""type"": ""const char * *"", ""ctype"": ""const char **"", ""attributes"": [""in"", ""string"", ""size_is(packageIdentifiersCount,)""], ""in_param"": true, ""out_param"": false, ""optional"": false, ""string"": true, ""size_is"": ""packageIdentifiersCount"", ""length_is"": null, ""array"": null, ""sensitive"": false}, {""name"": ""packageIdentifiersCount"", ""type"": ""SIZE_T"", ""ctype"": ""SIZE_T"", ""attributes"": [""in""], ""in_param"": true, ""out_param"": false, ""optional"": false, ""string"": false, ""size_is"": null, ""length_is"": null, ""array"": null, ""sensitive"": false}, {""name"": ""async"", ""type"": ""XAsyncBlock *"", ""ctype"": ""XAsyncBlock *"", ""attributes"": [""in"", ""out""], ""in_param"": true, ""out_param"": true, ""optional"": false, ""string"": false, ""size_is"": null, ""length_is"": null, ""array"": null, ""sensitive"": false}]",[],stubbed_or_incomplete,"[{""kind"": ""FIXME"", ""file"": ""xstore.c"", ""line"": 531, ""text"": ""FIXME( \""iface %p, storeContextHandle %p, packageIdentifiers %p, packageIdentifiersCount %Iu, async %p stub!\\n\"", iface, storeContextHandle, packageIdentifiers, packageIdentifiersCount, async );""}, {""kind"": ""stub"", ""file"": ""xstore.c"", ""line"": 531, ""text"": ""FIXME( \""iface %p, storeContextHandle %p, packageIdentifiers %p, packageIdentifiersCount %Iu, async %p stub!\\n\"", iface, storeContextHandle, packageIdentifiers, packageIdentifiersCount, async );""}, {""kind"": ""E_NOTIMPL"", ""file"": ""xstore.c"", ""line"": 532, ""text"": ""return E_NOTIMPL;""}]",False,https://learn.microsoft.com/gaming/gdk/docs/reference/system/xstore/functions/xstorequerypackageupdatesasync,False,[],"[{""number"": 11, ""title"": ""GDK Integration Progress."", ""url"": ""https://github.com/xodus-gaming/xgameruntime/issues/11""}, {""number"": 14, ""title"": ""XStore Implementation"", ""url"": ""https://github.com/xodus-gaming/xgameruntime/issues/14""}]",interface_method
2,820,XStore,xstore.idl,IXStoreImpl5,5c48dedf-0b67-4492-a4b5-6829b8e796e1,5,IXStoreImpl4,80,XStoreQueryPackageUpdatesResultCount,"HRESULT XStoreQueryPackageUpdatesResultCount([in, out] XAsyncBlock * async, [out] UINT32 * count)",HRESULT,"[{""name"": ""async"", ""type"": ""XAsyncBlock *"", ""ctype"": ""XAsyncBlock *"", ""attributes"": [""in"", ""out""], ""in_param"": true, ""out_param"": true, ""optional"": false, ""string"": false, ""size_is"": null, ""length_is"": null, ""array"": null, ""sensitive"": false}, {""name"": ""count"", ""type"": ""UINT32 *"", ""ctype"": ""UINT32 *"", ""attributes"": [""out""], ""in_param"": false, ""out_param"": true, ""optional"": false, ""string"": false, ""size_is"": null, ""length_is"": null, ""array"": null, ""sensitive"": false}]",[],stubbed_or_incomplete,"[{""kind"": ""FIXME"", ""file"": ""xstore.c"", ""line"": 537, ""text"": ""FIXME( \""iface %p, async %p, count %p stub!\\n\"", iface, async, count );""}, {""kind"": ""stub"", ""file"": ""xstore.c"", ""line"": 537, ""text"": ""FIXME( \""iface %p, async %p, count %p stub!\\n\"", iface, async, count );""}, {""kind"": ""E_NOTIMPL"", ""file"": ""xstore.c"", ""line"": 538, ""text"": ""return E_NOTIMPL;""}]",False,https://learn.microsoft.com/gaming/gdk/docs/reference/system/xstore/functions/xstorequerypackageupdatesresultcount,False,[],"[{""number"": 11, ""title"": ""GDK Integration Progress."", ""url"": ""https://github.com/xodus-gaming/xgameruntime/issues/11""}, {""number"": 14, ""title"": ""XStore Implementation"", ""url"": ""https://github.com/xodus-gaming/xgameruntime/issues/14""}]",interface_method
2,820,XStore,xstore.idl,IXStoreImpl5,5c48dedf-0b67-4492-a4b5-6829b8e796e1,5,IXStoreImpl4,81,XStoreQueryPackageUpdatesResult,"HRESULT XStoreQueryPackageUpdatesResult([in, out] XAsyncBlock * async, [in] UINT32 count, [out, length_is(count)] XStorePackageUpdate * packageUpdates)",HRESULT,"[{""name"": ""async"", ""type"": ""XAsyncBlock *"", ""ctype"": ""XAsyncBlock *"", ""attributes"": [""in"", ""out""], ""in_param"": true, ""out_param"": true, ""optional"": false, ""string"": false, ""size_is"": null, ""length_is"": null, ""array"": null, ""sensitive"": false}, {""name"": ""count"", ""type"": ""UINT32"", ""ctype"": ""UINT32"", ""attributes"": [""in""], ""in_param"": true, ""out_param"": false, ""optional"": false, ""string"": false, ""size_is"": null, ""length_is"": null, ""array"": null, ""sensitive"": false}, {""name"": ""packageUpdates"", ""type"": ""XStorePackageUpdate *"", ""ctype"": ""XStorePackageUpdate *"", ""attributes"": [""out"", ""length_is(count)""], ""in_param"": false, ""out_param"": true, ""optional"": false, ""string"": false, ""size_is"": null, ""length_is"": ""count"", ""array"": ""*"", ""sensitive"": false}]",[],stubbed_or_incomplete,"[{""kind"": ""FIXME"", ""file"": ""xstore.c"", ""line"": 543, ""text"": ""FIXME( \""iface %p, async %p, count %u, packageUpdates %p stub!\\n\"", iface, async, count, packageUpdates );""}, {""kind"": ""stub"", ""file"": ""xstore.c"", ""line"": 543, ""text"": ""FIXME( \""iface %p, async %p, count %u, packageUpdates %p stub!\\n\"", iface, async, count, packageUpdates );""}, {""kind"": ""E_NOTIMPL"", ""file"": ""xstore.c"", ""line"": 544, ""text"": ""return E_NOTIMPL;""}]",False,https://learn.microsoft.com/gaming/gdk/docs/reference/system/xstore/functions/xstorequerypackageupdatesresult,False,[],"[{""number"": 11, ""title"": ""GDK Integration Progress."", ""url"": ""https://github.com/xodus-gaming/xgameruntime/issues/11""}, {""number"": 14, ""title"": ""XStore Implementation"", ""url"": ""https://github.com/xodus-gaming/xgameruntime/issues/14""}]",interface_method
2,820,XStore,xstore.idl,IXStoreImpl6,b09d803c-2414-4a05-82c6-66dfdc9e9a44,6,IXStoreImpl5,82,XStoreShowGiftingUIAsync,"HRESULT XStoreShowGiftingUIAsync([in] XStoreContextHandle storeContextHandle, [in, string] const char * storeId, [in, optional, string] const char * name, [in, optional, string] const char * extendedJsonData, [in, out] XAsyncBlock * async)",HRESULT,"[{""name"": ""storeContextHandle"", ""type"": ""XStoreContextHandle"", ""ctype"": ""XStoreContextHandle"", ""attributes"": [""in""], ""in_param"": true, ""out_param"": false, ""optional"": false, ""string"": false, ""size_is"": null, ""length_is"": null, ""array"": null, ""sensitive"": false}, {""name"": ""storeId"", ""type"": ""const char *"", ""ctype"": ""const char *"", ""attributes"": [""in"", ""string""], ""in_param"": true, ""out_param"": false, ""optional"": false, ""string"": true, ""size_is"": null, ""length_is"": null, ""array"": null, ""sensitive"": false}, {""name"": ""name"", ""type"": ""const char *"", ""ctype"": ""const char *"", ""attributes"": [""in"", ""optional"", ""string""], ""in_param"": true, ""out_param"": false, ""optional"": true, ""string"": true, ""size_is"": null, ""length_is"": null, ""array"": null, ""sensitive"": false}, {""name"": ""extendedJsonData"", ""type"": ""const char *"", ""ctype"": ""const char *"", ""attributes"": [""in"", ""optional"", ""string""], ""in_param"": true, ""out_param"": false, ""optional"": true, ""string"": true, ""size_is"": null, ""length_is"": null, ""array"": null, ""sensitive"": false}, {""name"": ""async"", ""type"": ""XAsyncBlock *"", ""ctype"": ""XAsyncBlock *"", ""attributes"": [""in"", ""out""], ""in_param"": true, ""out_param"": true, ""optional"": false, ""string"": false, ""size_is"": null, ""length_is"": null, ""array"": null, ""sensitive"": false}]",[],stubbed_or_incomplete,"[{""kind"": ""FIXME"", ""file"": ""xstore.c"", ""line"": 549, ""text"": ""FIXME( \""iface %p, storeContextHandle %p, storeId %s, name %s, extendedJsonData %s, async %p stub!\\n\"", iface, storeContextHandle, debugstr_a( storeId ), debugstr_a( name ), debugstr_a( extendedJsonData ), async );""}, {""kind"": ""stub"", ""file"": ""xstore.c"", ""line"": 549, ""text"": ""FIXME( \""iface %p, storeContextHandle %p, storeId %s, name %s, extendedJsonData %s, async %p stub!\\n\"", iface, storeContextHandle, debugstr_a( storeId ), debugstr_a( name ), debugstr_a( extendedJsonData ), async );""}, {""kind"": ""E_NOTIMPL"", ""file"": ""xstore.c"", ""line"": 550, ""text"": ""return E_NOTIMPL;""}]",False,https://learn.microsoft.com/gaming/gdk/docs/reference/system/xstore/functions/xstoreshowgiftinguiasync,False,[],"[{""number"": 11, ""title"": ""GDK Integration Progress."", ""url"": ""https://github.com/xodus-gaming/xgameruntime/issues/11""}, {""number"": 14, ""title"": ""XStore Implementation"", ""url"": ""https://github.com/xodus-gaming/xgameruntime/issues/14""}]",interface_method
2,820,XStore,xstore.idl,IXStoreImpl6,b09d803c-2414-4a05-82c6-66dfdc9e9a44,6,IXStoreImpl5,83,XStoreShowGiftingUIResult,"HRESULT XStoreShowGiftingUIResult([in, out] XAsyncBlock * async)",HRESULT,"[{""name"": ""async"", ""type"": ""XAsyncBlock *"", ""ctype"": ""XAsyncBlock *"", ""attributes"": [""in"", ""out""], ""in_param"": true, ""out_param"": true, ""optional"": false, ""string"": false, ""size_is"": null, ""length_is"": null, ""array"": null, ""sensitive"": false}]",[],stubbed_or_incomplete,"[{""kind"": ""FIXME"", ""file"": ""xstore.c"", ""line"": 555, ""text"": ""FIXME( \""iface %p, async %p stub!\\n\"", iface, async );""}, {""kind"": ""stub"", ""file"": ""xstore.c"", ""line"": 555, ""text"": ""FIXME( \""iface %p, async %p stub!\\n\"", iface, async );""}, {""kind"": ""E_NOTIMPL"", ""file"": ""xstore.c"", ""line"": 556, ""text"": ""return E_NOTIMPL;""}]",False,https://learn.microsoft.com/gaming/gdk/docs/reference/system/xstore/functions/xstoreshowgiftinguiresult,False,[],"[{""number"": 11, ""title"": ""GDK Integration Progress."", ""url"": ""https://github.com/xodus-gaming/xgameruntime/issues/11""}, {""number"": 14, ""title"": ""XStore Implementation"", ""url"": ""https://github.com/xodus-gaming/xgameruntime/issues/14""}]",interface_method
2,820,XUser,xuser.idl,IXUserImpl,01acd177-91f9-4763-a38e-ccbb55ce32e0,1,IUnknown,3,XUserDuplicateHandle,"HRESULT XUserDuplicateHandle([in] XUserHandle handle, [out] XUserHandle * duplicatedHandle)",HRESULT,"[{""name"": ""handle"", ""type"": ""XUserHandle"", ""ctype"": ""XUserHandle"", ""attributes"": [""in""], ""in_param"": true, ""out_param"": false, ""optional"": false, ""string"": false, ""size_is"": null, ""length_is"": null, ""array"": null, ""sensitive"": false}, {""name"": ""duplicatedHandle"", ""type"": ""XUserHandle *"", ""ctype"": ""XUserHandle *"", ""attributes"": [""out""], ""in_param"": false, ""out_param"": true, ""optional"": false, ""string"": false, ""size_is"": null, ""length_is"": null, ""array"": null, ""sensitive"": false}]",[],stubbed_or_incomplete,"[{""kind"": ""FIXME"", ""file"": ""xuser.c"", ""line"": 86, ""text"": ""FIXME( \""iface %p, handle %p, duplicatedHandle %p stub!\\n\"", iface, handle, duplicatedHandle );""}, {""kind"": ""stub"", ""file"": ""xuser.c"", ""line"": 86, ""text"": ""FIXME( \""iface %p, handle %p, duplicatedHandle %p stub!\\n\"", iface, handle, duplicatedHandle );""}, {""kind"": ""E_NOTIMPL"", ""file"": ""xuser.c"", ""line"": 87, ""text"": ""return E_NOTIMPL;""}]",False,https://learn.microsoft.com/gaming/gdk/docs/reference/system/xuser/functions/xuserduplicatehandle,False,[],"[{""number"": 11, ""title"": ""GDK Integration Progress."", ""url"": ""https://github.com/xodus-gaming/xgameruntime/issues/11""}, {""number"": 13, ""title"": ""XUser Implementation"", ""url"": ""https://github.com/xodus-gaming/xgameruntime/issues/13""}]",interface_method
2,820,XUser,xuser.idl,IXUserImpl,01acd177-91f9-4763-a38e-ccbb55ce32e0,1,IUnknown,4,XUserCloseHandle,void XUserCloseHandle([in] XUserHandle user),void,"[{""name"": ""user"", ""type"": ""XUserHandle"", ""ctype"": ""XUserHandle"", ""attributes"": [""in""], ""in_param"": true, ""out_param"": false, ""optional"": false, ""string"": false, ""size_is"": null, ""length_is"": null, ""array"": null, ""sensitive"": false}]",[],stubbed_or_incomplete,"[{""kind"": ""FIXME"", ""file"": ""xuser.c"", ""line"": 92, ""text"": ""FIXME( \""iface %p, user %p stub!\\n\"", iface, user );""}, {""kind"": ""stub"", ""file"": ""xuser.c"", ""line"": 92, ""text"": ""FIXME( \""iface %p, user %p stub!\\n\"", iface, user );""}]",False,https://learn.microsoft.com/gaming/gdk/docs/reference/system/xuser/functions/xuserclosehandle,False,[],"[{""number"": 11, ""title"": ""GDK Integration Progress."", ""url"": ""https://github.com/xodus-gaming/xgameruntime/issues/11""}, {""number"": 13, ""title"": ""XUser Implementation"", ""url"": ""https://github.com/xodus-gaming/xgameruntime/issues/13""}]",interface_method
2,820,XUser,xuser.idl,IXUserImpl,01acd177-91f9-4763-a38e-ccbb55ce32e0,1,IUnknown,5,XUserCompare,"INT32 XUserCompare([in, optional] XUserHandle user1, [in, optional] XUserHandle user2)",INT32,"[{""name"": ""user1"", ""type"": ""XUserHandle"", ""ctype"": ""XUserHandle"", ""attributes"": [""in"", ""optional""], ""in_param"": true, ""out_param"": false, ""optional"": true, ""string"": false, ""size_is"": null, ""length_is"": null, ""array"": null, ""sensitive"": false}, {""name"": ""user2"", ""type"": ""XUserHandle"", ""ctype"": ""XUserHandle"", ""attributes"": [""in"", ""optional""], ""in_param"": true, ""out_param"": false, ""optional"": true, ""string"": false, ""size_is"": null, ""length_is"": null, ""array"": null, ""sensitive"": false}]",[],stubbed_or_incomplete,"[{""kind"": ""FIXME"", ""file"": ""xuser.c"", ""line"": 97, ""text"": ""FIXME( \""iface %p, user1 %p, user2 %p stub!\\n\"", iface, user1, user2 );""}, {""kind"": ""stub"", ""file"": ""xuser.c"", ""line"": 97, ""text"": ""FIXME( \""iface %p, user1 %p, user2 %p stub!\\n\"", iface, user1, user2 );""}, {""kind"": ""E_NOTIMPL"", ""file"": ""xuser.c"", ""line"": 98, ""text"": ""return E_NOTIMPL;""}]",False,https://learn.microsoft.com/gaming/gdk/docs/reference/system/xuser/functions/xusercompare,False,[],"[{""number"": 11, ""title"": ""GDK Integration Progress."", ""url"": ""https://github.com/xodus-gaming/xgameruntime/issues/11""}, {""number"": 13, ""title"": ""XUser Implementation"", ""url"": ""https://github.com/xodus-gaming/xgameruntime/issues/13""}]",interface_method
2,820,XUser,xuser.idl,IXUserImpl,01acd177-91f9-4763-a38e-ccbb55ce32e0,1,IUnknown,7,XUserAddAsync,"HRESULT XUserAddAsync([in] XUserAddOptions options, [in, out] XAsyncBlock * async)",HRESULT,"[{""name"": ""options"", ""type"": ""XUserAddOptions"", ""ctype"": ""XUserAddOptions"", ""attributes"": [""in""], ""in_param"": true, ""out_param"": false, ""optional"": false, ""string"": false, ""size_is"": null, ""length_is"": null, ""array"": null, ""sensitive"": false}, {""name"": ""async"", ""type"": ""XAsyncBlock *"", ""ctype"": ""XAsyncBlock *"", ""attributes"": [""in"", ""out""], ""in_param"": true, ""out_param"": true, ""optional"": false, ""string"": false, ""size_is"": null, ""length_is"": null, ""array"": null, ""sensitive"": false}]",[],stubbed_or_incomplete,"[{""kind"": ""FIXME"", ""file"": ""xuser.c"", ""line"": 110, ""text"": ""FIXME( \""iface %p, options %d, async %p stub!\\n\"", iface, options, async );""}, {""kind"": ""stub"", ""file"": ""xuser.c"", ""line"": 110, ""text"": ""FIXME( \""iface %p, options %d, async %p stub!\\n\"", iface, options, async );""}, {""kind"": ""E_NOTIMPL"", ""file"": ""xuser.c"", ""line"": 111, ""text"": ""return E_NOTIMPL;""}]",False,https://learn.microsoft.com/gaming/gdk/docs/reference/system/xuser/functions/xuseraddasync,False,[],"[{""number"": 11, ""title"": ""GDK Integration Progress."", ""url"": ""https://github.com/xodus-gaming/xgameruntime/issues/11""}, {""number"": 13, ""title"": ""XUser Implementation"", ""url"": ""https://github.com/xodus-gaming/xgameruntime/issues/13""}]",interface_method
2,820,XUser,xuser.idl,IXUserImpl,01acd177-91f9-4763-a38e-ccbb55ce32e0,1,IUnknown,8,XUserAddResult,"HRESULT XUserAddResult([in, out] XAsyncBlock * async, [out] XUserHandle * newUser)",HRESULT,"[{""name"": ""async"", ""type"": ""XAsyncBlock *"", ""ctype"": ""XAsyncBlock *"", ""attributes"": [""in"", ""out""], ""in_param"": true, ""out_param"": true, ""optional"": false, ""string"": false, ""size_is"": null, ""length_is"": null, ""array"": null, ""sensitive"": false}, {""name"": ""newUser"", ""type"": ""XUserHandle *"", ""ctype"": ""XUserHandle *"", ""attributes"": [""out""], ""in_param"": false, ""out_param"": true, ""optional"": false, ""string"": false, ""size_is"": null, ""length_is"": null, ""array"": null, ""sensitive"": false}]",[],stubbed_or_incomplete,"[{""kind"": ""FIXME"", ""file"": ""xuser.c"", ""line"": 116, ""text"": ""FIXME( \""iface %p, async %p, newUser %p stub!\\n\"", iface, async, newUser );""}, {""kind"": ""stub"", ""file"": ""xuser.c"", ""line"": 116, ""text"": ""FIXME( \""iface %p, async %p, newUser %p stub!\\n\"", iface, async, newUser );""}, {""kind"": ""E_NOTIMPL"", ""file"": ""xuser.c"", ""line"": 117, ""text"": ""return E_NOTIMPL;""}]",False,https://learn.microsoft.com/gaming/gdk/docs/reference/system/xuser/functions/xuseraddresult,False,[],"[{""number"": 11, ""title"": ""GDK Integration Progress."", ""url"": ""https://github.com/xodus-gaming/xgameruntime/issues/11""}, {""number"": 13, ""title"": ""XUser Implementation"", ""url"": ""https://github.com/xodus-gaming/xgameruntime/issues/13""}]",interface_method
2,820,XUser,xuser.idl,IXUserImpl,01acd177-91f9-4763-a38e-ccbb55ce32e0,1,IUnknown,9,XUserGetLocalId,"HRESULT XUserGetLocalId([in] XUserHandle user, [out] XUserLocalId * userLocalId)",HRESULT,"[{""name"": ""user"", ""type"": ""XUserHandle"", ""ctype"": ""XUserHandle"", ""attributes"": [""in""], ""in_param"": true, ""out_param"": false, ""optional"": false, ""string"": false, ""size_is"": null, ""length_is"": null, ""array"": null, ""sensitive"": false}, {""name"": ""userLocalId"", ""type"": ""XUserLocalId *"", ""ctype"": ""XUserLocalId *"", ""attributes"": [""out""], ""in_param"": false, ""out_param"": true, ""optional"": false, ""string"": false, ""size_is"": null, ""length_is"": null, ""array"": null, ""sensitive"": false}]",[],stubbed_or_incomplete,"[{""kind"": ""FIXME"", ""file"": ""xuser.c"", ""line"": 122, ""text"": ""FIXME( \""iface %p, user %p, userLocalId %p stub!\\n\"", iface, user, userLocalId );""}, {""kind"": ""stub"", ""file"": ""xuser.c"", ""line"": 122, ""text"": ""FIXME( \""iface %p, user %p, userLocalId %p stub!\\n\"", iface, user, userLocalId );""}, {""kind"": ""E_NOTIMPL"", ""file"": ""xuser.c"", ""line"": 123, ""text"": ""return E_NOTIMPL;""}]",False,https://learn.microsoft.com/gaming/gdk/docs/reference/system/xuser/functions/xusergetlocalid,False,[],"[{""number"": 11, ""title"": ""GDK Integration Progress."", ""url"": ""https://github.com/xodus-gaming/xgameruntime/issues/11""}, {""number"": 13, ""title"": ""XUser Implementation"", ""url"": ""https://github.com/xodus-gaming/xgameruntime/issues/13""}]",interface_method
2,820,XUser,xuser.idl,IXUserImpl,01acd177-91f9-4763-a38e-ccbb55ce32e0,1,IUnknown,10,XUserFindUserByLocalId,"HRESULT XUserFindUserByLocalId([in] XUserLocalId userLocalId, [out] XUserHandle * handle)",HRESULT,"[{""name"": ""userLocalId"", ""type"": ""XUserLocalId"", ""ctype"": ""XUserLocalId"", ""attributes"": [""in""], ""in_param"": true, ""out_param"": false, ""optional"": false, ""string"": false, ""size_is"": null, ""length_is"": null, ""array"": null, ""sensitive"": false}, {""name"": ""handle"", ""type"": ""XUserHandle *"", ""ctype"": ""XUserHandle *"", ""attributes"": [""out""], ""in_param"": false, ""out_param"": true, ""optional"": false, ""string"": false, ""size_is"": null, ""length_is"": null, ""array"": null, ""sensitive"": false}]",[],stubbed_or_incomplete,"[{""kind"": ""FIXME"", ""file"": ""xuser.c"", ""line"": 128, ""text"": ""FIXME( \""iface %p, userLocalId %p, handle %p stub!\\n\"", iface, &userLocalId, handle );""}, {""kind"": ""stub"", ""file"": ""xuser.c"", ""line"": 128, ""text"": ""FIXME( \""iface %p, userLocalId %p, handle %p stub!\\n\"", iface, &userLocalId, handle );""}, {""kind"": ""E_NOTIMPL"", ""file"": ""xuser.c"", ""line"": 129, ""text"": ""return E_NOTIMPL;""}]",False,https://learn.microsoft.com/gaming/gdk/docs/reference/system/xuser/functions/xuserfinduserbylocalid,False,[],"[{""number"": 11, ""title"": ""GDK Integration Progress."", ""url"": ""https://github.com/xodus-gaming/xgameruntime/issues/11""}, {""number"": 13, ""title"": ""XUser Implementation"", ""url"": ""https://github.com/xodus-gaming/xgameruntime/issues/13""}]",interface_method
2,820,XUser,xuser.idl,IXUserImpl,01acd177-91f9-4763-a38e-ccbb55ce32e0,1,IUnknown,11,XUserGetId,"HRESULT XUserGetId([in] XUserHandle user, [out] UINT64 * userId)",HRESULT,"[{""name"": ""user"", ""type"": ""XUserHandle"", ""ctype"": ""XUserHandle"", ""attributes"": [""in""], ""in_param"": true, ""out_param"": false, ""optional"": false, ""string"": false, ""size_is"": null, ""length_is"": null, ""array"": null, ""sensitive"": false}, {""name"": ""userId"", ""type"": ""UINT64 *"", ""ctype"": ""UINT64 *"", ""attributes"": [""out""], ""in_param"": false, ""out_param"": true, ""optional"": false, ""string"": false, ""size_is"": null, ""length_is"": null, ""array"": null, ""sensitive"": false}]",[],stubbed_or_incomplete,"[{""kind"": ""FIXME"", ""file"": ""xuser.c"", ""line"": 134, ""text"": ""FIXME( \""iface %p, user %p, userId %p stub!\\n\"", iface, user, userId );""}, {""kind"": ""stub"", ""file"": ""xuser.c"", ""line"": 134, ""text"": ""FIXME( \""iface %p, user %p, userId %p stub!\\n\"", iface, user, userId );""}, {""kind"": ""E_NOTIMPL"", ""file"": ""xuser.c"", ""line"": 135, ""text"": ""return E_NOTIMPL;""}]",False,https://learn.microsoft.com/gaming/gdk/docs/reference/system/xuser/functions/xusergetid,False,[],"[{""number"": 11, ""title"": ""GDK Integration Progress."", ""url"": ""https://github.com/xodus-gaming/xgameruntime/issues/11""}, {""number"": 13, ""title"": ""XUser Implementation"", ""url"": ""https://github.com/xodus-gaming/xgameruntime/issues/13""}]",interface_method
2,820,XUser,xuser.idl,IXUserImpl,01acd177-91f9-4763-a38e-ccbb55ce32e0,1,IUnknown,12,XUserFindUserById,"HRESULT XUserFindUserById([in] UINT64 userId, [out] XUserHandle * handle)",HRESULT,"[{""name"": ""userId"", ""type"": ""UINT64"", ""ctype"": ""UINT64"", ""attributes"": [""in""], ""in_param"": true, ""out_param"": false, ""optional"": false, ""string"": false, ""size_is"": null, ""length_is"": null, ""array"": null, ""sensitive"": false}, {""name"": ""handle"", ""type"": ""XUserHandle *"", ""ctype"": ""XUserHandle *"", ""attributes"": [""out""], ""in_param"": false, ""out_param"": true, ""optional"": false, ""string"": false, ""size_is"": null, ""length_is"": null, ""array"": null, ""sensitive"": false}]",[],stubbed_or_incomplete,"[{""kind"": ""FIXME"", ""file"": ""xuser.c"", ""line"": 140, ""text"": ""FIXME( \""iface %p, userId %llu, handle %p stub!\\n\"", iface, userId, handle );""}, {""kind"": ""stub"", ""file"": ""xuser.c"", ""line"": 140, ""text"": ""FIXME( \""iface %p, userId %llu, handle %p stub!\\n\"", iface, userId, handle );""}, {""kind"": ""E_NOTIMPL"", ""file"": ""xuser.c"", ""line"": 141, ""text"": ""return E_NOTIMPL;""}]",False,https://learn.microsoft.com/gaming/gdk/docs/reference/system/xuser/functions/xuserfinduserbyid,False,[],"[{""number"": 11, ""title"": ""GDK Integration Progress."", ""url"": ""https://github.com/xodus-gaming/xgameruntime/issues/11""}, {""number"": 13, ""title"": ""XUser Implementation"", ""url"": ""https://github.com/xodus-gaming/xgameruntime/issues/13""}]",interface_method
2,820,XUser,xuser.idl,IXUserImpl,01acd177-91f9-4763-a38e-ccbb55ce32e0,1,IUnknown,13,XUserGetIsGuest,"HRESULT XUserGetIsGuest([in] XUserHandle user, [out] BOOLEAN * isGuest)",HRESULT,"[{""name"": ""user"", ""type"": ""XUserHandle"", ""ctype"": ""XUserHandle"", ""attributes"": [""in""], ""in_param"": true, ""out_param"": false, ""optional"": false, ""string"": false, ""size_is"": null, ""length_is"": null, ""array"": null, ""sensitive"": false}, {""name"": ""isGuest"", ""type"": ""BOOLEAN *"", ""ctype"": ""BOOLEAN *"", ""attributes"": [""out""], ""in_param"": false, ""out_param"": true, ""optional"": false, ""string"": false, ""size_is"": null, ""length_is"": null, ""array"": null, ""sensitive"": false}]",[],stubbed_or_incomplete,"[{""kind"": ""FIXME"", ""file"": ""xuser.c"", ""line"": 146, ""text"": ""FIXME( \""iface %p, user %p, isGuest %p stub!\\n\"", iface, user, isGuest );""}, {""kind"": ""stub"", ""file"": ""xuser.c"", ""line"": 146, ""text"": ""FIXME( \""iface %p, user %p, isGuest %p stub!\\n\"", iface, user, isGuest );""}, {""kind"": ""E_NOTIMPL"", ""file"": ""xuser.c"", ""line"": 147, ""text"": ""return E_NOTIMPL;""}]",False,https://learn.microsoft.com/gaming/gdk/docs/reference/system/xuser/functions/xusergetisguest,False,[],"[{""number"": 11, ""title"": ""GDK Integration Progress."", ""url"": ""https://github.com/xodus-gaming/xgameruntime/issues/11""}, {""number"": 13, ""title"": ""XUser Implementation"", ""url"": ""https://github.com/xodus-gaming/xgameruntime/issues/13""}]",interface_method
2,820,XUser,xuser.idl,IXUserImpl,01acd177-91f9-4763-a38e-ccbb55ce32e0,1,IUnknown,14,XUserGetState,"HRESULT XUserGetState([in] XUserHandle user, [out] XUserState * state)",HRESULT,"[{""name"": ""user"", ""type"": ""XUserHandle"", ""ctype"": ""XUserHandle"", ""attributes"": [""in""], ""in_param"": true, ""out_param"": false, ""optional"": false, ""string"": false, ""size_is"": null, ""length_is"": null, ""array"": null, ""sensitive"": false}, {""name"": ""state"", ""type"": ""XUserState *"", ""ctype"": ""XUserState *"", ""attributes"": [""out""], ""in_param"": false, ""out_param"": true, ""optional"": false, ""string"": false, ""size_is"": null, ""length_is"": null, ""array"": null, ""sensitive"": false}]",[],stubbed_or_incomplete,"[{""kind"": ""FIXME"", ""file"": ""xuser.c"", ""line"": 152, ""text"": ""FIXME( \""iface %p, user %p, state %p stub!\\n\"", iface, user, state );""}, {""kind"": ""stub"", ""file"": ""xuser.c"", ""line"": 152, ""text"": ""FIXME( \""iface %p, user %p, state %p stub!\\n\"", iface, user, state );""}, {""kind"": ""E_NOTIMPL"", ""file"": ""xuser.c"", ""line"": 153, ""text"": ""return E_NOTIMPL;""}]",False,https://learn.microsoft.com/gaming/gdk/docs/reference/system/xuser/functions/xusergetstate,False,[],"[{""number"": 11, ""title"": ""GDK Integration Progress."", ""url"": ""https://github.com/xodus-gaming/xgameruntime/issues/11""}, {""number"": 13, ""title"": ""XUser Implementation"", ""url"": ""https://github.com/xodus-gaming/xgameruntime/issues/13""}]",interface_method
2,820,XUser,xuser.idl,IXUserImpl,01acd177-91f9-4763-a38e-ccbb55ce32e0,1,IUnknown,15,__PADDING__,HRESULT __PADDING__(),HRESULT,[],[],unknown_padding,"[{""kind"": ""E_NOTIMPL"", ""file"": ""xuser.c"", ""line"": 159, ""text"": ""return E_NOTIMPL;""}]",False,,False,[],"[{""number"": 11, ""title"": ""GDK Integration Progress."", ""url"": ""https://github.com/xodus-gaming/xgameruntime/issues/11""}, {""number"": 13, ""title"": ""XUser Implementation"", ""url"": ""https://github.com/xodus-gaming/xgameruntime/issues/13""}]",interface_method
2,820,XUser,xuser.idl,IXUserImpl,01acd177-91f9-4763-a38e-ccbb55ce32e0,1,IUnknown,16,XUserGetGamerPictureAsync,"HRESULT XUserGetGamerPictureAsync([in] XUserHandle user, [in] XUserGamerPictureSize pictureSize, [in, out] XAsyncBlock * async)",HRESULT,"[{""name"": ""user"", ""type"": ""XUserHandle"", ""ctype"": ""XUserHandle"", ""attributes"": [""in""], ""in_param"": true, ""out_param"": false, ""optional"": false, ""string"": false, ""size_is"": null, ""length_is"": null, ""array"": null, ""sensitive"": false}, {""name"": ""pictureSize"", ""type"": ""XUserGamerPictureSize"", ""ctype"": ""XUserGamerPictureSize"", ""attributes"": [""in""], ""in_param"": true, ""out_param"": false, ""optional"": false, ""string"": false, ""size_is"": null, ""length_is"": null, ""array"": null, ""sensitive"": false}, {""name"": ""async"", ""type"": ""XAsyncBlock *"", ""ctype"": ""XAsyncBlock *"", ""attributes"": [""in"", ""out""], ""in_param"": true, ""out_param"": true, ""optional"": false, ""string"": false, ""size_is"": null, ""length_is"": null, ""array"": null, ""sensitive"": false}]",[],stubbed_or_incomplete,"[{""kind"": ""FIXME"", ""file"": ""xuser.c"", ""line"": 164, ""text"": ""FIXME( \""iface %p, user %p, pictureSize %d, async %p stub!\\n\"", iface, user, pictureSize, async );""}, {""kind"": ""stub"", ""file"": ""xuser.c"", ""line"": 164, ""text"": ""FIXME( \""iface %p, user %p, pictureSize %d, async %p stub!\\n\"", iface, user, pictureSize, async );""}, {""kind"": ""E_NOTIMPL"", ""file"": ""xuser.c"", ""line"": 165, ""text"": ""return E_NOTIMPL;""}]",False,https://learn.microsoft.com/gaming/gdk/docs/reference/system/xuser/functions/xusergetgamerpictureasync,False,[],"[{""number"": 11, ""title"": ""GDK Integration Progress."", ""url"": ""https://github.com/xodus-gaming/xgameruntime/issues/11""}, {""number"": 13, ""title"": ""XUser Implementation"", ""url"": ""https://github.com/xodus-gaming/xgameruntime/issues/13""}]",interface_method
2,820,XUser,xuser.idl,IXUserImpl,01acd177-91f9-4763-a38e-ccbb55ce32e0,1,IUnknown,17,XUserGetGamerPictureResultSize,"HRESULT XUserGetGamerPictureResultSize([in, out] XAsyncBlock * async, [out] SIZE_T * bufferSize)",HRESULT,"[{""name"": ""async"", ""type"": ""XAsyncBlock *"", ""ctype"": ""XAsyncBlock *"", ""attributes"": [""in"", ""out""], ""in_param"": true, ""out_param"": true, ""optional"": false, ""string"": false, ""size_is"": null, ""length_is"": null, ""array"": null, ""sensitive"": false}, {""name"": ""bufferSize"", ""type"": ""SIZE_T *"", ""ctype"": ""SIZE_T *"", ""attributes"": [""out""], ""in_param"": false, ""out_param"": true, ""optional"": false, ""string"": false, ""size_is"": null, ""length_is"": null, ""array"": null, ""sensitive"": false}]",[],stubbed_or_incomplete,"[{""kind"": ""FIXME"", ""file"": ""xuser.c"", ""line"": 170, ""text"": ""FIXME( \""iface %p, async %p, bufferSize %p stub!\\n\"", iface, async, bufferSize );""}, {""kind"": ""stub"", ""file"": ""xuser.c"", ""line"": 170, ""text"": ""FIXME( \""iface %p, async %p, bufferSize %p stub!\\n\"", iface, async, bufferSize );""}, {""kind"": ""E_NOTIMPL"", ""file"": ""xuser.c"", ""line"": 171, ""text"": ""return E_NOTIMPL;""}]",False,https://learn.microsoft.com/gaming/gdk/docs/reference/system/xuser/functions/xusergetgamerpictureresultsize,False,[],"[{""number"": 11, ""title"": ""GDK Integration Progress."", ""url"": ""https://github.com/xodus-gaming/xgameruntime/issues/11""}, {""number"": 13, ""title"": ""XUser Implementation"", ""url"": ""https://github.com/xodus-gaming/xgameruntime/issues/13""}]",interface_method
2,820,XUser,xuser.idl,IXUserImpl,01acd177-91f9-4763-a38e-ccbb55ce32e0,1,IUnknown,18,XUserGetGamerPictureResult,"HRESULT XUserGetGamerPictureResult([in, out] XAsyncBlock * async, [in] SIZE_T bufferSize, [out, size_is(bufferSize)] void * buffer, [out, optional] SIZE_T * bufferUsed)",HRESULT,"[{""name"": ""async"", ""type"": ""XAsyncBlock *"", ""ctype"": ""XAsyncBlock *"", ""attributes"": [""in"", ""out""], ""in_param"": true, ""out_param"": true, ""optional"": false, ""string"": false, ""size_is"": null, ""length_is"": null, ""array"": null, ""sensitive"": false}, {""name"": ""bufferSize"", ""type"": ""SIZE_T"", ""ctype"": ""SIZE_T"", ""attributes"": [""in""], ""in_param"": true, ""out_param"": false, ""optional"": false, ""string"": false, ""size_is"": null, ""length_is"": null, ""array"": null, ""sensitive"": false}, {""name"": ""buffer"", ""type"": ""void *"", ""ctype"": ""void *"", ""attributes"": [""out"", ""size_is(bufferSize)""], ""in_param"": false, ""out_param"": true, ""optional"": false, ""string"": false, ""size_is"": ""bufferSize"", ""length_is"": null, ""array"": null, ""sensitive"": false}, {""name"": ""bufferUsed"", ""type"": ""SIZE_T *"", ""ctype"": ""SIZE_T *"", ""attributes"": [""out"", ""optional""], ""in_param"": false, ""out_param"": true, ""optional"": true, ""string"": false, ""size_is"": null, ""length_is"": null, ""array"": null, ""sensitive"": false}]",[],stubbed_or_incomplete,"[{""kind"": ""FIXME"", ""file"": ""xuser.c"", ""line"": 176, ""text"": ""FIXME( \""iface %p, async %p, bufferSize %Iu, buffer %p, bufferUsed %p stub!\\n\"", iface, async, bufferSize, buffer, bufferUsed );""}, {""kind"": ""stub"", ""file"": ""xuser.c"", ""line"": 176, ""text"": ""FIXME( \""iface %p, async %p, bufferSize %Iu, buffer %p, bufferUsed %p stub!\\n\"", iface, async, bufferSize, buffer, bufferUsed );""}, {""kind"": ""E_NOTIMPL"", ""file"": ""xuser.c"", ""line"": 177, ""text"": ""return E_NOTIMPL;""}]",False,https://learn.microsoft.com/gaming/gdk/docs/reference/system/xuser/functions/xusergetgamerpictureresult,False,[],"[{""number"": 11, ""title"": ""GDK Integration Progress."", ""url"": ""https://github.com/xodus-gaming/xgameruntime/issues/11""}, {""number"": 13, ""title"": ""XUser Implementation"", ""url"": ""https://github.com/xodus-gaming/xgameruntime/issues/13""}]",interface_method
2,820,XUser,xuser.idl,IXUserImpl,01acd177-91f9-4763-a38e-ccbb55ce32e0,1,IUnknown,19,XUserGetAgeGroup,"HRESULT XUserGetAgeGroup([in] XUserHandle user, [out] XUserAgeGroup * ageGroup)",HRESULT,"[{""name"": ""user"", ""type"": ""XUserHandle"", ""ctype"": ""XUserHandle"", ""attributes"": [""in""], ""in_param"": true, ""out_param"": false, ""optional"": false, ""string"": false, ""size_is"": null, ""length_is"": null, ""array"": null, ""sensitive"": false}, {""name"": ""ageGroup"", ""type"": ""XUserAgeGroup *"", ""ctype"": ""XUserAgeGroup *"", ""attributes"": [""out""], ""in_param"": false, ""out_param"": true, ""optional"": false, ""string"": false, ""size_is"": null, ""length_is"": null, ""array"": null, ""sensitive"": false}]",[],stubbed_or_incomplete,"[{""kind"": ""FIXME"", ""file"": ""xuser.c"", ""line"": 182, ""text"": ""FIXME( \""iface %p, user %p, ageGroup %p stub!\\n\"", iface, user, ageGroup );""}, {""kind"": ""stub"", ""file"": ""xuser.c"", ""line"": 182, ""text"": ""FIXME( \""iface %p, user %p, ageGroup %p stub!\\n\"", iface, user, ageGroup );""}, {""kind"": ""E_NOTIMPL"", ""file"": ""xuser.c"", ""line"": 183, ""text"": ""return E_NOTIMPL;""}]",False,https://learn.microsoft.com/gaming/gdk/docs/reference/system/xuser/functions/xusergetagegroup,False,[],"[{""number"": 11, ""title"": ""GDK Integration Progress."", ""url"": ""https://github.com/xodus-gaming/xgameruntime/issues/11""}, {""number"": 13, ""title"": ""XUser Implementation"", ""url"": ""https://github.com/xodus-gaming/xgameruntime/issues/13""}]",interface_method
2,820,XUser,xuser.idl,IXUserImpl,01acd177-91f9-4763-a38e-ccbb55ce32e0,1,IUnknown,20,XUserCheckPrivilege,"HRESULT XUserCheckPrivilege([in] XUserHandle user, [in] XUserPrivilegeOptions options, [in] XUserPrivilege privilege, [out] BOOLEAN * hasPrivilege, [out, optional] XUserPrivilegeDenyReason * reason)",HRESULT,"[{""name"": ""user"", ""type"": ""XUserHandle"", ""ctype"": ""XUserHandle"", ""attributes"": [""in""], ""in_param"": true, ""out_param"": false, ""optional"": false, ""string"": false, ""size_is"": null, ""length_is"": null, ""array"": null, ""sensitive"": false}, {""name"": ""options"", ""type"": ""XUserPrivilegeOptions"", ""ctype"": ""XUserPrivilegeOptions"", ""attributes"": [""in""], ""in_param"": true, ""out_param"": false, ""optional"": false, ""string"": false, ""size_is"": null, ""length_is"": null, ""array"": null, ""sensitive"": false}, {""name"": ""privilege"", ""type"": ""XUserPrivilege"", ""ctype"": ""XUserPrivilege"", ""attributes"": [""in""], ""in_param"": true, ""out_param"": false, ""optional"": false, ""string"": false, ""size_is"": null, ""length_is"": null, ""array"": null, ""sensitive"": false}, {""name"": ""hasPrivilege"", ""type"": ""BOOLEAN *"", ""ctype"": ""BOOLEAN *"", ""attributes"": [""out""], ""in_param"": false, ""out_param"": true, ""optional"": false, ""string"": false, ""size_is"": null, ""length_is"": null, ""array"": null, ""sensitive"": false}, {""name"": ""reason"", ""type"": ""XUserPrivilegeDenyReason *"", ""ctype"": ""XUserPrivilegeDenyReason *"", ""attributes"": [""out"", ""optional""], ""in_param"": false, ""out_param"": true, ""optional"": true, ""string"": false, ""size_is"": null, ""length_is"": null, ""array"": null, ""sensitive"": false}]",[],stubbed_or_incomplete,"[{""kind"": ""FIXME"", ""file"": ""xuser.c"", ""line"": 188, ""text"": ""FIXME( \""iface %p, user %p, options %d, privilege %d, hasPrivilege %p, reason %p stub!\\n\"", iface, user, options, privilege, hasPrivilege, reason );""}, {""kind"": ""stub"", ""file"": ""xuser.c"", ""line"": 188, ""text"": ""FIXME( \""iface %p, user %p, options %d, privilege %d, hasPrivilege %p, reason %p stub!\\n\"", iface, user, options, privilege, hasPrivilege, reason );""}, {""kind"": ""E_NOTIMPL"", ""file"": ""xuser.c"", ""line"": 189, ""text"": ""return E_NOTIMPL;""}]",False,https://learn.microsoft.com/gaming/gdk/docs/reference/system/xuser/functions/xusercheckprivilege,False,[],"[{""number"": 11, ""title"": ""GDK Integration Progress."", ""url"": ""https://github.com/xodus-gaming/xgameruntime/issues/11""}, {""number"": 13, ""title"": ""XUser Implementation"", ""url"": ""https://github.com/xodus-gaming/xgameruntime/issues/13""}]",interface_method
2,820,XUser,xuser.idl,IXUserImpl,01acd177-91f9-4763-a38e-ccbb55ce32e0,1,IUnknown,21,XUserResolvePrivilegeWithUiAsync,"HRESULT XUserResolvePrivilegeWithUiAsync([in] XUserHandle user, [in] XUserPrivilegeOptions options, [in] XUserPrivilege privilege, [in, out] XAsyncBlock * async)",HRESULT,"[{""name"": ""user"", ""type"": ""XUserHandle"", ""ctype"": ""XUserHandle"", ""attributes"": [""in""], ""in_param"": true, ""out_param"": false, ""optional"": false, ""string"": false, ""size_is"": null, ""length_is"": null, ""array"": null, ""sensitive"": false}, {""name"": ""options"", ""type"": ""XUserPrivilegeOptions"", ""ctype"": ""XUserPrivilegeOptions"", ""attributes"": [""in""], ""in_param"": true, ""out_param"": false, ""optional"": false, ""string"": false, ""size_is"": null, ""length_is"": null, ""array"": null, ""sensitive"": false}, {""name"": ""privilege"", ""type"": ""XUserPrivilege"", ""ctype"": ""XUserPrivilege"", ""attributes"": [""in""], ""in_param"": true, ""out_param"": false, ""optional"": false, ""string"": false, ""size_is"": null, ""length_is"": null, ""array"": null, ""sensitive"": false}, {""name"": ""async"", ""type"": ""XAsyncBlock *"", ""ctype"": ""XAsyncBlock *"", ""attributes"": [""in"", ""out""], ""in_param"": true, ""out_param"": true, ""optional"": false, ""string"": false, ""size_is"": null, ""length_is"": null, ""array"": null, ""sensitive"": false}]",[],stubbed_or_incomplete,"[{""kind"": ""FIXME"", ""file"": ""xuser.c"", ""line"": 194, ""text"": ""FIXME( \""iface %p, user %p, options %d, privilege %d, async %p stub!\\n\"", iface, user, options, privilege, async );""}, {""kind"": ""stub"", ""file"": ""xuser.c"", ""line"": 194, ""text"": ""FIXME( \""iface %p, user %p, options %d, privilege %d, async %p stub!\\n\"", iface, user, options, privilege, async );""}, {""kind"": ""E_NOTIMPL"", ""file"": ""xuser.c"", ""line"": 195, ""text"": ""return E_NOTIMPL;""}]",False,https://learn.microsoft.com/gaming/gdk/docs/reference/system/xuser/functions/xuserresolveprivilegewithuiasync,False,[],"[{""number"": 11, ""title"": ""GDK Integration Progress."", ""url"": ""https://github.com/xodus-gaming/xgameruntime/issues/11""}, {""number"": 13, ""title"": ""XUser Implementation"", ""url"": ""https://github.com/xodus-gaming/xgameruntime/issues/13""}]",interface_method
2,820,XUser,xuser.idl,IXUserImpl,01acd177-91f9-4763-a38e-ccbb55ce32e0,1,IUnknown,22,XUserResolvePrivilegeWithUiResult,"HRESULT XUserResolvePrivilegeWithUiResult([in, out] XAsyncBlock * async)",HRESULT,"[{""name"": ""async"", ""type"": ""XAsyncBlock *"", ""ctype"": ""XAsyncBlock *"", ""attributes"": [""in"", ""out""], ""in_param"": true, ""out_param"": true, ""optional"": false, ""string"": false, ""size_is"": null, ""length_is"": null, ""array"": null, ""sensitive"": false}]",[],stubbed_or_incomplete,"[{""kind"": ""FIXME"", ""file"": ""xuser.c"", ""line"": 200, ""text"": ""FIXME( \""iface %p, async %p stub!\\n\"", iface, async );""}, {""kind"": ""stub"", ""file"": ""xuser.c"", ""line"": 200, ""text"": ""FIXME( \""iface %p, async %p stub!\\n\"", iface, async );""}, {""kind"": ""E_NOTIMPL"", ""file"": ""xuser.c"", ""line"": 201, ""text"": ""return E_NOTIMPL;""}]",False,https://learn.microsoft.com/gaming/gdk/docs/reference/system/xuser/functions/xuserresolveprivilegewithuiresult,False,[],"[{""number"": 11, ""title"": ""GDK Integration Progress."", ""url"": ""https://github.com/xodus-gaming/xgameruntime/issues/11""}, {""number"": 13, ""title"": ""XUser Implementation"", ""url"": ""https://github.com/xodus-gaming/xgameruntime/issues/13""}]",interface_method
2,820,XUser,xuser.idl,IXUserImpl,01acd177-91f9-4763-a38e-ccbb55ce32e0,1,IUnknown,23,XUserGetTokenAndSignatureAsync,"HRESULT XUserGetTokenAndSignatureAsync([in] XUserHandle user, [in] XUserGetTokenAndSignatureOptions options, [in, string] const char * method, [in, string] const char * url, [in] SIZE_T headerCount, [in, optional, length_is(headerCount)] const XUserGetTokenAndSignatureHttpHeader * headers, [in] SIZE_T bodySize, [in, optional, size_is(bodySize)] const void * bodyBuffer, [in, out] XAsyncBlock * async)",HRESULT,"[{""name"": ""user"", ""type"": ""XUserHandle"", ""ctype"": ""XUserHandle"", ""attributes"": [""in""], ""in_param"": true, ""out_param"": false, ""optional"": false, ""string"": false, ""size_is"": null, ""length_is"": null, ""array"": null, ""sensitive"": false}, {""name"": ""options"", ""type"": ""XUserGetTokenAndSignatureOptions"", ""ctype"": ""XUserGetTokenAndSignatureOptions"", ""attributes"": [""in""], ""in_param"": true, ""out_param"": false, ""optional"": false, ""string"": false, ""size_is"": null, ""length_is"": null, ""array"": null, ""sensitive"": true}, {""name"": ""method"", ""type"": ""const char *"", ""ctype"": ""const char *"", ""attributes"": [""in"", ""string""], ""in_param"": true, ""out_param"": false, ""optional"": false, ""string"": true, ""size_is"": null, ""length_is"": null, ""array"": null, ""sensitive"": false}, {""name"": ""url"", ""type"": ""const char *"", ""ctype"": ""const char *"", ""attributes"": [""in"", ""string""], ""in_param"": true, ""out_param"": false, ""optional"": false, ""string"": true, ""size_is"": null, ""length_is"": null, ""array"": null, ""sensitive"": false}, {""name"": ""headerCount"", ""type"": ""SIZE_T"", ""ctype"": ""SIZE_T"", ""attributes"": [""in""], ""in_param"": true, ""out_param"": false, ""optional"": false, ""string"": false, ""size_is"": null, ""length_is"": null, ""array"": null, ""sensitive"": false}, {""name"": ""headers"", ""type"": ""const XUserGetTokenAndSignatureHttpHeader *"", ""ctype"": ""const XUserGetTokenAndSignatureHttpHeader *"", ""attributes"": [""in"", ""optional"", ""length_is(headerCount)""], ""in_param"": true, ""out_param"": false, ""optional"": true, ""string"": false, ""size_is"": null, ""length_is"": ""headerCount"", ""array"": ""*"", ""sensitive"": true}, {""name"": ""bodySize"", ""type"": ""SIZE_T"", ""ctype"": ""SIZE_T"", ""attributes"": [""in""], ""in_param"": true, ""out_param"": false, ""optional"": false, ""string"": false, ""size_is"": null, ""length_is"": null, ""array"": null, ""sensitive"": false}, {""name"": ""bodyBuffer"", ""type"": ""const void *"", ""ctype"": ""const void *"", ""attributes"": [""in"", ""optional"", ""size_is(bodySize)""], ""in_param"": true, ""out_param"": false, ""optional"": true, ""string"": false, ""size_is"": ""bodySize"", ""length_is"": null, ""array"": null, ""sensitive"": false}, {""name"": ""async"", ""type"": ""XAsyncBlock *"", ""ctype"": ""XAsyncBlock *"", ""attributes"": [""in"", ""out""], ""in_param"": true, ""out_param"": true, ""optional"": false, ""string"": false, ""size_is"": null, ""length_is"": null, ""array"": null, ""sensitive"": false}]",[],stubbed_or_incomplete,"[{""kind"": ""FIXME"", ""file"": ""xuser.c"", ""line"": 206, ""text"": ""FIXME( \""iface %p, user %p, options %d, method %s, url %s, headerCount %Iu, headers %p, bodySize %Iu, bodyBuffer %p, async %p stub!\\n\"", iface, user, options, debugstr_a( method ), debugstr_a( url ), headerCount, headers, bodySize, bodyBuffer, async );""}, {""kind"": ""stub"", ""file"": ""xuser.c"", ""line"": 206, ""text"": ""FIXME( \""iface %p, user %p, options %d, method %s, url %s, headerCount %Iu, headers %p, bodySize %Iu, bodyBuffer %p, async %p stub!\\n\"", iface, user, options, debugstr_a( method ), debugstr_a( url ), headerCount, headers, bodySize, bodyBuffer, async );""}, {""kind"": ""E_NOTIMPL"", ""file"": ""xuser.c"", ""line"": 207, ""text"": ""return E_NOTIMPL;""}]",False,https://learn.microsoft.com/gaming/gdk/docs/reference/system/xuser/functions/xusergettokenandsignatureasync,False,[],"[{""number"": 11, ""title"": ""GDK Integration Progress."", ""url"": ""https://github.com/xodus-gaming/xgameruntime/issues/11""}, {""number"": 13, ""title"": ""XUser Implementation"", ""url"": ""https://github.com/xodus-gaming/xgameruntime/issues/13""}]",interface_method
2,820,XUser,xuser.idl,IXUserImpl,01acd177-91f9-4763-a38e-ccbb55ce32e0,1,IUnknown,24,XUserGetTokenAndSignatureResultSize,"HRESULT XUserGetTokenAndSignatureResultSize([in, out] XAsyncBlock * async, [out] SIZE_T * bufferSize)",HRESULT,"[{""name"": ""async"", ""type"": ""XAsyncBlock *"", ""ctype"": ""XAsyncBlock *"", ""attributes"": [""in"", ""out""], ""in_param"": true, ""out_param"": true, ""optional"": false, ""string"": false, ""size_is"": null, ""length_is"": null, ""array"": null, ""sensitive"": false}, {""name"": ""bufferSize"", ""type"": ""SIZE_T *"", ""ctype"": ""SIZE_T *"", ""attributes"": [""out""], ""in_param"": false, ""out_param"": true, ""optional"": false, ""string"": false, ""size_is"": null, ""length_is"": null, ""array"": null, ""sensitive"": false}]",[],stubbed_or_incomplete,"[{""kind"": ""FIXME"", ""file"": ""xuser.c"", ""line"": 212, ""text"": ""FIXME( \""iface %p, async %p, bufferSize %p stub!\\n\"", iface, async, bufferSize );""}, {""kind"": ""stub"", ""file"": ""xuser.c"", ""line"": 212, ""text"": ""FIXME( \""iface %p, async %p, bufferSize %p stub!\\n\"", iface, async, bufferSize );""}, {""kind"": ""E_NOTIMPL"", ""file"": ""xuser.c"", ""line"": 213, ""text"": ""return E_NOTIMPL;""}]",False,https://learn.microsoft.com/gaming/gdk/docs/reference/system/xuser/functions/xusergettokenandsignatureresultsize,False,[],"[{""number"": 11, ""title"": ""GDK Integration Progress."", ""url"": ""https://github.com/xodus-gaming/xgameruntime/issues/11""}, {""number"": 13, ""title"": ""XUser Implementation"", ""url"": ""https://github.com/xodus-gaming/xgameruntime/issues/13""}]",interface_method
2,820,XUser,xuser.idl,IXUserImpl,01acd177-91f9-4763-a38e-ccbb55ce32e0,1,IUnknown,25,XUserGetTokenAndSignatureResult,"HRESULT XUserGetTokenAndSignatureResult([in, out] XAsyncBlock * async, [in] SIZE_T bufferSize, [out, size_is(bufferSize)] void * buffer, [out, ptr] XUserGetTokenAndSignatureData ** ptrToBuffer, [out, optional] SIZE_T * bufferUsed)",HRESULT,"[{""name"": ""async"", ""type"": ""XAsyncBlock *"", ""ctype"": ""XAsyncBlock *"", ""attributes"": [""in"", ""out""], ""in_param"": true, ""out_param"": true, ""optional"": false, ""string"": false, ""size_is"": null, ""length_is"": null, ""array"": null, ""sensitive"": false}, {""name"": ""bufferSize"", ""type"": ""SIZE_T"", ""ctype"": ""SIZE_T"", ""attributes"": [""in""], ""in_param"": true, ""out_param"": false, ""optional"": false, ""string"": false, ""size_is"": null, ""length_is"": null, ""array"": null, ""sensitive"": false}, {""name"": ""buffer"", ""type"": ""void *"", ""ctype"": ""void *"", ""attributes"": [""out"", ""size_is(bufferSize)""], ""in_param"": false, ""out_param"": true, ""optional"": false, ""string"": false, ""size_is"": ""bufferSize"", ""length_is"": null, ""array"": null, ""sensitive"": false}, {""name"": ""ptrToBuffer"", ""type"": ""XUserGetTokenAndSignatureData * *"", ""ctype"": ""XUserGetTokenAndSignatureData **"", ""attributes"": [""out"", ""ptr""], ""in_param"": false, ""out_param"": true, ""optional"": false, ""string"": false, ""size_is"": null, ""length_is"": null, ""array"": null, ""sensitive"": true}, {""name"": ""bufferUsed"", ""type"": ""SIZE_T *"", ""ctype"": ""SIZE_T *"", ""attributes"": [""out"", ""optional""], ""in_param"": false, ""out_param"": true, ""optional"": true, ""string"": false, ""size_is"": null, ""length_is"": null, ""array"": null, ""sensitive"": false}]",[],stubbed_or_incomplete,"[{""kind"": ""FIXME"", ""file"": ""xuser.c"", ""line"": 218, ""text"": ""FIXME( \""iface %p, async %p, bufferSize %Iu, buffer %p, ptrToBuffer %p, bufferUsed %p stub!\\n\"", iface, async, bufferSize, buffer, ptrToBuffer, bufferUsed );""}, {""kind"": ""stub"", ""file"": ""xuser.c"", ""line"": 218, ""text"": ""FIXME( \""iface %p, async %p, bufferSize %Iu, buffer %p, ptrToBuffer %p, bufferUsed %p stub!\\n\"", iface, async, bufferSize, buffer, ptrToBuffer, bufferUsed );""}, {""kind"": ""E_NOTIMPL"", ""file"": ""xuser.c"", ""line"": 219, ""text"": ""return E_NOTIMPL;""}]",False,https://learn.microsoft.com/gaming/gdk/docs/reference/system/xuser/functions/xusergettokenandsignatureresult,False,[],"[{""number"": 11, ""title"": ""GDK Integration Progress."", ""url"": ""https://github.com/xodus-gaming/xgameruntime/issues/11""}, {""number"": 13, ""title"": ""XUser Implementation"", ""url"": ""https://github.com/xodus-gaming/xgameruntime/issues/13""}]",interface_method
2,820,XUser,xuser.idl,IXUserImpl,01acd177-91f9-4763-a38e-ccbb55ce32e0,1,IUnknown,26,XUserGetTokenAndSignatureUtf16Async,"HRESULT XUserGetTokenAndSignatureUtf16Async([in] XUserHandle user, [in] XUserGetTokenAndSignatureOptions options, [in, string] const WCHAR * method, [in, string] const WCHAR * url, [in] SIZE_T headerCount, [in, optional, length_is(headerCount)] const XUserGetTokenAndSignatureUtf16HttpHeader * headers, [in] SIZE_T bodySize, [in, optional, size_is(bodySize)] const void * bodyBuffer, [in, out] XAsyncBlock * async)",HRESULT,"[{""name"": ""user"", ""type"": ""XUserHandle"", ""ctype"": ""XUserHandle"", ""attributes"": [""in""], ""in_param"": true, ""out_param"": false, ""optional"": false, ""string"": false, ""size_is"": null, ""length_is"": null, ""array"": null, ""sensitive"": false}, {""name"": ""options"", ""type"": ""XUserGetTokenAndSignatureOptions"", ""ctype"": ""XUserGetTokenAndSignatureOptions"", ""attributes"": [""in""], ""in_param"": true, ""out_param"": false, ""optional"": false, ""string"": false, ""size_is"": null, ""length_is"": null, ""array"": null, ""sensitive"": true}, {""name"": ""method"", ""type"": ""const WCHAR *"", ""ctype"": ""const WCHAR *"", ""attributes"": [""in"", ""string""], ""in_param"": true, ""out_param"": false, ""optional"": false, ""string"": true, ""size_is"": null, ""length_is"": null, ""array"": null, ""sensitive"": false}, {""name"": ""url"", ""type"": ""const WCHAR *"", ""ctype"": ""const WCHAR *"", ""attributes"": [""in"", ""string""], ""in_param"": true, ""out_param"": false, ""optional"": false, ""string"": true, ""size_is"": null, ""length_is"": null, ""array"": null, ""sensitive"": false}, {""name"": ""headerCount"", ""type"": ""SIZE_T"", ""ctype"": ""SIZE_T"", ""attributes"": [""in""], ""in_param"": true, ""out_param"": false, ""optional"": false, ""string"": false, ""size_is"": null, ""length_is"": null, ""array"": null, ""sensitive"": false}, {""name"": ""headers"", ""type"": ""const XUserGetTokenAndSignatureUtf16HttpHeader *"", ""ctype"": ""const XUserGetTokenAndSignatureUtf16HttpHeader *"", ""attributes"": [""in"", ""optional"", ""length_is(headerCount)""], ""in_param"": true, ""out_param"": false, ""optional"": true, ""string"": false, ""size_is"": null, ""length_is"": ""headerCount"", ""array"": ""*"", ""sensitive"": true}, {""name"": ""bodySize"", ""type"": ""SIZE_T"", ""ctype"": ""SIZE_T"", ""attributes"": [""in""], ""in_param"": true, ""out_param"": false, ""optional"": false, ""string"": false, ""size_is"": null, ""length_is"": null, ""array"": null, ""sensitive"": false}, {""name"": ""bodyBuffer"", ""type"": ""const void *"", ""ctype"": ""const void *"", ""attributes"": [""in"", ""optional"", ""size_is(bodySize)""], ""in_param"": true, ""out_param"": false, ""optional"": true, ""string"": false, ""size_is"": ""bodySize"", ""length_is"": null, ""array"": null, ""sensitive"": false}, {""name"": ""async"", ""type"": ""XAsyncBlock *"", ""ctype"": ""XAsyncBlock *"", ""attributes"": [""in"", ""out""], ""in_param"": true, ""out_param"": true, ""optional"": false, ""string"": false, ""size_is"": null, ""length_is"": null, ""array"": null, ""sensitive"": false}]",[],stubbed_or_incomplete,"[{""kind"": ""FIXME"", ""file"": ""xuser.c"", ""line"": 224, ""text"": ""FIXME( \""iface %p, user %p, options %d, method %s, url %s, headerCount %Iu, headers %p, bodySize %Iu, bodyBuffer %p, async %p stub!\\n\"", iface, user, options, debugstr_w( method ), debugstr_w( url ), headerCount, headers, bodySize, bodyBuffer, async );""}, {""kind"": ""stub"", ""file"": ""xuser.c"", ""line"": 224, ""text"": ""FIXME( \""iface %p, user %p, options %d, method %s, url %s, headerCount %Iu, headers %p, bodySize %Iu, bodyBuffer %p, async %p stub!\\n\"", iface, user, options, debugstr_w( method ), debugstr_w( url ), headerCount, headers, bodySize, bodyBuffer, async );""}, {""kind"": ""E_NOTIMPL"", ""file"": ""xuser.c"", ""line"": 225, ""text"": ""return E_NOTIMPL;""}]",False,https://learn.microsoft.com/gaming/gdk/docs/reference/system/xuser/functions/xusergettokenandsignatureutf16async,False,[],"[{""number"": 11, ""title"": ""GDK Integration Progress."", ""url"": ""https://github.com/xodus-gaming/xgameruntime/issues/11""}, {""number"": 13, ""title"": ""XUser Implementation"", ""url"": ""https://github.com/xodus-gaming/xgameruntime/issues/13""}]",interface_method
2,820,XUser,xuser.idl,IXUserImpl,01acd177-91f9-4763-a38e-ccbb55ce32e0,1,IUnknown,27,XUserGetTokenAndSignatureUtf16ResultSize,"HRESULT XUserGetTokenAndSignatureUtf16ResultSize([in, out] XAsyncBlock * async, [out] SIZE_T * bufferSize)",HRESULT,"[{""name"": ""async"", ""type"": ""XAsyncBlock *"", ""ctype"": ""XAsyncBlock *"", ""attributes"": [""in"", ""out""], ""in_param"": true, ""out_param"": true, ""optional"": false, ""string"": false, ""size_is"": null, ""length_is"": null, ""array"": null, ""sensitive"": false}, {""name"": ""bufferSize"", ""type"": ""SIZE_T *"", ""ctype"": ""SIZE_T *"", ""attributes"": [""out""], ""in_param"": false, ""out_param"": true, ""optional"": false, ""string"": false, ""size_is"": null, ""length_is"": null, ""array"": null, ""sensitive"": false}]",[],stubbed_or_incomplete,"[{""kind"": ""FIXME"", ""file"": ""xuser.c"", ""line"": 230, ""text"": ""FIXME( \""iface %p, async %p, bufferSize %p stub!\\n\"", iface, async, bufferSize );""}, {""kind"": ""stub"", ""file"": ""xuser.c"", ""line"": 230, ""text"": ""FIXME( \""iface %p, async %p, bufferSize %p stub!\\n\"", iface, async, bufferSize );""}, {""kind"": ""E_NOTIMPL"", ""file"": ""xuser.c"", ""line"": 231, ""text"": ""return E_NOTIMPL;""}]",False,https://learn.microsoft.com/gaming/gdk/docs/reference/system/xuser/functions/xusergettokenandsignatureutf16resultsize,False,[],"[{""number"": 11, ""title"": ""GDK Integration Progress."", ""url"": ""https://github.com/xodus-gaming/xgameruntime/issues/11""}, {""number"": 13, ""title"": ""XUser Implementation"", ""url"": ""https://github.com/xodus-gaming/xgameruntime/issues/13""}]",interface_method
2,820,XUser,xuser.idl,IXUserImpl,01acd177-91f9-4763-a38e-ccbb55ce32e0,1,IUnknown,28,XUserGetTokenAndSignatureUtf16Result,"HRESULT XUserGetTokenAndSignatureUtf16Result([in, out] XAsyncBlock * async, [in] SIZE_T bufferSize, [out, size_is(bufferSize)] void * buffer, [out, ptr] XUserGetTokenAndSignatureUtf16Data ** ptrToBuffer, [out, optional] SIZE_T * bufferUsed)",HRESULT,"[{""name"": ""async"", ""type"": ""XAsyncBlock *"", ""ctype"": ""XAsyncBlock *"", ""attributes"": [""in"", ""out""], ""in_param"": true, ""out_param"": true, ""optional"": false, ""string"": false, ""size_is"": null, ""length_is"": null, ""array"": null, ""sensitive"": false}, {""name"": ""bufferSize"", ""type"": ""SIZE_T"", ""ctype"": ""SIZE_T"", ""attributes"": [""in""], ""in_param"": true, ""out_param"": false, ""optional"": false, ""string"": false, ""size_is"": null, ""length_is"": null, ""array"": null, ""sensitive"": false}, {""name"": ""buffer"", ""type"": ""void *"", ""ctype"": ""void *"", ""attributes"": [""out"", ""size_is(bufferSize)""], ""in_param"": false, ""out_param"": true, ""optional"": false, ""string"": false, ""size_is"": ""bufferSize"", ""length_is"": null, ""array"": null, ""sensitive"": false}, {""name"": ""ptrToBuffer"", ""type"": ""XUserGetTokenAndSignatureUtf16Data * *"", ""ctype"": ""XUserGetTokenAndSignatureUtf16Data **"", ""attributes"": [""out"", ""ptr""], ""in_param"": false, ""out_param"": true, ""optional"": false, ""string"": false, ""size_is"": null, ""length_is"": null, ""array"": null, ""sensitive"": true}, {""name"": ""bufferUsed"", ""type"": ""SIZE_T *"", ""ctype"": ""SIZE_T *"", ""attributes"": [""out"", ""optional""], ""in_param"": false, ""out_param"": true, ""optional"": true, ""string"": false, ""size_is"": null, ""length_is"": null, ""array"": null, ""sensitive"": false}]",[],stubbed_or_incomplete,"[{""kind"": ""FIXME"", ""file"": ""xuser.c"", ""line"": 236, ""text"": ""FIXME( \""iface %p, async %p, bufferSize %Iu, buffer %p, ptrToBuffer %p, bufferUsed %p stub!\\n\"", iface, async, bufferSize, buffer, ptrToBuffer, bufferUsed );""}, {""kind"": ""stub"", ""file"": ""xuser.c"", ""line"": 236, ""text"": ""FIXME( \""iface %p, async %p, bufferSize %Iu, buffer %p, ptrToBuffer %p, bufferUsed %p stub!\\n\"", iface, async, bufferSize, buffer, ptrToBuffer, bufferUsed );""}, {""kind"": ""E_NOTIMPL"", ""file"": ""xuser.c"", ""line"": 237, ""text"": ""return E_NOTIMPL;""}]",False,https://learn.microsoft.com/gaming/gdk/docs/reference/system/xuser/functions/xusergettokenandsignatureutf16result,False,[],"[{""number"": 11, ""title"": ""GDK Integration Progress."", ""url"": ""https://github.com/xodus-gaming/xgameruntime/issues/11""}, {""number"": 13, ""title"": ""XUser Implementation"", ""url"": ""https://github.com/xodus-gaming/xgameruntime/issues/13""}]",interface_method
2,820,XUser,xuser.idl,IXUserImpl,01acd177-91f9-4763-a38e-ccbb55ce32e0,1,IUnknown,29,XUserResolveIssueWithUiAsync,"HRESULT XUserResolveIssueWithUiAsync([in] XUserHandle user, [in, optional, string] const char * url, [in, out] XAsyncBlock * async)",HRESULT,"[{""name"": ""user"", ""type"": ""XUserHandle"", ""ctype"": ""XUserHandle"", ""attributes"": [""in""], ""in_param"": true, ""out_param"": false, ""optional"": false, ""string"": false, ""size_is"": null, ""length_is"": null, ""array"": null, ""sensitive"": false}, {""name"": ""url"", ""type"": ""const char *"", ""ctype"": ""const char *"", ""attributes"": [""in"", ""optional"", ""string""], ""in_param"": true, ""out_param"": false, ""optional"": true, ""string"": true, ""size_is"": null, ""length_is"": null, ""array"": null, ""sensitive"": false}, {""name"": ""async"", ""type"": ""XAsyncBlock *"", ""ctype"": ""XAsyncBlock *"", ""attributes"": [""in"", ""out""], ""in_param"": true, ""out_param"": true, ""optional"": false, ""string"": false, ""size_is"": null, ""length_is"": null, ""array"": null, ""sensitive"": false}]",[],stubbed_or_incomplete,"[{""kind"": ""FIXME"", ""file"": ""xuser.c"", ""line"": 242, ""text"": ""FIXME( \""iface %p, user %p, url %s, async %p stub!\\n\"", iface, user, debugstr_a( url ), async );""}, {""kind"": ""stub"", ""file"": ""xuser.c"", ""line"": 242, ""text"": ""FIXME( \""iface %p, user %p, url %s, async %p stub!\\n\"", iface, user, debugstr_a( url ), async );""}, {""kind"": ""E_NOTIMPL"", ""file"": ""xuser.c"", ""line"": 243, ""text"": ""return E_NOTIMPL;""}]",False,https://learn.microsoft.com/gaming/gdk/docs/reference/system/xuser/functions/xuserresolveissuewithuiasync,False,[],"[{""number"": 11, ""title"": ""GDK Integration Progress."", ""url"": ""https://github.com/xodus-gaming/xgameruntime/issues/11""}, {""number"": 13, ""title"": ""XUser Implementation"", ""url"": ""https://github.com/xodus-gaming/xgameruntime/issues/13""}]",interface_method
2,820,XUser,xuser.idl,IXUserImpl,01acd177-91f9-4763-a38e-ccbb55ce32e0,1,IUnknown,30,XUserResolveIssueWithUiResult,"HRESULT XUserResolveIssueWithUiResult([in, out] XAsyncBlock * async)",HRESULT,"[{""name"": ""async"", ""type"": ""XAsyncBlock *"", ""ctype"": ""XAsyncBlock *"", ""attributes"": [""in"", ""out""], ""in_param"": true, ""out_param"": true, ""optional"": false, ""string"": false, ""size_is"": null, ""length_is"": null, ""array"": null, ""sensitive"": false}]",[],stubbed_or_incomplete,"[{""kind"": ""FIXME"", ""file"": ""xuser.c"", ""line"": 248, ""text"": ""FIXME( \""iface %p, async %p stub!\\n\"", iface, async );""}, {""kind"": ""stub"", ""file"": ""xuser.c"", ""line"": 248, ""text"": ""FIXME( \""iface %p, async %p stub!\\n\"", iface, async );""}, {""kind"": ""E_NOTIMPL"", ""file"": ""xuser.c"", ""line"": 249, ""text"": ""return E_NOTIMPL;""}]",False,https://learn.microsoft.com/gaming/gdk/docs/reference/system/xuser/functions/xuserresolveissuewithuiresult,False,[],"[{""number"": 11, ""title"": ""GDK Integration Progress."", ""url"": ""https://github.com/xodus-gaming/xgameruntime/issues/11""}, {""number"": 13, ""title"": ""XUser Implementation"", ""url"": ""https://github.com/xodus-gaming/xgameruntime/issues/13""}]",interface_method
2,820,XUser,xuser.idl,IXUserImpl,01acd177-91f9-4763-a38e-ccbb55ce32e0,1,IUnknown,31,XUserResolveIssueWithUiUtf16Async,"HRESULT XUserResolveIssueWithUiUtf16Async([in] XUserHandle user, [in, optional, string] const WCHAR * url, [in, out] XAsyncBlock * async)",HRESULT,"[{""name"": ""user"", ""type"": ""XUserHandle"", ""ctype"": ""XUserHandle"", ""attributes"": [""in""], ""in_param"": true, ""out_param"": false, ""optional"": false, ""string"": false, ""size_is"": null, ""length_is"": null, ""array"": null, ""sensitive"": false}, {""name"": ""url"", ""type"": ""const WCHAR *"", ""ctype"": ""const WCHAR *"", ""attributes"": [""in"", ""optional"", ""string""], ""in_param"": true, ""out_param"": false, ""optional"": true, ""string"": true, ""size_is"": null, ""length_is"": null, ""array"": null, ""sensitive"": false}, {""name"": ""async"", ""type"": ""XAsyncBlock *"", ""ctype"": ""XAsyncBlock *"", ""attributes"": [""in"", ""out""], ""in_param"": true, ""out_param"": true, ""optional"": false, ""string"": false, ""size_is"": null, ""length_is"": null, ""array"": null, ""sensitive"": false}]",[],stubbed_or_incomplete,"[{""kind"": ""FIXME"", ""file"": ""xuser.c"", ""line"": 254, ""text"": ""FIXME( \""iface %p, user %p, url %s, async %p stub!\\n\"", iface, user, debugstr_w( url ), async );""}, {""kind"": ""stub"", ""file"": ""xuser.c"", ""line"": 254, ""text"": ""FIXME( \""iface %p, user %p, url %s, async %p stub!\\n\"", iface, user, debugstr_w( url ), async );""}, {""kind"": ""E_NOTIMPL"", ""file"": ""xuser.c"", ""line"": 255, ""text"": ""return E_NOTIMPL;""}]",False,https://learn.microsoft.com/gaming/gdk/docs/reference/system/xuser/functions/xuserresolveissuewithuiutf16async,False,[],"[{""number"": 11, ""title"": ""GDK Integration Progress."", ""url"": ""https://github.com/xodus-gaming/xgameruntime/issues/11""}, {""number"": 13, ""title"": ""XUser Implementation"", ""url"": ""https://github.com/xodus-gaming/xgameruntime/issues/13""}]",interface_method
2,820,XUser,xuser.idl,IXUserImpl,01acd177-91f9-4763-a38e-ccbb55ce32e0,1,IUnknown,32,XUserResolveIssueWithUiUtf16Result,"HRESULT XUserResolveIssueWithUiUtf16Result([in, out] XAsyncBlock * async)",HRESULT,"[{""name"": ""async"", ""type"": ""XAsyncBlock *"", ""ctype"": ""XAsyncBlock *"", ""attributes"": [""in"", ""out""], ""in_param"": true, ""out_param"": true, ""optional"": false, ""string"": false, ""size_is"": null, ""length_is"": null, ""array"": null, ""sensitive"": false}]",[],stubbed_or_incomplete,"[{""kind"": ""FIXME"", ""file"": ""xuser.c"", ""line"": 260, ""text"": ""FIXME( \""iface %p, async %p stub!\\n\"", iface, async );""}, {""kind"": ""stub"", ""file"": ""xuser.c"", ""line"": 260, ""text"": ""FIXME( \""iface %p, async %p stub!\\n\"", iface, async );""}, {""kind"": ""E_NOTIMPL"", ""file"": ""xuser.c"", ""line"": 261, ""text"": ""return E_NOTIMPL;""}]",False,https://learn.microsoft.com/gaming/gdk/docs/reference/system/xuser/functions/xuserresolveissuewithuiutf16result,False,[],"[{""number"": 11, ""title"": ""GDK Integration Progress."", ""url"": ""https://github.com/xodus-gaming/xgameruntime/issues/11""}, {""number"": 13, ""title"": ""XUser Implementation"", ""url"": ""https://github.com/xodus-gaming/xgameruntime/issues/13""}]",interface_method
2,820,XUser,xuser.idl,IXUserImpl,01acd177-91f9-4763-a38e-ccbb55ce32e0,1,IUnknown,33,XUserRegisterForChangeEvent,"HRESULT XUserRegisterForChangeEvent([in, optional] XTaskQueueHandle queue, [in, optional] void * context, [in] XUserChangeEventCallback * callback, [out] XTaskQueueRegistrationToken * token)",HRESULT,"[{""name"": ""queue"", ""type"": ""XTaskQueueHandle"", ""ctype"": ""XTaskQueueHandle"", ""attributes"": [""in"", ""optional""], ""in_param"": true, ""out_param"": false, ""optional"": true, ""string"": false, ""size_is"": null, ""length_is"": null, ""array"": null, ""sensitive"": false}, {""name"": ""context"", ""type"": ""void *"", ""ctype"": ""void *"", ""attributes"": [""in"", ""optional""], ""in_param"": true, ""out_param"": false, ""optional"": true, ""string"": false, ""size_is"": null, ""length_is"": null, ""array"": null, ""sensitive"": false}, {""name"": ""callback"", ""type"": ""XUserChangeEventCallback *"", ""ctype"": ""XUserChangeEventCallback *"", ""attributes"": [""in""], ""in_param"": true, ""out_param"": false, ""optional"": false, ""string"": false, ""size_is"": null, ""length_is"": null, ""array"": null, ""sensitive"": false}, {""name"": ""token"", ""type"": ""XTaskQueueRegistrationToken *"", ""ctype"": ""XTaskQueueRegistrationToken *"", ""attributes"": [""out""], ""in_param"": false, ""out_param"": true, ""optional"": false, ""string"": false, ""size_is"": null, ""length_is"": null, ""array"": null, ""sensitive"": true}]",[],stubbed_or_incomplete,"[{""kind"": ""FIXME"", ""file"": ""xuser.c"", ""line"": 266, ""text"": ""FIXME( \""iface %p, queue %p, context %p, callback %p, token %p stub!\\n\"", iface, queue, context, callback, token );""}, {""kind"": ""stub"", ""file"": ""xuser.c"", ""line"": 266, ""text"": ""FIXME( \""iface %p, queue %p, context %p, callback %p, token %p stub!\\n\"", iface, queue, context, callback, token );""}, {""kind"": ""E_NOTIMPL"", ""file"": ""xuser.c"", ""line"": 267, ""text"": ""return E_NOTIMPL;""}]",False,https://learn.microsoft.com/gaming/gdk/docs/reference/system/xuser/functions/xuserregisterforchangeevent,False,[],"[{""number"": 11, ""title"": ""GDK Integration Progress."", ""url"": ""https://github.com/xodus-gaming/xgameruntime/issues/11""}, {""number"": 13, ""title"": ""XUser Implementation"", ""url"": ""https://github.com/xodus-gaming/xgameruntime/issues/13""}]",interface_method
2,820,XUser,xuser.idl,IXUserImpl,01acd177-91f9-4763-a38e-ccbb55ce32e0,1,IUnknown,34,XUserUnregisterForChangeEvent,"BOOLEAN XUserUnregisterForChangeEvent([in] XTaskQueueRegistrationToken token, [in] BOOLEAN wait)",BOOLEAN,"[{""name"": ""token"", ""type"": ""XTaskQueueRegistrationToken"", ""ctype"": ""XTaskQueueRegistrationToken"", ""attributes"": [""in""], ""in_param"": true, ""out_param"": false, ""optional"": false, ""string"": false, ""size_is"": null, ""length_is"": null, ""array"": null, ""sensitive"": true}, {""name"": ""wait"", ""type"": ""BOOLEAN"", ""ctype"": ""BOOLEAN"", ""attributes"": [""in""], ""in_param"": true, ""out_param"": false, ""optional"": false, ""string"": false, ""size_is"": null, ""length_is"": null, ""array"": null, ""sensitive"": false}]",[],stubbed_or_incomplete,"[{""kind"": ""FIXME"", ""file"": ""xuser.c"", ""line"": 272, ""text"": ""FIXME( \""iface %p, token %p, wait %d stub!\\n\"", iface, &token, wait );""}, {""kind"": ""stub"", ""file"": ""xuser.c"", ""line"": 272, ""text"": ""FIXME( \""iface %p, token %p, wait %d stub!\\n\"", iface, &token, wait );""}]",False,https://learn.microsoft.com/gaming/gdk/docs/reference/system/xuser/functions/xuserunregisterforchangeevent,False,[],"[{""number"": 11, ""title"": ""GDK Integration Progress."", ""url"": ""https://github.com/xodus-gaming/xgameruntime/issues/11""}, {""number"": 13, ""title"": ""XUser Implementation"", ""url"": ""https://github.com/xodus-gaming/xgameruntime/issues/13""}]",interface_method
2,820,XUser,xuser.idl,IXUserImpl2,eb9bf948-18dc-4d82-bbcc-40e0a809c4c0,2,IXUserImpl,37,XUserAddByIdWithUiAsync,"HRESULT XUserAddByIdWithUiAsync([in] UINT64 userId, [in, out] XAsyncBlock * async)",HRESULT,"[{""name"": ""userId"", ""type"": ""UINT64"", ""ctype"": ""UINT64"", ""attributes"": [""in""], ""in_param"": true, ""out_param"": false, ""optional"": false, ""string"": false, ""size_is"": null, ""length_is"": null, ""array"": null, ""sensitive"": false}, {""name"": ""async"", ""type"": ""XAsyncBlock *"", ""ctype"": ""XAsyncBlock *"", ""attributes"": [""in"", ""out""], ""in_param"": true, ""out_param"": true, ""optional"": false, ""string"": false, ""size_is"": null, ""length_is"": null, ""array"": null, ""sensitive"": false}]",[],stubbed_or_incomplete,"[{""kind"": ""FIXME"", ""file"": ""xuser.c"", ""line"": 290, ""text"": ""FIXME( \""iface %p, userId %llu, async %p stub!\\n\"", iface, userId, async );""}, {""kind"": ""stub"", ""file"": ""xuser.c"", ""line"": 290, ""text"": ""FIXME( \""iface %p, userId %llu, async %p stub!\\n\"", iface, userId, async );""}, {""kind"": ""E_NOTIMPL"", ""file"": ""xuser.c"", ""line"": 291, ""text"": ""return E_NOTIMPL;""}]",False,https://learn.microsoft.com/gaming/gdk/docs/reference/system/xuser/functions/xuseraddbyidwithuiasync,False,[],"[{""number"": 11, ""title"": ""GDK Integration Progress."", ""url"": ""https://github.com/xodus-gaming/xgameruntime/issues/11""}, {""number"": 13, ""title"": ""XUser Implementation"", ""url"": ""https://github.com/xodus-gaming/xgameruntime/issues/13""}]",interface_method
2,820,XUser,xuser.idl,IXUserImpl2,eb9bf948-18dc-4d82-bbcc-40e0a809c4c0,2,IXUserImpl,38,XUserAddByIdWithUiResult,"HRESULT XUserAddByIdWithUiResult([in, out] XAsyncBlock * async, [out] XUserHandle * newUser)",HRESULT,"[{""name"": ""async"", ""type"": ""XAsyncBlock *"", ""ctype"": ""XAsyncBlock *"", ""attributes"": [""in"", ""out""], ""in_param"": true, ""out_param"": true, ""optional"": false, ""string"": false, ""size_is"": null, ""length_is"": null, ""array"": null, ""sensitive"": false}, {""name"": ""newUser"", ""type"": ""XUserHandle *"", ""ctype"": ""XUserHandle *"", ""attributes"": [""out""], ""in_param"": false, ""out_param"": true, ""optional"": false, ""string"": false, ""size_is"": null, ""length_is"": null, ""array"": null, ""sensitive"": false}]",[],stubbed_or_incomplete,"[{""kind"": ""FIXME"", ""file"": ""xuser.c"", ""line"": 296, ""text"": ""FIXME( \""iface %p, async %p, newUser %p stub!\\n\"", iface, async, newUser );""}, {""kind"": ""stub"", ""file"": ""xuser.c"", ""line"": 296, ""text"": ""FIXME( \""iface %p, async %p, newUser %p stub!\\n\"", iface, async, newUser );""}, {""kind"": ""E_NOTIMPL"", ""file"": ""xuser.c"", ""line"": 297, ""text"": ""return E_NOTIMPL;""}]",False,https://learn.microsoft.com/gaming/gdk/docs/reference/system/xuser/functions/xuseraddbyidwithuiresult,False,[],"[{""number"": 11, ""title"": ""GDK Integration Progress."", ""url"": ""https://github.com/xodus-gaming/xgameruntime/issues/11""}, {""number"": 13, ""title"": ""XUser Implementation"", ""url"": ""https://github.com/xodus-gaming/xgameruntime/issues/13""}]",interface_method
2,820,XUser,xuser.idl,IXUserImpl3,1bf2f8c5-d507-4e52-bb05-f726d0e71161,3,IXUserImpl2,39,XUserGetMsaTokenSilentlyAsync,"HRESULT XUserGetMsaTokenSilentlyAsync([in] XUserHandle user, [in] XUserGetMsaTokenSilentlyOptions options, [in, string] const char * scope, [in, out] XAsyncBlock * async)",HRESULT,"[{""name"": ""user"", ""type"": ""XUserHandle"", ""ctype"": ""XUserHandle"", ""attributes"": [""in""], ""in_param"": true, ""out_param"": false, ""optional"": false, ""string"": false, ""size_is"": null, ""length_is"": null, ""array"": null, ""sensitive"": false}, {""name"": ""options"", ""type"": ""XUserGetMsaTokenSilentlyOptions"", ""ctype"": ""XUserGetMsaTokenSilentlyOptions"", ""attributes"": [""in""], ""in_param"": true, ""out_param"": false, ""optional"": false, ""string"": false, ""size_is"": null, ""length_is"": null, ""array"": null, ""sensitive"": true}, {""name"": ""scope"", ""type"": ""const char *"", ""ctype"": ""const char *"", ""attributes"": [""in"", ""string""], ""in_param"": true, ""out_param"": false, ""optional"": false, ""string"": true, ""size_is"": null, ""length_is"": null, ""array"": null, ""sensitive"": false}, {""name"": ""async"", ""type"": ""XAsyncBlock *"", ""ctype"": ""XAsyncBlock *"", ""attributes"": [""in"", ""out""], ""in_param"": true, ""out_param"": true, ""optional"": false, ""string"": false, ""size_is"": null, ""length_is"": null, ""array"": null, ""sensitive"": false}]",[],stubbed_or_incomplete,"[{""kind"": ""FIXME"", ""file"": ""xuser.c"", ""line"": 302, ""text"": ""FIXME( \""iface %p, user %p, options %u, scope %s, async %p stub!\\n\"", iface, user, options, debugstr_a( scope ), async );""}, {""kind"": ""stub"", ""file"": ""xuser.c"", ""line"": 302, ""text"": ""FIXME( \""iface %p, user %p, options %u, scope %s, async %p stub!\\n\"", iface, user, options, debugstr_a( scope ), async );""}, {""kind"": ""E_NOTIMPL"", ""file"": ""xuser.c"", ""line"": 303, ""text"": ""return E_NOTIMPL;""}]",False,https://learn.microsoft.com/gaming/gdk/docs/reference/system/xuser/functions/xusergetmsatokensilentlyasync,False,[],"[{""number"": 11, ""title"": ""GDK Integration Progress."", ""url"": ""https://github.com/xodus-gaming/xgameruntime/issues/11""}, {""number"": 13, ""title"": ""XUser Implementation"", ""url"": ""https://github.com/xodus-gaming/xgameruntime/issues/13""}]",interface_method
2,820,XUser,xuser.idl,IXUserImpl3,1bf2f8c5-d507-4e52-bb05-f726d0e71161,3,IXUserImpl2,40,XUserGetMsaTokenSilentlyResult,"HRESULT XUserGetMsaTokenSilentlyResult([in, out] XAsyncBlock * async, [in] SIZE_T resultTokenSize, [out, string, size_is(resultTokenSize)] char * resultToken, [out, optional] SIZE_T * resultTokenUsed)",HRESULT,"[{""name"": ""async"", ""type"": ""XAsyncBlock *"", ""ctype"": ""XAsyncBlock *"", ""attributes"": [""in"", ""out""], ""in_param"": true, ""out_param"": true, ""optional"": false, ""string"": false, ""size_is"": null, ""length_is"": null, ""array"": null, ""sensitive"": false}, {""name"": ""resultTokenSize"", ""type"": ""SIZE_T"", ""ctype"": ""SIZE_T"", ""attributes"": [""in""], ""in_param"": true, ""out_param"": false, ""optional"": false, ""string"": false, ""size_is"": null, ""length_is"": null, ""array"": null, ""sensitive"": true}, {""name"": ""resultToken"", ""type"": ""char *"", ""ctype"": ""char *"", ""attributes"": [""out"", ""string"", ""size_is(resultTokenSize)""], ""in_param"": false, ""out_param"": true, ""optional"": false, ""string"": true, ""size_is"": ""resultTokenSize"", ""length_is"": null, ""array"": null, ""sensitive"": true}, {""name"": ""resultTokenUsed"", ""type"": ""SIZE_T *"", ""ctype"": ""SIZE_T *"", ""attributes"": [""out"", ""optional""], ""in_param"": false, ""out_param"": true, ""optional"": true, ""string"": false, ""size_is"": null, ""length_is"": null, ""array"": null, ""sensitive"": true}]",[],stubbed_or_incomplete,"[{""kind"": ""FIXME"", ""file"": ""xuser.c"", ""line"": 308, ""text"": ""FIXME( \""iface %p, async %p, resultTokenSize %Iu, resultToken %p, resultTokenUsed %p stub!\\n\"", iface, async, resultTokenSize, resultToken, resultTokenUsed );""}, {""kind"": ""stub"", ""file"": ""xuser.c"", ""line"": 308, ""text"": ""FIXME( \""iface %p, async %p, resultTokenSize %Iu, resultToken %p, resultTokenUsed %p stub!\\n\"", iface, async, resultTokenSize, resultToken, resultTokenUsed );""}, {""kind"": ""E_NOTIMPL"", ""file"": ""xuser.c"", ""line"": 309, ""text"": ""return E_NOTIMPL;""}]",False,https://learn.microsoft.com/gaming/gdk/docs/reference/system/xuser/functions/xusergetmsatokensilentlyresult,False,[],"[{""number"": 11, ""title"": ""GDK Integration Progress."", ""url"": ""https://github.com/xodus-gaming/xgameruntime/issues/11""}, {""number"": 13, ""title"": ""XUser Implementation"", ""url"": ""https://github.com/xodus-gaming/xgameruntime/issues/13""}]",interface_method
2,820,XUser,xuser.idl,IXUserImpl3,1bf2f8c5-d507-4e52-bb05-f726d0e71161,3,IXUserImpl2,41,XUserGetMsaTokenSilentlyResultSize,"HRESULT XUserGetMsaTokenSilentlyResultSize([in, out] XAsyncBlock * async, [out] SIZE_T * tokenSize)",HRESULT,"[{""name"": ""async"", ""type"": ""XAsyncBlock *"", ""ctype"": ""XAsyncBlock *"", ""attributes"": [""in"", ""out""], ""in_param"": true, ""out_param"": true, ""optional"": false, ""string"": false, ""size_is"": null, ""length_is"": null, ""array"": null, ""sensitive"": false}, {""name"": ""tokenSize"", ""type"": ""SIZE_T *"", ""ctype"": ""SIZE_T *"", ""attributes"": [""out""], ""in_param"": false, ""out_param"": true, ""optional"": false, ""string"": false, ""size_is"": null, ""length_is"": null, ""array"": null, ""sensitive"": true}]",[],stubbed_or_incomplete,"[{""kind"": ""FIXME"", ""file"": ""xuser.c"", ""line"": 314, ""text"": ""FIXME( \""iface %p, async %p, tokenSize %p stub!\\n\"", iface, async, tokenSize );""}, {""kind"": ""stub"", ""file"": ""xuser.c"", ""line"": 314, ""text"": ""FIXME( \""iface %p, async %p, tokenSize %p stub!\\n\"", iface, async, tokenSize );""}, {""kind"": ""E_NOTIMPL"", ""file"": ""xuser.c"", ""line"": 315, ""text"": ""return E_NOTIMPL;""}]",False,https://learn.microsoft.com/gaming/gdk/docs/reference/system/xuser/functions/xusergetmsatokensilentlyresultsize,False,[],"[{""number"": 11, ""title"": ""GDK Integration Progress."", ""url"": ""https://github.com/xodus-gaming/xgameruntime/issues/11""}, {""number"": 13, ""title"": ""XUser Implementation"", ""url"": ""https://github.com/xodus-gaming/xgameruntime/issues/13""}]",interface_method
2,820,XUser,xuser.idl,IXUserImpl4,079415e3-6727-437f-8e9d-8f8f9b2439f7,4,IXUserImpl3,42,XUserIsStoreUser,BOOLEAN XUserIsStoreUser([in] XUserHandle user),BOOLEAN,"[{""name"": ""user"", ""type"": ""XUserHandle"", ""ctype"": ""XUserHandle"", ""attributes"": [""in""], ""in_param"": true, ""out_param"": false, ""optional"": false, ""string"": false, ""size_is"": null, ""length_is"": null, ""array"": null, ""sensitive"": false}]",[],stubbed_or_incomplete,"[{""kind"": ""FIXME"", ""file"": ""xuser.c"", ""line"": 320, ""text"": ""FIXME( \""iface %p, user %p stub!\\n\"", iface, user );""}, {""kind"": ""stub"", ""file"": ""xuser.c"", ""line"": 320, ""text"": ""FIXME( \""iface %p, user %p stub!\\n\"", iface, user );""}]",False,https://learn.microsoft.com/gaming/gdk/docs/reference/system/xuser/functions/xuserisstoreuser,False,[],"[{""number"": 11, ""title"": ""GDK Integration Progress."", ""url"": ""https://github.com/xodus-gaming/xgameruntime/issues/11""}, {""number"": 13, ""title"": ""XUser Implementation"", ""url"": ""https://github.com/xodus-gaming/xgameruntime/issues/13""}]",interface_method
2,820,XUser,xuser.idl,IXUserImpl5,26f3c674-a2fe-44fa-b6c4-a323bc94ff53,5,IXUserImpl4,43,XUserPlatformRemoteConnectSetEventHandlers,"HRESULT XUserPlatformRemoteConnectSetEventHandlers([in, optional] XTaskQueueHandle queue, [in] XUserPlatformRemoteConnectEventHandlers * handlers)",HRESULT,"[{""name"": ""queue"", ""type"": ""XTaskQueueHandle"", ""ctype"": ""XTaskQueueHandle"", ""attributes"": [""in"", ""optional""], ""in_param"": true, ""out_param"": false, ""optional"": true, ""string"": false, ""size_is"": null, ""length_is"": null, ""array"": null, ""sensitive"": false}, {""name"": ""handlers"", ""type"": ""XUserPlatformRemoteConnectEventHandlers *"", ""ctype"": ""XUserPlatformRemoteConnectEventHandlers *"", ""attributes"": [""in""], ""in_param"": true, ""out_param"": false, ""optional"": false, ""string"": false, ""size_is"": null, ""length_is"": null, ""array"": null, ""sensitive"": false}]",[],stubbed_or_incomplete,"[{""kind"": ""FIXME"", ""file"": ""xuser.c"", ""line"": 326, ""text"": ""FIXME( \""iface %p, queue %p, handlers %p stub!\\n\"", iface, queue, handlers );""}, {""kind"": ""stub"", ""file"": ""xuser.c"", ""line"": 326, ""text"": ""FIXME( \""iface %p, queue %p, handlers %p stub!\\n\"", iface, queue, handlers );""}, {""kind"": ""E_NOTIMPL"", ""file"": ""xuser.c"", ""line"": 327, ""text"": ""return E_NOTIMPL;""}]",False,https://learn.microsoft.com/gaming/gdk/docs/reference/system/xuser/functions/xuserplatformremoteconnectseteventhandlers,False,[],"[{""number"": 11, ""title"": ""GDK Integration Progress."", ""url"": ""https://github.com/xodus-gaming/xgameruntime/issues/11""}, {""number"": 13, ""title"": ""XUser Implementation"", ""url"": ""https://github.com/xodus-gaming/xgameruntime/issues/13""}]",interface_method
2,820,XUser,xuser.idl,IXUserImpl5,26f3c674-a2fe-44fa-b6c4-a323bc94ff53,5,IXUserImpl4,44,XUserPlatformRemoteConnectCancelPrompt,HRESULT XUserPlatformRemoteConnectCancelPrompt([in] XUserPlatformOperation operation),HRESULT,"[{""name"": ""operation"", ""type"": ""XUserPlatformOperation"", ""ctype"": ""XUserPlatformOperation"", ""attributes"": [""in""], ""in_param"": true, ""out_param"": false, ""optional"": false, ""string"": false, ""size_is"": null, ""length_is"": null, ""array"": null, ""sensitive"": false}]",[],stubbed_or_incomplete,"[{""kind"": ""FIXME"", ""file"": ""xuser.c"", ""line"": 332, ""text"": ""FIXME( \""iface %p, operation %p stub!\\n\"", iface, operation );""}, {""kind"": ""stub"", ""file"": ""xuser.c"", ""line"": 332, ""text"": ""FIXME( \""iface %p, operation %p stub!\\n\"", iface, operation );""}, {""kind"": ""E_NOTIMPL"", ""file"": ""xuser.c"", ""line"": 333, ""text"": ""return E_NOTIMPL;""}]",False,https://learn.microsoft.com/gaming/gdk/docs/reference/system/xuser/functions/xuserplatformremoteconnectcancelprompt,False,[],"[{""number"": 11, ""title"": ""GDK Integration Progress."", ""url"": ""https://github.com/xodus-gaming/xgameruntime/issues/11""}, {""number"": 13, ""title"": ""XUser Implementation"", ""url"": ""https://github.com/xodus-gaming/xgameruntime/issues/13""}]",interface_method
2,820,XUser,xuser.idl,IXUserImpl5,26f3c674-a2fe-44fa-b6c4-a323bc94ff53,5,IXUserImpl4,45,XUserPlatformSpopPromptSetEventHandlers,"HRESULT XUserPlatformSpopPromptSetEventHandlers([in, optional] XTaskQueueHandle queue, [in] XUserPlatformSpopPromptEventHandler * handler, [in, optional] void * context)",HRESULT,"[{""name"": ""queue"", ""type"": ""XTaskQueueHandle"", ""ctype"": ""XTaskQueueHandle"", ""attributes"": [""in"", ""optional""], ""in_param"": true, ""out_param"": false, ""optional"": true, ""string"": false, ""size_is"": null, ""length_is"": null, ""array"": null, ""sensitive"": false}, {""name"": ""handler"", ""type"": ""XUserPlatformSpopPromptEventHandler *"", ""ctype"": ""XUserPlatformSpopPromptEventHandler *"", ""attributes"": [""in""], ""in_param"": true, ""out_param"": false, ""optional"": false, ""string"": false, ""size_is"": null, ""length_is"": null, ""array"": null, ""sensitive"": false}, {""name"": ""context"", ""type"": ""void *"", ""ctype"": ""void *"", ""attributes"": [""in"", ""optional""], ""in_param"": true, ""out_param"": false, ""optional"": true, ""string"": false, ""size_is"": null, ""length_is"": null, ""array"": null, ""sensitive"": false}]",[],stubbed_or_incomplete,"[{""kind"": ""FIXME"", ""file"": ""xuser.c"", ""line"": 338, ""text"": ""FIXME( \""iface %p, queue %p, handler %p, context %p stub!\\n\"", iface, queue, handler, context );""}, {""kind"": ""stub"", ""file"": ""xuser.c"", ""line"": 338, ""text"": ""FIXME( \""iface %p, queue %p, handler %p, context %p stub!\\n\"", iface, queue, handler, context );""}, {""kind"": ""E_NOTIMPL"", ""file"": ""xuser.c"", ""line"": 339, ""text"": ""return E_NOTIMPL;""}]",False,https://learn.microsoft.com/gaming/gdk/docs/reference/system/xuser/functions/xuserplatformspoppromptseteventhandlers,False,[],"[{""number"": 11, ""title"": ""GDK Integration Progress."", ""url"": ""https://github.com/xodus-gaming/xgameruntime/issues/11""}, {""number"": 13, ""title"": ""XUser Implementation"", ""url"": ""https://github.com/xodus-gaming/xgameruntime/issues/13""}]",interface_method
2,820,XUser,xuser.idl,IXUserImpl5,26f3c674-a2fe-44fa-b6c4-a323bc94ff53,5,IXUserImpl4,46,XUserPlatformSpopPromptComplete,"HRESULT XUserPlatformSpopPromptComplete([in] XUserPlatformOperation operation, [in] XUserPlatformOperationResult result)",HRESULT,"[{""name"": ""operation"", ""type"": ""XUserPlatformOperation"", ""ctype"": ""XUserPlatformOperation"", ""attributes"": [""in""], ""in_param"": true, ""out_param"": false, ""optional"": false, ""string"": false, ""size_is"": null, ""length_is"": null, ""array"": null, ""sensitive"": false}, {""name"": ""result"", ""type"": ""XUserPlatformOperationResult"", ""ctype"": ""XUserPlatformOperationResult"", ""attributes"": [""in""], ""in_param"": true, ""out_param"": false, ""optional"": false, ""string"": false, ""size_is"": null, ""length_is"": null, ""array"": null, ""sensitive"": false}]",[],stubbed_or_incomplete,"[{""kind"": ""FIXME"", ""file"": ""xuser.c"", ""line"": 344, ""text"": ""FIXME( \""iface %p, operation %p, result %d stub!\\n\"", iface, operation, result );""}, {""kind"": ""stub"", ""file"": ""xuser.c"", ""line"": 344, ""text"": ""FIXME( \""iface %p, operation %p, result %d stub!\\n\"", iface, operation, result );""}, {""kind"": ""E_NOTIMPL"", ""file"": ""xuser.c"", ""line"": 345, ""text"": ""return E_NOTIMPL;""}]",False,https://learn.microsoft.com/gaming/gdk/docs/reference/system/xuser/functions/xuserplatformspoppromptcomplete,False,[],"[{""number"": 11, ""title"": ""GDK Integration Progress."", ""url"": ""https://github.com/xodus-gaming/xgameruntime/issues/11""}, {""number"": 13, ""title"": ""XUser Implementation"", ""url"": ""https://github.com/xodus-gaming/xgameruntime/issues/13""}]",interface_method
2,820,XUser,xuser.idl,IXUserImpl6,5131d685-4394-4ee6-8c18-bfb5d4aef1ff,6,IXUserImpl5,48,XUserSignOutAsync,"HRESULT XUserSignOutAsync([in] XUserHandle user, [in, out] XAsyncBlock * async)",HRESULT,"[{""name"": ""user"", ""type"": ""XUserHandle"", ""ctype"": ""XUserHandle"", ""attributes"": [""in""], ""in_param"": true, ""out_param"": false, ""optional"": false, ""string"": false, ""size_is"": null, ""length_is"": null, ""array"": null, ""sensitive"": false}, {""name"": ""async"", ""type"": ""XAsyncBlock *"", ""ctype"": ""XAsyncBlock *"", ""attributes"": [""in"", ""out""], ""in_param"": true, ""out_param"": true, ""optional"": false, ""string"": false, ""size_is"": null, ""length_is"": null, ""array"": null, ""sensitive"": false}]",[],stubbed_or_incomplete,"[{""kind"": ""FIXME"", ""file"": ""xuser.c"", ""line"": 356, ""text"": ""FIXME( \""iface %p, user %p, async %p stub!\\n\"", iface, user, async );""}, {""kind"": ""stub"", ""file"": ""xuser.c"", ""line"": 356, ""text"": ""FIXME( \""iface %p, user %p, async %p stub!\\n\"", iface, user, async );""}, {""kind"": ""E_NOTIMPL"", ""file"": ""xuser.c"", ""line"": 357, ""text"": ""return E_NOTIMPL;""}]",False,,False,[],"[{""number"": 11, ""title"": ""GDK Integration Progress."", ""url"": ""https://github.com/xodus-gaming/xgameruntime/issues/11""}, {""number"": 13, ""title"": ""XUser Implementation"", ""url"": ""https://github.com/xodus-gaming/xgameruntime/issues/13""}]",interface_method
2,820,XUser,xuser.idl,IXUserImpl6,5131d685-4394-4ee6-8c18-bfb5d4aef1ff,6,IXUserImpl5,49,XUserSignOutResult,"HRESULT XUserSignOutResult([in, out] XAsyncBlock * async)",HRESULT,"[{""name"": ""async"", ""type"": ""XAsyncBlock *"", ""ctype"": ""XAsyncBlock *"", ""attributes"": [""in"", ""out""], ""in_param"": true, ""out_param"": true, ""optional"": false, ""string"": false, ""size_is"": null, ""length_is"": null, ""array"": null, ""sensitive"": false}]",[],stubbed_or_incomplete,"[{""kind"": ""FIXME"", ""file"": ""xuser.c"", ""line"": 362, ""text"": ""FIXME( \""iface %p, async %p stub!\\n\"", iface, async );""}, {""kind"": ""stub"", ""file"": ""xuser.c"", ""line"": 362, ""text"": ""FIXME( \""iface %p, async %p stub!\\n\"", iface, async );""}, {""kind"": ""E_NOTIMPL"", ""file"": ""xuser.c"", ""line"": 363, ""text"": ""return E_NOTIMPL;""}]",False,,False,[],"[{""number"": 11, ""title"": ""GDK Integration Progress."", ""url"": ""https://github.com/xodus-gaming/xgameruntime/issues/11""}, {""number"": 13, ""title"": ""XUser Implementation"", ""url"": ""https://github.com/xodus-gaming/xgameruntime/issues/13""}]",interface_method
2,800,XGameRuntimeFeature,xgameruntimefeature.idl,IXGameRuntimeFeatureImpl,8836fe87-edb9-4fe3-8dad-05f0d2cd5b40,1,IUnknown,3,XGameRuntimeIsFeatureAvailable,BOOLEAN XGameRuntimeIsFeatureAvailable([in] XGameRuntimeFeature feature),BOOLEAN,"[{""name"": ""feature"", ""type"": ""XGameRuntimeFeature"", ""ctype"": ""XGameRuntimeFeature"", ""attributes"": [""in""], ""in_param"": true, ""out_param"": false, ""optional"": false, ""string"": false, ""size_is"": null, ""length_is"": null, ""array"": null, ""sensitive"": false}]",[],constant_return_candidate,[],False,https://learn.microsoft.com/gaming/gdk/docs/reference/system/xgameruntimefeature/functions/xgameruntimeisfeatureavailable,False,[],"[{""number"": 11, ""title"": ""GDK Integration Progress."", ""url"": ""https://github.com/xodus-gaming/xgameruntime/issues/11""}]",interface_method
2,800,XUser,xuser.idl,IXUserImpl,01acd177-91f9-4763-a38e-ccbb55ce32e0,1,IUnknown,6,XUserGetMaxUsers,HRESULT XUserGetMaxUsers([out] UINT32 * maxUsers),HRESULT,"[{""name"": ""maxUsers"", ""type"": ""UINT32 *"", ""ctype"": ""UINT32 *"", ""attributes"": [""out""], ""in_param"": false, ""out_param"": true, ""optional"": false, ""string"": false, ""size_is"": null, ""length_is"": null, ""array"": null, ""sensitive"": false}]",[],constant_return_candidate,[],False,https://learn.microsoft.com/gaming/gdk/docs/reference/system/xuser/functions/xusergetmaxusers,False,[],"[{""number"": 11, ""title"": ""GDK Integration Progress."", ""url"": ""https://github.com/xodus-gaming/xgameruntime/issues/11""}, {""number"": 13, ""title"": ""XUser Implementation"", ""url"": ""https://github.com/xodus-gaming/xgameruntime/issues/13""}]",interface_method
2,800,XUser,xuser.idl,IXUserImpl,01acd177-91f9-4763-a38e-ccbb55ce32e0,1,IUnknown,35,XUserGetSignOutDeferral,HRESULT XUserGetSignOutDeferral([out] XUserSignOutDeferralHandle * deferral),HRESULT,"[{""name"": ""deferral"", ""type"": ""XUserSignOutDeferralHandle *"", ""ctype"": ""XUserSignOutDeferralHandle *"", ""attributes"": [""out""], ""in_param"": false, ""out_param"": true, ""optional"": false, ""string"": false, ""size_is"": null, ""length_is"": null, ""array"": null, ""sensitive"": false}]",[],constant_return_candidate,[],False,https://learn.microsoft.com/gaming/gdk/docs/reference/system/xuser/functions/xusergetsignoutdeferral,False,[],"[{""number"": 11, ""title"": ""GDK Integration Progress."", ""url"": ""https://github.com/xodus-gaming/xgameruntime/issues/11""}, {""number"": 13, ""title"": ""XUser Implementation"", ""url"": ""https://github.com/xodus-gaming/xgameruntime/issues/13""}]",interface_method
2,800,XUser,xuser.idl,IXUserImpl,01acd177-91f9-4763-a38e-ccbb55ce32e0,1,IUnknown,36,XUserCloseSignOutDeferralHandle,void XUserCloseSignOutDeferralHandle([in] XUserSignOutDeferralHandle deferral),void,"[{""name"": ""deferral"", ""type"": ""XUserSignOutDeferralHandle"", ""ctype"": ""XUserSignOutDeferralHandle"", ""attributes"": [""in""], ""in_param"": true, ""out_param"": false, ""optional"": false, ""string"": false, ""size_is"": null, ""length_is"": null, ""array"": null, ""sensitive"": false}]",[],implemented,[],False,https://learn.microsoft.com/gaming/gdk/docs/reference/system/xuser/functions/xuserclosesignoutdeferralhandle,False,[],"[{""number"": 11, ""title"": ""GDK Integration Progress."", ""url"": ""https://github.com/xodus-gaming/xgameruntime/issues/11""}, {""number"": 13, ""title"": ""XUser Implementation"", ""url"": ""https://github.com/xodus-gaming/xgameruntime/issues/13""}]",interface_method
2,800,XUser,xuser.idl,IXUserImpl6,5131d685-4394-4ee6-8c18-bfb5d4aef1ff,6,IXUserImpl5,47,XUserIsSignOutPresent,BOOLEAN XUserIsSignOutPresent(),BOOLEAN,[],[],constant_return_candidate,[],False,,False,[],"[{""number"": 11, ""title"": ""GDK Integration Progress."", ""url"": ""https://github.com/xodus-gaming/xgameruntime/issues/11""}, {""number"": 13, ""title"": ""XUser Implementation"", ""url"": ""https://github.com/xodus-gaming/xgameruntime/issues/13""}]",interface_method
3,720,XDisplay,xdisplay.idl,IXDisplayImpl,35f07670-706e-4bfb-9476-090798c5ebf3,1,IUnknown,3,__PADDING__,HRESULT __PADDING__(),HRESULT,[],[],unknown_padding,"[{""kind"": ""E_NOTIMPL"", ""file"": ""xdisplay.c"", ""line"": 75, ""text"": ""return E_NOTIMPL;""}]",False,,False,[],"[{""number"": 11, ""title"": ""GDK Integration Progress."", ""url"": ""https://github.com/xodus-gaming/xgameruntime/issues/11""}]",interface_method
3,720,XDisplay,xdisplay.idl,IXDisplayImpl,35f07670-706e-4bfb-9476-090798c5ebf3,1,IUnknown,4,XDisplayTryEnableHdrMode,"XDisplayHdrModeResult XDisplayTryEnableHdrMode([in] XDisplayHdrModePreference displayModePreference, [out, optional] XDisplayHdrModeInfo * displayHdrModeInfo)",XDisplayHdrModeResult,"[{""name"": ""displayModePreference"", ""type"": ""XDisplayHdrModePreference"", ""ctype"": ""XDisplayHdrModePreference"", ""attributes"": [""in""], ""in_param"": true, ""out_param"": false, ""optional"": false, ""string"": false, ""size_is"": null, ""length_is"": null, ""array"": null, ""sensitive"": false}, {""name"": ""displayHdrModeInfo"", ""type"": ""XDisplayHdrModeInfo *"", ""ctype"": ""XDisplayHdrModeInfo *"", ""attributes"": [""out"", ""optional""], ""in_param"": false, ""out_param"": true, ""optional"": true, ""string"": false, ""size_is"": null, ""length_is"": null, ""array"": null, ""sensitive"": false}]",[],stubbed_or_incomplete,"[{""kind"": ""FIXME"", ""file"": ""xdisplay.c"", ""line"": 80, ""text"": ""FIXME( \""iface %p, displayModePreference %d, displayHdrModeInfo %p stub!\\n\"", iface, displayModePreference, displayHdrModeInfo );""}, {""kind"": ""stub"", ""file"": ""xdisplay.c"", ""line"": 80, ""text"": ""FIXME( \""iface %p, displayModePreference %d, displayHdrModeInfo %p stub!\\n\"", iface, displayModePreference, displayHdrModeInfo );""}]",False,https://learn.microsoft.com/gaming/gdk/docs/reference/system/xdisplay/functions/xdisplaytryenablehdrmode,False,[],"[{""number"": 11, ""title"": ""GDK Integration Progress."", ""url"": ""https://github.com/xodus-gaming/xgameruntime/issues/11""}]",interface_method
3,720,XGameSave,xgamesave.idl,IXGameSaveImpl,704c3f58-e629-4cc2-b197-30511b996fe2,1,IUnknown,3,XGameSaveInitializeProvider,"HRESULT XGameSaveInitializeProvider([in] XUserHandle requestingUser, [in, string] const char * configurationId, [in] BOOLEAN syncOnDemand, [out] XGameSaveProviderHandle * provider)",HRESULT,"[{""name"": ""requestingUser"", ""type"": ""XUserHandle"", ""ctype"": ""XUserHandle"", ""attributes"": [""in""], ""in_param"": true, ""out_param"": false, ""optional"": false, ""string"": false, ""size_is"": null, ""length_is"": null, ""array"": null, ""sensitive"": false}, {""name"": ""configurationId"", ""type"": ""const char *"", ""ctype"": ""const char *"", ""attributes"": [""in"", ""string""], ""in_param"": true, ""out_param"": false, ""optional"": false, ""string"": true, ""size_is"": null, ""length_is"": null, ""array"": null, ""sensitive"": false}, {""name"": ""syncOnDemand"", ""type"": ""BOOLEAN"", ""ctype"": ""BOOLEAN"", ""attributes"": [""in""], ""in_param"": true, ""out_param"": false, ""optional"": false, ""string"": false, ""size_is"": null, ""length_is"": null, ""array"": null, ""sensitive"": false}, {""name"": ""provider"", ""type"": ""XGameSaveProviderHandle *"", ""ctype"": ""XGameSaveProviderHandle *"", ""attributes"": [""out""], ""in_param"": false, ""out_param"": true, ""optional"": false, ""string"": false, ""size_is"": null, ""length_is"": null, ""array"": null, ""sensitive"": false}]",[],stubbed_or_incomplete,"[{""kind"": ""FIXME"", ""file"": ""xgamesave.c"", ""line"": 75, ""text"": ""FIXME( \""iface %p, requestingUser %p, configurationId %s, syncOnDemand %d, provider %p stub!\\n\"", iface, requestingUser, debugstr_a( configurationId ), syncOnDemand, provider );""}, {""kind"": ""stub"", ""file"": ""xgamesave.c"", ""line"": 75, ""text"": ""FIXME( \""iface %p, requestingUser %p, configurationId %s, syncOnDemand %d, provider %p stub!\\n\"", iface, requestingUser, debugstr_a( configurationId ), syncOnDemand, provider );""}, {""kind"": ""E_NOTIMPL"", ""file"": ""xgamesave.c"", ""line"": 76, ""text"": ""return E_NOTIMPL;""}]",False,https://learn.microsoft.com/gaming/gdk/docs/reference/system/xgamesave/functions/xgamesaveinitializeprovider,False,[],"[{""number"": 11, ""title"": ""GDK Integration Progress."", ""url"": ""https://github.com/xodus-gaming/xgameruntime/issues/11""}]",interface_method
3,720,XGameSave,xgamesave.idl,IXGameSaveImpl,704c3f58-e629-4cc2-b197-30511b996fe2,1,IUnknown,4,XGameSaveInitializeProviderAsync,"HRESULT XGameSaveInitializeProviderAsync([in] XUserHandle requestingUser, [in, string] const char * configurationId, [in] BOOLEAN syncOnDemand, [in, out] XAsyncBlock * async)",HRESULT,"[{""name"": ""requestingUser"", ""type"": ""XUserHandle"", ""ctype"": ""XUserHandle"", ""attributes"": [""in""], ""in_param"": true, ""out_param"": false, ""optional"": false, ""string"": false, ""size_is"": null, ""length_is"": null, ""array"": null, ""sensitive"": false}, {""name"": ""configurationId"", ""type"": ""const char *"", ""ctype"": ""const char *"", ""attributes"": [""in"", ""string""], ""in_param"": true, ""out_param"": false, ""optional"": false, ""string"": true, ""size_is"": null, ""length_is"": null, ""array"": null, ""sensitive"": false}, {""name"": ""syncOnDemand"", ""type"": ""BOOLEAN"", ""ctype"": ""BOOLEAN"", ""attributes"": [""in""], ""in_param"": true, ""out_param"": false, ""optional"": false, ""string"": false, ""size_is"": null, ""length_is"": null, ""array"": null, ""sensitive"": false}, {""name"": ""async"", ""type"": ""XAsyncBlock *"", ""ctype"": ""XAsyncBlock *"", ""attributes"": [""in"", ""out""], ""in_param"": true, ""out_param"": true, ""optional"": false, ""string"": false, ""size_is"": null, ""length_is"": null, ""array"": null, ""sensitive"": false}]",[],stubbed_or_incomplete,"[{""kind"": ""FIXME"", ""file"": ""xgamesave.c"", ""line"": 81, ""text"": ""FIXME( \""iface %p, requestingUser %p, configurationId %s, syncOnDemand %d, async %p stub!\\n\"", iface, requestingUser, debugstr_a( configurationId ), syncOnDemand, async );""}, {""kind"": ""stub"", ""file"": ""xgamesave.c"", ""line"": 81, ""text"": ""FIXME( \""iface %p, requestingUser %p, configurationId %s, syncOnDemand %d, async %p stub!\\n\"", iface, requestingUser, debugstr_a( configurationId ), syncOnDemand, async );""}, {""kind"": ""E_NOTIMPL"", ""file"": ""xgamesave.c"", ""line"": 82, ""text"": ""return E_NOTIMPL;""}]",False,https://learn.microsoft.com/gaming/gdk/docs/reference/system/xgamesave/functions/xgamesaveinitializeproviderasync,False,[],"[{""number"": 11, ""title"": ""GDK Integration Progress."", ""url"": ""https://github.com/xodus-gaming/xgameruntime/issues/11""}]",interface_method
3,720,XGameSave,xgamesave.idl,IXGameSaveImpl,704c3f58-e629-4cc2-b197-30511b996fe2,1,IUnknown,5,XGameSaveInitializeProviderResult,"HRESULT XGameSaveInitializeProviderResult([in, out] XAsyncBlock * async, [out] XGameSaveProviderHandle * provider)",HRESULT,"[{""name"": ""async"", ""type"": ""XAsyncBlock *"", ""ctype"": ""XAsyncBlock *"", ""attributes"": [""in"", ""out""], ""in_param"": true, ""out_param"": true, ""optional"": false, ""string"": false, ""size_is"": null, ""length_is"": null, ""array"": null, ""sensitive"": false}, {""name"": ""provider"", ""type"": ""XGameSaveProviderHandle *"", ""ctype"": ""XGameSaveProviderHandle *"", ""attributes"": [""out""], ""in_param"": false, ""out_param"": true, ""optional"": false, ""string"": false, ""size_is"": null, ""length_is"": null, ""array"": null, ""sensitive"": false}]",[],stubbed_or_incomplete,"[{""kind"": ""FIXME"", ""file"": ""xgamesave.c"", ""line"": 87, ""text"": ""FIXME( \""iface %p, async %p, provider %p stub!\\n\"", iface, async, provider );""}, {""kind"": ""stub"", ""file"": ""xgamesave.c"", ""line"": 87, ""text"": ""FIXME( \""iface %p, async %p, provider %p stub!\\n\"", iface, async, provider );""}, {""kind"": ""E_NOTIMPL"", ""file"": ""xgamesave.c"", ""line"": 88, ""text"": ""return E_NOTIMPL;""}]",False,https://learn.microsoft.com/gaming/gdk/docs/reference/system/xgamesave/functions/xgamesaveinitializeproviderresult,False,[],"[{""number"": 11, ""title"": ""GDK Integration Progress."", ""url"": ""https://github.com/xodus-gaming/xgameruntime/issues/11""}]",interface_method
3,720,XGameSave,xgamesave.idl,IXGameSaveImpl,704c3f58-e629-4cc2-b197-30511b996fe2,1,IUnknown,6,XGameSaveCloseProvider,void XGameSaveCloseProvider([in] XGameSaveProviderHandle provider),void,"[{""name"": ""provider"", ""type"": ""XGameSaveProviderHandle"", ""ctype"": ""XGameSaveProviderHandle"", ""attributes"": [""in""], ""in_param"": true, ""out_param"": false, ""optional"": false, ""string"": false, ""size_is"": null, ""length_is"": null, ""array"": null, ""sensitive"": false}]",[],stubbed_or_incomplete,"[{""kind"": ""FIXME"", ""file"": ""xgamesave.c"", ""line"": 93, ""text"": ""FIXME( \""iface %p, provider %p stub!\\n\"", iface, provider );""}, {""kind"": ""stub"", ""file"": ""xgamesave.c"", ""line"": 93, ""text"": ""FIXME( \""iface %p, provider %p stub!\\n\"", iface, provider );""}]",False,https://learn.microsoft.com/gaming/gdk/docs/reference/system/xgamesave/functions/xgamesavecloseprovider,False,[],"[{""number"": 11, ""title"": ""GDK Integration Progress."", ""url"": ""https://github.com/xodus-gaming/xgameruntime/issues/11""}]",interface_method
3,720,XGameSave,xgamesave.idl,IXGameSaveImpl,704c3f58-e629-4cc2-b197-30511b996fe2,1,IUnknown,7,XGameSaveGetRemainingQuota,"HRESULT XGameSaveGetRemainingQuota([in] XGameSaveProviderHandle provider, [out] INT64 * remainingQuota)",HRESULT,"[{""name"": ""provider"", ""type"": ""XGameSaveProviderHandle"", ""ctype"": ""XGameSaveProviderHandle"", ""attributes"": [""in""], ""in_param"": true, ""out_param"": false, ""optional"": false, ""string"": false, ""size_is"": null, ""length_is"": null, ""array"": null, ""sensitive"": false}, {""name"": ""remainingQuota"", ""type"": ""INT64 *"", ""ctype"": ""INT64 *"", ""attributes"": [""out""], ""in_param"": false, ""out_param"": true, ""optional"": false, ""string"": false, ""size_is"": null, ""length_is"": null, ""array"": null, ""sensitive"": false}]",[],stubbed_or_incomplete,"[{""kind"": ""FIXME"", ""file"": ""xgamesave.c"", ""line"": 98, ""text"": ""FIXME( \""iface %p, provider %p, remainingQuota %p stub!\\n\"", iface, provider, remainingQuota );""}, {""kind"": ""stub"", ""file"": ""xgamesave.c"", ""line"": 98, ""text"": ""FIXME( \""iface %p, provider %p, remainingQuota %p stub!\\n\"", iface, provider, remainingQuota );""}, {""kind"": ""E_NOTIMPL"", ""file"": ""xgamesave.c"", ""line"": 99, ""text"": ""return E_NOTIMPL;""}]",False,https://learn.microsoft.com/gaming/gdk/docs/reference/system/xgamesave/functions/xgamesavegetremainingquota,False,[],"[{""number"": 11, ""title"": ""GDK Integration Progress."", ""url"": ""https://github.com/xodus-gaming/xgameruntime/issues/11""}]",interface_method
3,720,XGameSave,xgamesave.idl,IXGameSaveImpl,704c3f58-e629-4cc2-b197-30511b996fe2,1,IUnknown,8,XGameSaveGetRemainingQuotaAsync,"HRESULT XGameSaveGetRemainingQuotaAsync([in] XGameSaveProviderHandle provider, [in, out] XAsyncBlock * async)",HRESULT,"[{""name"": ""provider"", ""type"": ""XGameSaveProviderHandle"", ""ctype"": ""XGameSaveProviderHandle"", ""attributes"": [""in""], ""in_param"": true, ""out_param"": false, ""optional"": false, ""string"": false, ""size_is"": null, ""length_is"": null, ""array"": null, ""sensitive"": false}, {""name"": ""async"", ""type"": ""XAsyncBlock *"", ""ctype"": ""XAsyncBlock *"", ""attributes"": [""in"", ""out""], ""in_param"": true, ""out_param"": true, ""optional"": false, ""string"": false, ""size_is"": null, ""length_is"": null, ""array"": null, ""sensitive"": false}]",[],stubbed_or_incomplete,"[{""kind"": ""FIXME"", ""file"": ""xgamesave.c"", ""line"": 104, ""text"": ""FIXME( \""iface %p, provider %p, async %p stub!\\n\"", iface, provider, async );""}, {""kind"": ""stub"", ""file"": ""xgamesave.c"", ""line"": 104, ""text"": ""FIXME( \""iface %p, provider %p, async %p stub!\\n\"", iface, provider, async );""}, {""kind"": ""E_NOTIMPL"", ""file"": ""xgamesave.c"", ""line"": 105, ""text"": ""return E_NOTIMPL;""}]",False,https://learn.microsoft.com/gaming/gdk/docs/reference/system/xgamesave/functions/xgamesavegetremainingquotaasync,False,[],"[{""number"": 11, ""title"": ""GDK Integration Progress."", ""url"": ""https://github.com/xodus-gaming/xgameruntime/issues/11""}]",interface_method
3,720,XGameSave,xgamesave.idl,IXGameSaveImpl,704c3f58-e629-4cc2-b197-30511b996fe2,1,IUnknown,9,XGameSaveGetRemainingQuotaResult,"HRESULT XGameSaveGetRemainingQuotaResult([in, out] XAsyncBlock * async, [out] INT64 * remainingQuota)",HRESULT,"[{""name"": ""async"", ""type"": ""XAsyncBlock *"", ""ctype"": ""XAsyncBlock *"", ""attributes"": [""in"", ""out""], ""in_param"": true, ""out_param"": true, ""optional"": false, ""string"": false, ""size_is"": null, ""length_is"": null, ""array"": null, ""sensitive"": false}, {""name"": ""remainingQuota"", ""type"": ""INT64 *"", ""ctype"": ""INT64 *"", ""attributes"": [""out""], ""in_param"": false, ""out_param"": true, ""optional"": false, ""string"": false, ""size_is"": null, ""length_is"": null, ""array"": null, ""sensitive"": false}]",[],stubbed_or_incomplete,"[{""kind"": ""FIXME"", ""file"": ""xgamesave.c"", ""line"": 110, ""text"": ""FIXME( \""iface %p, async %p, remainingQuota %p stub!\\n\"", iface, async, remainingQuota );""}, {""kind"": ""stub"", ""file"": ""xgamesave.c"", ""line"": 110, ""text"": ""FIXME( \""iface %p, async %p, remainingQuota %p stub!\\n\"", iface, async, remainingQuota );""}, {""kind"": ""E_NOTIMPL"", ""file"": ""xgamesave.c"", ""line"": 111, ""text"": ""return E_NOTIMPL;""}]",False,https://learn.microsoft.com/gaming/gdk/docs/reference/system/xgamesave/functions/xgamesavegetremainingquotaresult,False,[],"[{""number"": 11, ""title"": ""GDK Integration Progress."", ""url"": ""https://github.com/xodus-gaming/xgameruntime/issues/11""}]",interface_method
3,720,XGameSave,xgamesave.idl,IXGameSaveImpl,704c3f58-e629-4cc2-b197-30511b996fe2,1,IUnknown,10,XGameSaveDeleteContainer,"HRESULT XGameSaveDeleteContainer([in] XGameSaveProviderHandle provider, [in, string] const char * containerName)",HRESULT,"[{""name"": ""provider"", ""type"": ""XGameSaveProviderHandle"", ""ctype"": ""XGameSaveProviderHandle"", ""attributes"": [""in""], ""in_param"": true, ""out_param"": false, ""optional"": false, ""string"": false, ""size_is"": null, ""length_is"": null, ""array"": null, ""sensitive"": false}, {""name"": ""containerName"", ""type"": ""const char *"", ""ctype"": ""const char *"", ""attributes"": [""in"", ""string""], ""in_param"": true, ""out_param"": false, ""optional"": false, ""string"": true, ""size_is"": null, ""length_is"": null, ""array"": null, ""sensitive"": false}]",[],stubbed_or_incomplete,"[{""kind"": ""FIXME"", ""file"": ""xgamesave.c"", ""line"": 116, ""text"": ""FIXME( \""iface %p, provider %p, containerName %s stub!\\n\"", iface, provider, debugstr_a( containerName ) );""}, {""kind"": ""stub"", ""file"": ""xgamesave.c"", ""line"": 116, ""text"": ""FIXME( \""iface %p, provider %p, containerName %s stub!\\n\"", iface, provider, debugstr_a( containerName ) );""}, {""kind"": ""E_NOTIMPL"", ""file"": ""xgamesave.c"", ""line"": 117, ""text"": ""return E_NOTIMPL;""}]",False,https://learn.microsoft.com/gaming/gdk/docs/reference/system/xgamesave/functions/xgamesavedeletecontainer,False,[],"[{""number"": 11, ""title"": ""GDK Integration Progress."", ""url"": ""https://github.com/xodus-gaming/xgameruntime/issues/11""}]",interface_method
3,720,XGameSave,xgamesave.idl,IXGameSaveImpl,704c3f58-e629-4cc2-b197-30511b996fe2,1,IUnknown,11,XGameSaveDeleteContainerAsync,"HRESULT XGameSaveDeleteContainerAsync([in] XGameSaveProviderHandle provider, [in, string] const char * containerName, [in, out] XAsyncBlock * async)",HRESULT,"[{""name"": ""provider"", ""type"": ""XGameSaveProviderHandle"", ""ctype"": ""XGameSaveProviderHandle"", ""attributes"": [""in""], ""in_param"": true, ""out_param"": false, ""optional"": false, ""string"": false, ""size_is"": null, ""length_is"": null, ""array"": null, ""sensitive"": false}, {""name"": ""containerName"", ""type"": ""const char *"", ""ctype"": ""const char *"", ""attributes"": [""in"", ""string""], ""in_param"": true, ""out_param"": false, ""optional"": false, ""string"": true, ""size_is"": null, ""length_is"": null, ""array"": null, ""sensitive"": false}, {""name"": ""async"", ""type"": ""XAsyncBlock *"", ""ctype"": ""XAsyncBlock *"", ""attributes"": [""in"", ""out""], ""in_param"": true, ""out_param"": true, ""optional"": false, ""string"": false, ""size_is"": null, ""length_is"": null, ""array"": null, ""sensitive"": false}]",[],stubbed_or_incomplete,"[{""kind"": ""FIXME"", ""file"": ""xgamesave.c"", ""line"": 122, ""text"": ""FIXME( \""iface %p, provider %p, containerName %s, async %p stub!\\n\"", iface, provider, debugstr_a( containerName ), async );""}, {""kind"": ""stub"", ""file"": ""xgamesave.c"", ""line"": 122, ""text"": ""FIXME( \""iface %p, provider %p, containerName %s, async %p stub!\\n\"", iface, provider, debugstr_a( containerName ), async );""}, {""kind"": ""E_NOTIMPL"", ""file"": ""xgamesave.c"", ""line"": 123, ""text"": ""return E_NOTIMPL;""}]",False,https://learn.microsoft.com/gaming/gdk/docs/reference/system/xgamesave/functions/xgamesavedeletecontainerasync,False,[],"[{""number"": 11, ""title"": ""GDK Integration Progress."", ""url"": ""https://github.com/xodus-gaming/xgameruntime/issues/11""}]",interface_method
3,720,XGameSave,xgamesave.idl,IXGameSaveImpl,704c3f58-e629-4cc2-b197-30511b996fe2,1,IUnknown,12,XGameSaveDeleteContainerResult,"HRESULT XGameSaveDeleteContainerResult([in, out] XAsyncBlock * async)",HRESULT,"[{""name"": ""async"", ""type"": ""XAsyncBlock *"", ""ctype"": ""XAsyncBlock *"", ""attributes"": [""in"", ""out""], ""in_param"": true, ""out_param"": true, ""optional"": false, ""string"": false, ""size_is"": null, ""length_is"": null, ""array"": null, ""sensitive"": false}]",[],stubbed_or_incomplete,"[{""kind"": ""FIXME"", ""file"": ""xgamesave.c"", ""line"": 128, ""text"": ""FIXME( \""iface %p, async %p stub!\\n\"", iface, async );""}, {""kind"": ""stub"", ""file"": ""xgamesave.c"", ""line"": 128, ""text"": ""FIXME( \""iface %p, async %p stub!\\n\"", iface, async );""}, {""kind"": ""E_NOTIMPL"", ""file"": ""xgamesave.c"", ""line"": 129, ""text"": ""return E_NOTIMPL;""}]",False,https://learn.microsoft.com/gaming/gdk/docs/reference/system/xgamesave/functions/xgamesavedeletecontainerresult,False,[],"[{""number"": 11, ""title"": ""GDK Integration Progress."", ""url"": ""https://github.com/xodus-gaming/xgameruntime/issues/11""}]",interface_method
3,720,XGameSave,xgamesave.idl,IXGameSaveImpl,704c3f58-e629-4cc2-b197-30511b996fe2,1,IUnknown,13,XGameSaveGetContainerInfo,"HRESULT XGameSaveGetContainerInfo([in] XGameSaveProviderHandle provider, [in, string] const char * containerName, [in, optional] void * context, [in] XGameSaveContainerInfoCallback * callback)",HRESULT,"[{""name"": ""provider"", ""type"": ""XGameSaveProviderHandle"", ""ctype"": ""XGameSaveProviderHandle"", ""attributes"": [""in""], ""in_param"": true, ""out_param"": false, ""optional"": false, ""string"": false, ""size_is"": null, ""length_is"": null, ""array"": null, ""sensitive"": false}, {""name"": ""containerName"", ""type"": ""const char *"", ""ctype"": ""const char *"", ""attributes"": [""in"", ""string""], ""in_param"": true, ""out_param"": false, ""optional"": false, ""string"": true, ""size_is"": null, ""length_is"": null, ""array"": null, ""sensitive"": false}, {""name"": ""context"", ""type"": ""void *"", ""ctype"": ""void *"", ""attributes"": [""in"", ""optional""], ""in_param"": true, ""out_param"": false, ""optional"": true, ""string"": false, ""size_is"": null, ""length_is"": null, ""array"": null, ""sensitive"": false}, {""name"": ""callback"", ""type"": ""XGameSaveContainerInfoCallback *"", ""ctype"": ""XGameSaveContainerInfoCallback *"", ""attributes"": [""in""], ""in_param"": true, ""out_param"": false, ""optional"": false, ""string"": false, ""size_is"": null, ""length_is"": null, ""array"": null, ""sensitive"": false}]",[],stubbed_or_incomplete,"[{""kind"": ""FIXME"", ""file"": ""xgamesave.c"", ""line"": 134, ""text"": ""FIXME( \""iface %p, provider %p, containerName %s, context %p, callback %p stub!\\n\"", iface, provider, debugstr_a( containerName ), context, callback );""}, {""kind"": ""stub"", ""file"": ""xgamesave.c"", ""line"": 134, ""text"": ""FIXME( \""iface %p, provider %p, containerName %s, context %p, callback %p stub!\\n\"", iface, provider, debugstr_a( containerName ), context, callback );""}, {""kind"": ""E_NOTIMPL"", ""file"": ""xgamesave.c"", ""line"": 135, ""text"": ""return E_NOTIMPL;""}]",False,https://learn.microsoft.com/gaming/gdk/docs/reference/system/xgamesave/functions/xgamesavegetcontainerinfo,False,[],"[{""number"": 11, ""title"": ""GDK Integration Progress."", ""url"": ""https://github.com/xodus-gaming/xgameruntime/issues/11""}]",interface_method
3,720,XGameSave,xgamesave.idl,IXGameSaveImpl,704c3f58-e629-4cc2-b197-30511b996fe2,1,IUnknown,14,XGameSaveEnumerateContainerInfo,"HRESULT XGameSaveEnumerateContainerInfo([in] XGameSaveProviderHandle provider, [in, optional] void * context, [in] XGameSaveContainerInfoCallback * callback)",HRESULT,"[{""name"": ""provider"", ""type"": ""XGameSaveProviderHandle"", ""ctype"": ""XGameSaveProviderHandle"", ""attributes"": [""in""], ""in_param"": true, ""out_param"": false, ""optional"": false, ""string"": false, ""size_is"": null, ""length_is"": null, ""array"": null, ""sensitive"": false}, {""name"": ""context"", ""type"": ""void *"", ""ctype"": ""void *"", ""attributes"": [""in"", ""optional""], ""in_param"": true, ""out_param"": false, ""optional"": true, ""string"": false, ""size_is"": null, ""length_is"": null, ""array"": null, ""sensitive"": false}, {""name"": ""callback"", ""type"": ""XGameSaveContainerInfoCallback *"", ""ctype"": ""XGameSaveContainerInfoCallback *"", ""attributes"": [""in""], ""in_param"": true, ""out_param"": false, ""optional"": false, ""string"": false, ""size_is"": null, ""length_is"": null, ""array"": null, ""sensitive"": false}]",[],stubbed_or_incomplete,"[{""kind"": ""FIXME"", ""file"": ""xgamesave.c"", ""line"": 140, ""text"": ""FIXME( \""iface %p, provider %p, context %p, callback %p stub!\\n\"", iface, provider, context, callback );""}, {""kind"": ""stub"", ""file"": ""xgamesave.c"", ""line"": 140, ""text"": ""FIXME( \""iface %p, provider %p, context %p, callback %p stub!\\n\"", iface, provider, context, callback );""}, {""kind"": ""E_NOTIMPL"", ""file"": ""xgamesave.c"", ""line"": 141, ""text"": ""return E_NOTIMPL;""}]",False,https://learn.microsoft.com/gaming/gdk/docs/reference/system/xgamesave/functions/xgamesaveenumeratecontainerinfo,False,[],"[{""number"": 11, ""title"": ""GDK Integration Progress."", ""url"": ""https://github.com/xodus-gaming/xgameruntime/issues/11""}]",interface_method
3,720,XGameSave,xgamesave.idl,IXGameSaveImpl,704c3f58-e629-4cc2-b197-30511b996fe2,1,IUnknown,15,XGameSaveEnumerateContainerInfoByName,"HRESULT XGameSaveEnumerateContainerInfoByName([in] XGameSaveProviderHandle provider, [in, optional, string] const char * containerNamePrefix, [in, optional] void * context, [in] XGameSaveContainerInfoCallback * callback)",HRESULT,"[{""name"": ""provider"", ""type"": ""XGameSaveProviderHandle"", ""ctype"": ""XGameSaveProviderHandle"", ""attributes"": [""in""], ""in_param"": true, ""out_param"": false, ""optional"": false, ""string"": false, ""size_is"": null, ""length_is"": null, ""array"": null, ""sensitive"": false}, {""name"": ""containerNamePrefix"", ""type"": ""const char *"", ""ctype"": ""const char *"", ""attributes"": [""in"", ""optional"", ""string""], ""in_param"": true, ""out_param"": false, ""optional"": true, ""string"": true, ""size_is"": null, ""length_is"": null, ""array"": null, ""sensitive"": false}, {""name"": ""context"", ""type"": ""void *"", ""ctype"": ""void *"", ""attributes"": [""in"", ""optional""], ""in_param"": true, ""out_param"": false, ""optional"": true, ""string"": false, ""size_is"": null, ""length_is"": null, ""array"": null, ""sensitive"": false}, {""name"": ""callback"", ""type"": ""XGameSaveContainerInfoCallback *"", ""ctype"": ""XGameSaveContainerInfoCallback *"", ""attributes"": [""in""], ""in_param"": true, ""out_param"": false, ""optional"": false, ""string"": false, ""size_is"": null, ""length_is"": null, ""array"": null, ""sensitive"": false}]",[],stubbed_or_incomplete,"[{""kind"": ""FIXME"", ""file"": ""xgamesave.c"", ""line"": 146, ""text"": ""FIXME( \""iface %p, provider %p, containerNamePrefix %s, context %p, callback %p stub!\\n\"", iface, provider, debugstr_a( containerNamePrefix ), context, callback );""}, {""kind"": ""stub"", ""file"": ""xgamesave.c"", ""line"": 146, ""text"": ""FIXME( \""iface %p, provider %p, containerNamePrefix %s, context %p, callback %p stub!\\n\"", iface, provider, debugstr_a( containerNamePrefix ), context, callback );""}, {""kind"": ""E_NOTIMPL"", ""file"": ""xgamesave.c"", ""line"": 147, ""text"": ""return E_NOTIMPL;""}]",False,https://learn.microsoft.com/gaming/gdk/docs/reference/system/xgamesave/functions/xgamesaveenumeratecontainerinfobyname,False,[],"[{""number"": 11, ""title"": ""GDK Integration Progress."", ""url"": ""https://github.com/xodus-gaming/xgameruntime/issues/11""}]",interface_method
3,720,XGameSave,xgamesave.idl,IXGameSaveImpl,704c3f58-e629-4cc2-b197-30511b996fe2,1,IUnknown,16,XGameSaveCreateContainer,"HRESULT XGameSaveCreateContainer([in] XGameSaveProviderHandle provider, [in, string] const char * containerName, [out] XGameSaveContainerHandle * containerContext)",HRESULT,"[{""name"": ""provider"", ""type"": ""XGameSaveProviderHandle"", ""ctype"": ""XGameSaveProviderHandle"", ""attributes"": [""in""], ""in_param"": true, ""out_param"": false, ""optional"": false, ""string"": false, ""size_is"": null, ""length_is"": null, ""array"": null, ""sensitive"": false}, {""name"": ""containerName"", ""type"": ""const char *"", ""ctype"": ""const char *"", ""attributes"": [""in"", ""string""], ""in_param"": true, ""out_param"": false, ""optional"": false, ""string"": true, ""size_is"": null, ""length_is"": null, ""array"": null, ""sensitive"": false}, {""name"": ""containerContext"", ""type"": ""XGameSaveContainerHandle *"", ""ctype"": ""XGameSaveContainerHandle *"", ""attributes"": [""out""], ""in_param"": false, ""out_param"": true, ""optional"": false, ""string"": false, ""size_is"": null, ""length_is"": null, ""array"": null, ""sensitive"": false}]",[],stubbed_or_incomplete,"[{""kind"": ""FIXME"", ""file"": ""xgamesave.c"", ""line"": 152, ""text"": ""FIXME( \""iface %p, provider %p, containerName %s, containerContext %p stub!\\n\"", iface, provider, debugstr_a( containerName ), containerContext );""}, {""kind"": ""stub"", ""file"": ""xgamesave.c"", ""line"": 152, ""text"": ""FIXME( \""iface %p, provider %p, containerName %s, containerContext %p stub!\\n\"", iface, provider, debugstr_a( containerName ), containerContext );""}, {""kind"": ""E_NOTIMPL"", ""file"": ""xgamesave.c"", ""line"": 153, ""text"": ""return E_NOTIMPL;""}]",False,https://learn.microsoft.com/gaming/gdk/docs/reference/system/xgamesave/functions/xgamesavecreatecontainer,False,[],"[{""number"": 11, ""title"": ""GDK Integration Progress."", ""url"": ""https://github.com/xodus-gaming/xgameruntime/issues/11""}]",interface_method
3,720,XGameSave,xgamesave.idl,IXGameSaveImpl,704c3f58-e629-4cc2-b197-30511b996fe2,1,IUnknown,17,XGameSaveCloseContainer,void XGameSaveCloseContainer([in] XGameSaveContainerHandle context),void,"[{""name"": ""context"", ""type"": ""XGameSaveContainerHandle"", ""ctype"": ""XGameSaveContainerHandle"", ""attributes"": [""in""], ""in_param"": true, ""out_param"": false, ""optional"": false, ""string"": false, ""size_is"": null, ""length_is"": null, ""array"": null, ""sensitive"": false}]",[],stubbed_or_incomplete,"[{""kind"": ""FIXME"", ""file"": ""xgamesave.c"", ""line"": 158, ""text"": ""FIXME( \""iface %p, context %p stub!\\n\"", iface, context );""}, {""kind"": ""stub"", ""file"": ""xgamesave.c"", ""line"": 158, ""text"": ""FIXME( \""iface %p, context %p stub!\\n\"", iface, context );""}]",False,https://learn.microsoft.com/gaming/gdk/docs/reference/system/xgamesave/functions/xgamesaveclosecontainer,False,[],"[{""number"": 11, ""title"": ""GDK Integration Progress."", ""url"": ""https://github.com/xodus-gaming/xgameruntime/issues/11""}]",interface_method
3,720,XGameSave,xgamesave.idl,IXGameSaveImpl,704c3f58-e629-4cc2-b197-30511b996fe2,1,IUnknown,18,XGameSaveEnumerateBlobInfo,"HRESULT XGameSaveEnumerateBlobInfo([in] XGameSaveContainerHandle container, [in, optional] void * context, [in] XGameSaveBlobInfoCallback * callback)",HRESULT,"[{""name"": ""container"", ""type"": ""XGameSaveContainerHandle"", ""ctype"": ""XGameSaveContainerHandle"", ""attributes"": [""in""], ""in_param"": true, ""out_param"": false, ""optional"": false, ""string"": false, ""size_is"": null, ""length_is"": null, ""array"": null, ""sensitive"": false}, {""name"": ""context"", ""type"": ""void *"", ""ctype"": ""void *"", ""attributes"": [""in"", ""optional""], ""in_param"": true, ""out_param"": false, ""optional"": true, ""string"": false, ""size_is"": null, ""length_is"": null, ""array"": null, ""sensitive"": false}, {""name"": ""callback"", ""type"": ""XGameSaveBlobInfoCallback *"", ""ctype"": ""XGameSaveBlobInfoCallback *"", ""attributes"": [""in""], ""in_param"": true, ""out_param"": false, ""optional"": false, ""string"": false, ""size_is"": null, ""length_is"": null, ""array"": null, ""sensitive"": false}]",[],stubbed_or_incomplete,"[{""kind"": ""FIXME"", ""file"": ""xgamesave.c"", ""line"": 163, ""text"": ""FIXME( \""iface %p, container %p, context %p, callback %p stub!\\n\"", iface, container, context, callback );""}, {""kind"": ""stub"", ""file"": ""xgamesave.c"", ""line"": 163, ""text"": ""FIXME( \""iface %p, container %p, context %p, callback %p stub!\\n\"", iface, container, context, callback );""}, {""kind"": ""E_NOTIMPL"", ""file"": ""xgamesave.c"", ""line"": 164, ""text"": ""return E_NOTIMPL;""}]",False,https://learn.microsoft.com/gaming/gdk/docs/reference/system/xgamesave/functions/xgamesaveenumerateblobinfo,False,[],"[{""number"": 11, ""title"": ""GDK Integration Progress."", ""url"": ""https://github.com/xodus-gaming/xgameruntime/issues/11""}]",interface_method
3,720,XGameSave,xgamesave.idl,IXGameSaveImpl,704c3f58-e629-4cc2-b197-30511b996fe2,1,IUnknown,19,XGameSaveEnumerateBlobInfoByName,"HRESULT XGameSaveEnumerateBlobInfoByName([in] XGameSaveContainerHandle container, [in, optional, string] const char * blobNamePrefix, [in, optional] void * context, [in] XGameSaveBlobInfoCallback * callback)",HRESULT,"[{""name"": ""container"", ""type"": ""XGameSaveContainerHandle"", ""ctype"": ""XGameSaveContainerHandle"", ""attributes"": [""in""], ""in_param"": true, ""out_param"": false, ""optional"": false, ""string"": false, ""size_is"": null, ""length_is"": null, ""array"": null, ""sensitive"": false}, {""name"": ""blobNamePrefix"", ""type"": ""const char *"", ""ctype"": ""const char *"", ""attributes"": [""in"", ""optional"", ""string""], ""in_param"": true, ""out_param"": false, ""optional"": true, ""string"": true, ""size_is"": null, ""length_is"": null, ""array"": null, ""sensitive"": false}, {""name"": ""context"", ""type"": ""void *"", ""ctype"": ""void *"", ""attributes"": [""in"", ""optional""], ""in_param"": true, ""out_param"": false, ""optional"": true, ""string"": false, ""size_is"": null, ""length_is"": null, ""array"": null, ""sensitive"": false}, {""name"": ""callback"", ""type"": ""XGameSaveBlobInfoCallback *"", ""ctype"": ""XGameSaveBlobInfoCallback *"", ""attributes"": [""in""], ""in_param"": true, ""out_param"": false, ""optional"": false, ""string"": false, ""size_is"": null, ""length_is"": null, ""array"": null, ""sensitive"": false}]",[],stubbed_or_incomplete,"[{""kind"": ""FIXME"", ""file"": ""xgamesave.c"", ""line"": 169, ""text"": ""FIXME( \""iface %p, container %p, blobNamePrefix %s, context %p, callback %p stub!\\n\"", iface, container, debugstr_a( blobNamePrefix ), context, callback );""}, {""kind"": ""stub"", ""file"": ""xgamesave.c"", ""line"": 169, ""text"": ""FIXME( \""iface %p, container %p, blobNamePrefix %s, context %p, callback %p stub!\\n\"", iface, container, debugstr_a( blobNamePrefix ), context, callback );""}, {""kind"": ""E_NOTIMPL"", ""file"": ""xgamesave.c"", ""line"": 170, ""text"": ""return E_NOTIMPL;""}]",False,https://learn.microsoft.com/gaming/gdk/docs/reference/system/xgamesave/functions/xgamesaveenumerateblobinfobyname,False,[],"[{""number"": 11, ""title"": ""GDK Integration Progress."", ""url"": ""https://github.com/xodus-gaming/xgameruntime/issues/11""}]",interface_method
3,720,XGameSave,xgamesave.idl,IXGameSaveImpl,704c3f58-e629-4cc2-b197-30511b996fe2,1,IUnknown,20,XGameSaveReadBlobData,"HRESULT XGameSaveReadBlobData([in] XGameSaveContainerHandle container, [in, optional, string, size_is(countOfBlobs,)] const char ** blobNames, [in, out] UINT32 * countOfBlobs, [in] SIZE_T blobsSize, [out, size_is(blobsSize)] XGameSaveBlob * blobData)",HRESULT,"[{""name"": ""container"", ""type"": ""XGameSaveContainerHandle"", ""ctype"": ""XGameSaveContainerHandle"", ""attributes"": [""in""], ""in_param"": true, ""out_param"": false, ""optional"": false, ""string"": false, ""size_is"": null, ""length_is"": null, ""array"": null, ""sensitive"": false}, {""name"": ""blobNames"", ""type"": ""const char * *"", ""ctype"": ""const char **"", ""attributes"": [""in"", ""optional"", ""string"", ""size_is(countOfBlobs,)""], ""in_param"": true, ""out_param"": false, ""optional"": true, ""string"": true, ""size_is"": ""countOfBlobs"", ""length_is"": null, ""array"": null, ""sensitive"": false}, {""name"": ""countOfBlobs"", ""type"": ""UINT32 *"", ""ctype"": ""UINT32 *"", ""attributes"": [""in"", ""out""], ""in_param"": true, ""out_param"": true, ""optional"": false, ""string"": false, ""size_is"": null, ""length_is"": null, ""array"": null, ""sensitive"": false}, {""name"": ""blobsSize"", ""type"": ""SIZE_T"", ""ctype"": ""SIZE_T"", ""attributes"": [""in""], ""in_param"": true, ""out_param"": false, ""optional"": false, ""string"": false, ""size_is"": null, ""length_is"": null, ""array"": null, ""sensitive"": false}, {""name"": ""blobData"", ""type"": ""XGameSaveBlob *"", ""ctype"": ""XGameSaveBlob *"", ""attributes"": [""out"", ""size_is(blobsSize)""], ""in_param"": false, ""out_param"": true, ""optional"": false, ""string"": false, ""size_is"": ""blobsSize"", ""length_is"": null, ""array"": null, ""sensitive"": false}]",[],stubbed_or_incomplete,"[{""kind"": ""FIXME"", ""file"": ""xgamesave.c"", ""line"": 175, ""text"": ""FIXME( \""iface %p, container %p, blobNames %p, countOfBlobs %p, blobsSize %Iu, provider %p stub!\\n\"", iface, container, blobNames, countOfBlobs, blobsSize, blobData );""}, {""kind"": ""stub"", ""file"": ""xgamesave.c"", ""line"": 175, ""text"": ""FIXME( \""iface %p, container %p, blobNames %p, countOfBlobs %p, blobsSize %Iu, provider %p stub!\\n\"", iface, container, blobNames, countOfBlobs, blobsSize, blobData );""}, {""kind"": ""E_NOTIMPL"", ""file"": ""xgamesave.c"", ""line"": 176, ""text"": ""return E_NOTIMPL;""}]",False,https://learn.microsoft.com/gaming/gdk/docs/reference/system/xgamesave/functions/xgamesavereadblobdata,False,[],"[{""number"": 11, ""title"": ""GDK Integration Progress."", ""url"": ""https://github.com/xodus-gaming/xgameruntime/issues/11""}]",interface_method
3,720,XGameSave,xgamesave.idl,IXGameSaveImpl,704c3f58-e629-4cc2-b197-30511b996fe2,1,IUnknown,21,XGameSaveReadBlobDataAsync,"HRESULT XGameSaveReadBlobDataAsync([in] XGameSaveContainerHandle container, [in, optional, string, size_is(countOfBlobs,)] const char ** blobNames, [in] UINT32 countOfBlobs, [in, out] XAsyncBlock * async)",HRESULT,"[{""name"": ""container"", ""type"": ""XGameSaveContainerHandle"", ""ctype"": ""XGameSaveContainerHandle"", ""attributes"": [""in""], ""in_param"": true, ""out_param"": false, ""optional"": false, ""string"": false, ""size_is"": null, ""length_is"": null, ""array"": null, ""sensitive"": false}, {""name"": ""blobNames"", ""type"": ""const char * *"", ""ctype"": ""const char **"", ""attributes"": [""in"", ""optional"", ""string"", ""size_is(countOfBlobs,)""], ""in_param"": true, ""out_param"": false, ""optional"": true, ""string"": true, ""size_is"": ""countOfBlobs"", ""length_is"": null, ""array"": null, ""sensitive"": false}, {""name"": ""countOfBlobs"", ""type"": ""UINT32"", ""ctype"": ""UINT32"", ""attributes"": [""in""], ""in_param"": true, ""out_param"": false, ""optional"": false, ""string"": false, ""size_is"": null, ""length_is"": null, ""array"": null, ""sensitive"": false}, {""name"": ""async"", ""type"": ""XAsyncBlock *"", ""ctype"": ""XAsyncBlock *"", ""attributes"": [""in"", ""out""], ""in_param"": true, ""out_param"": true, ""optional"": false, ""string"": false, ""size_is"": null, ""length_is"": null, ""array"": null, ""sensitive"": false}]",[],stubbed_or_incomplete,"[{""kind"": ""FIXME"", ""file"": ""xgamesave.c"", ""line"": 181, ""text"": ""FIXME( \""iface %p, container %p, blobNames %p, countOfBlobs %u, async %p stub!\\n\"", iface, container, blobNames, countOfBlobs, async );""}, {""kind"": ""stub"", ""file"": ""xgamesave.c"", ""line"": 181, ""text"": ""FIXME( \""iface %p, container %p, blobNames %p, countOfBlobs %u, async %p stub!\\n\"", iface, container, blobNames, countOfBlobs, async );""}, {""kind"": ""E_NOTIMPL"", ""file"": ""xgamesave.c"", ""line"": 182, ""text"": ""return E_NOTIMPL;""}]",False,https://learn.microsoft.com/gaming/gdk/docs/reference/system/xgamesave/functions/xgamesavereadblobdataasync,False,[],"[{""number"": 11, ""title"": ""GDK Integration Progress."", ""url"": ""https://github.com/xodus-gaming/xgameruntime/issues/11""}]",interface_method
3,720,XGameSave,xgamesave.idl,IXGameSaveImpl,704c3f58-e629-4cc2-b197-30511b996fe2,1,IUnknown,22,XGameSaveReadBlobDataResult,"HRESULT XGameSaveReadBlobDataResult([in, out] XAsyncBlock * async, [in] SIZE_T blobsSize, [out, size_is(blobsSize)] XGameSaveBlob * blobData, [out] UINT32 * countOfBlobs)",HRESULT,"[{""name"": ""async"", ""type"": ""XAsyncBlock *"", ""ctype"": ""XAsyncBlock *"", ""attributes"": [""in"", ""out""], ""in_param"": true, ""out_param"": true, ""optional"": false, ""string"": false, ""size_is"": null, ""length_is"": null, ""array"": null, ""sensitive"": false}, {""name"": ""blobsSize"", ""type"": ""SIZE_T"", ""ctype"": ""SIZE_T"", ""attributes"": [""in""], ""in_param"": true, ""out_param"": false, ""optional"": false, ""string"": false, ""size_is"": null, ""length_is"": null, ""array"": null, ""sensitive"": false}, {""name"": ""blobData"", ""type"": ""XGameSaveBlob *"", ""ctype"": ""XGameSaveBlob *"", ""attributes"": [""out"", ""size_is(blobsSize)""], ""in_param"": false, ""out_param"": true, ""optional"": false, ""string"": false, ""size_is"": ""blobsSize"", ""length_is"": null, ""array"": null, ""sensitive"": false}, {""name"": ""countOfBlobs"", ""type"": ""UINT32 *"", ""ctype"": ""UINT32 *"", ""attributes"": [""out""], ""in_param"": false, ""out_param"": true, ""optional"": false, ""string"": false, ""size_is"": null, ""length_is"": null, ""array"": null, ""sensitive"": false}]",[],stubbed_or_incomplete,"[{""kind"": ""FIXME"", ""file"": ""xgamesave.c"", ""line"": 187, ""text"": ""FIXME( \""iface %p, async %p, blobsSize %Iu, blobData %p, countOfBlobs %p stub!\\n\"", iface, async, blobsSize, blobData, countOfBlobs );""}, {""kind"": ""stub"", ""file"": ""xgamesave.c"", ""line"": 187, ""text"": ""FIXME( \""iface %p, async %p, blobsSize %Iu, blobData %p, countOfBlobs %p stub!\\n\"", iface, async, blobsSize, blobData, countOfBlobs );""}, {""kind"": ""E_NOTIMPL"", ""file"": ""xgamesave.c"", ""line"": 188, ""text"": ""return E_NOTIMPL;""}]",False,https://learn.microsoft.com/gaming/gdk/docs/reference/system/xgamesave/functions/xgamesavereadblobdataresult,False,[],"[{""number"": 11, ""title"": ""GDK Integration Progress."", ""url"": ""https://github.com/xodus-gaming/xgameruntime/issues/11""}]",interface_method
3,720,XGameSave,xgamesave.idl,IXGameSaveImpl,704c3f58-e629-4cc2-b197-30511b996fe2,1,IUnknown,23,XGameSaveCreateUpdate,"HRESULT XGameSaveCreateUpdate([in] XGameSaveContainerHandle container, [in, string] const char * containerDisplayName, [out] XGameSaveUpdateHandle * updateContext)",HRESULT,"[{""name"": ""container"", ""type"": ""XGameSaveContainerHandle"", ""ctype"": ""XGameSaveContainerHandle"", ""attributes"": [""in""], ""in_param"": true, ""out_param"": false, ""optional"": false, ""string"": false, ""size_is"": null, ""length_is"": null, ""array"": null, ""sensitive"": false}, {""name"": ""containerDisplayName"", ""type"": ""const char *"", ""ctype"": ""const char *"", ""attributes"": [""in"", ""string""], ""in_param"": true, ""out_param"": false, ""optional"": false, ""string"": true, ""size_is"": null, ""length_is"": null, ""array"": null, ""sensitive"": false}, {""name"": ""updateContext"", ""type"": ""XGameSaveUpdateHandle *"", ""ctype"": ""XGameSaveUpdateHandle *"", ""attributes"": [""out""], ""in_param"": false, ""out_param"": true, ""optional"": false, ""string"": false, ""size_is"": null, ""length_is"": null, ""array"": null, ""sensitive"": false}]",[],stubbed_or_incomplete,"[{""kind"": ""FIXME"", ""file"": ""xgamesave.c"", ""line"": 193, ""text"": ""FIXME( \""iface %p, container %p, containerDisplayName %s, updateContext %p stub!\\n\"", iface, container, debugstr_a( containerDisplayName ), updateContext );""}, {""kind"": ""stub"", ""file"": ""xgamesave.c"", ""line"": 193, ""text"": ""FIXME( \""iface %p, container %p, containerDisplayName %s, updateContext %p stub!\\n\"", iface, container, debugstr_a( containerDisplayName ), updateContext );""}, {""kind"": ""E_NOTIMPL"", ""file"": ""xgamesave.c"", ""line"": 194, ""text"": ""return E_NOTIMPL;""}]",False,https://learn.microsoft.com/gaming/gdk/docs/reference/system/xgamesave/functions/xgamesavecreateupdate,False,[],"[{""number"": 11, ""title"": ""GDK Integration Progress."", ""url"": ""https://github.com/xodus-gaming/xgameruntime/issues/11""}]",interface_method
3,720,XGameSave,xgamesave.idl,IXGameSaveImpl,704c3f58-e629-4cc2-b197-30511b996fe2,1,IUnknown,24,XGameSaveCloseUpdate,void XGameSaveCloseUpdate([in] XGameSaveUpdateHandle context),void,"[{""name"": ""context"", ""type"": ""XGameSaveUpdateHandle"", ""ctype"": ""XGameSaveUpdateHandle"", ""attributes"": [""in""], ""in_param"": true, ""out_param"": false, ""optional"": false, ""string"": false, ""size_is"": null, ""length_is"": null, ""array"": null, ""sensitive"": false}]",[],stubbed_or_incomplete,"[{""kind"": ""FIXME"", ""file"": ""xgamesave.c"", ""line"": 199, ""text"": ""FIXME( \""iface %p, context %p stub!\\n\"", iface, context );""}, {""kind"": ""stub"", ""file"": ""xgamesave.c"", ""line"": 199, ""text"": ""FIXME( \""iface %p, context %p stub!\\n\"", iface, context );""}]",False,https://learn.microsoft.com/gaming/gdk/docs/reference/system/xgamesave/functions/xgamesavecloseupdate,False,[],"[{""number"": 11, ""title"": ""GDK Integration Progress."", ""url"": ""https://github.com/xodus-gaming/xgameruntime/issues/11""}]",interface_method
3,720,XGameSave,xgamesave.idl,IXGameSaveImpl,704c3f58-e629-4cc2-b197-30511b996fe2,1,IUnknown,25,XGameSaveSubmitBlobWrite,"HRESULT XGameSaveSubmitBlobWrite([in] XGameSaveUpdateHandle updateContext, [in, string] const char * blobName, [in, size_is(byteCount)] UINT8 * data, [in] SIZE_T byteCount)",HRESULT,"[{""name"": ""updateContext"", ""type"": ""XGameSaveUpdateHandle"", ""ctype"": ""XGameSaveUpdateHandle"", ""attributes"": [""in""], ""in_param"": true, ""out_param"": false, ""optional"": false, ""string"": false, ""size_is"": null, ""length_is"": null, ""array"": null, ""sensitive"": false}, {""name"": ""blobName"", ""type"": ""const char *"", ""ctype"": ""const char *"", ""attributes"": [""in"", ""string""], ""in_param"": true, ""out_param"": false, ""optional"": false, ""string"": true, ""size_is"": null, ""length_is"": null, ""array"": null, ""sensitive"": false}, {""name"": ""data"", ""type"": ""UINT8 *"", ""ctype"": ""UINT8 *"", ""attributes"": [""in"", ""size_is(byteCount)""], ""in_param"": true, ""out_param"": false, ""optional"": false, ""string"": false, ""size_is"": ""byteCount"", ""length_is"": null, ""array"": null, ""sensitive"": false}, {""name"": ""byteCount"", ""type"": ""SIZE_T"", ""ctype"": ""SIZE_T"", ""attributes"": [""in""], ""in_param"": true, ""out_param"": false, ""optional"": false, ""string"": false, ""size_is"": null, ""length_is"": null, ""array"": null, ""sensitive"": false}]",[],stubbed_or_incomplete,"[{""kind"": ""FIXME"", ""file"": ""xgamesave.c"", ""line"": 204, ""text"": ""FIXME( \""iface %p, updateContext %p, blobName %s, data %p, byteCount %Iu stub!\\n\"", iface, updateContext, debugstr_a( blobName ), data, byteCount );""}, {""kind"": ""stub"", ""file"": ""xgamesave.c"", ""line"": 204, ""text"": ""FIXME( \""iface %p, updateContext %p, blobName %s, data %p, byteCount %Iu stub!\\n\"", iface, updateContext, debugstr_a( blobName ), data, byteCount );""}, {""kind"": ""E_NOTIMPL"", ""file"": ""xgamesave.c"", ""line"": 205, ""text"": ""return E_NOTIMPL;""}]",False,https://learn.microsoft.com/gaming/gdk/docs/reference/system/xgamesave/functions/xgamesavesubmitblobwrite,False,[],"[{""number"": 11, ""title"": ""GDK Integration Progress."", ""url"": ""https://github.com/xodus-gaming/xgameruntime/issues/11""}]",interface_method
3,720,XGameSave,xgamesave.idl,IXGameSaveImpl,704c3f58-e629-4cc2-b197-30511b996fe2,1,IUnknown,26,XGameSaveSubmitBlobDelete,"HRESULT XGameSaveSubmitBlobDelete([in] XGameSaveUpdateHandle updateContext, [in, string] const char * blobName)",HRESULT,"[{""name"": ""updateContext"", ""type"": ""XGameSaveUpdateHandle"", ""ctype"": ""XGameSaveUpdateHandle"", ""attributes"": [""in""], ""in_param"": true, ""out_param"": false, ""optional"": false, ""string"": false, ""size_is"": null, ""length_is"": null, ""array"": null, ""sensitive"": false}, {""name"": ""blobName"", ""type"": ""const char *"", ""ctype"": ""const char *"", ""attributes"": [""in"", ""string""], ""in_param"": true, ""out_param"": false, ""optional"": false, ""string"": true, ""size_is"": null, ""length_is"": null, ""array"": null, ""sensitive"": false}]",[],stubbed_or_incomplete,"[{""kind"": ""FIXME"", ""file"": ""xgamesave.c"", ""line"": 210, ""text"": ""FIXME( \""iface %p, updateContext %p, blobName %s stub!\\n\"", iface, updateContext, debugstr_a( blobName ) );""}, {""kind"": ""stub"", ""file"": ""xgamesave.c"", ""line"": 210, ""text"": ""FIXME( \""iface %p, updateContext %p, blobName %s stub!\\n\"", iface, updateContext, debugstr_a( blobName ) );""}, {""kind"": ""E_NOTIMPL"", ""file"": ""xgamesave.c"", ""line"": 211, ""text"": ""return E_NOTIMPL;""}]",False,https://learn.microsoft.com/gaming/gdk/docs/reference/system/xgamesave/functions/xgamesavesubmitblobdelete,False,[],"[{""number"": 11, ""title"": ""GDK Integration Progress."", ""url"": ""https://github.com/xodus-gaming/xgameruntime/issues/11""}]",interface_method
3,720,XGameSave,xgamesave.idl,IXGameSaveImpl,704c3f58-e629-4cc2-b197-30511b996fe2,1,IUnknown,27,XGameSaveSubmitUpdate,HRESULT XGameSaveSubmitUpdate([in] XGameSaveUpdateHandle updateContext),HRESULT,"[{""name"": ""updateContext"", ""type"": ""XGameSaveUpdateHandle"", ""ctype"": ""XGameSaveUpdateHandle"", ""attributes"": [""in""], ""in_param"": true, ""out_param"": false, ""optional"": false, ""string"": false, ""size_is"": null, ""length_is"": null, ""array"": null, ""sensitive"": false}]",[],stubbed_or_incomplete,"[{""kind"": ""FIXME"", ""file"": ""xgamesave.c"", ""line"": 216, ""text"": ""FIXME( \""iface %p, updateContext %p stub!\\n\"", iface, updateContext );""}, {""kind"": ""stub"", ""file"": ""xgamesave.c"", ""line"": 216, ""text"": ""FIXME( \""iface %p, updateContext %p stub!\\n\"", iface, updateContext );""}, {""kind"": ""E_NOTIMPL"", ""file"": ""xgamesave.c"", ""line"": 217, ""text"": ""return E_NOTIMPL;""}]",False,https://learn.microsoft.com/gaming/gdk/docs/reference/system/xgamesave/functions/xgamesavesubmitupdate,False,[],"[{""number"": 11, ""title"": ""GDK Integration Progress."", ""url"": ""https://github.com/xodus-gaming/xgameruntime/issues/11""}]",interface_method
3,720,XGameSave,xgamesave.idl,IXGameSaveImpl,704c3f58-e629-4cc2-b197-30511b996fe2,1,IUnknown,28,XGameSaveSubmitUpdateAsync,"HRESULT XGameSaveSubmitUpdateAsync([in] XGameSaveUpdateHandle updateContext, [in, out] XAsyncBlock * async)",HRESULT,"[{""name"": ""updateContext"", ""type"": ""XGameSaveUpdateHandle"", ""ctype"": ""XGameSaveUpdateHandle"", ""attributes"": [""in""], ""in_param"": true, ""out_param"": false, ""optional"": false, ""string"": false, ""size_is"": null, ""length_is"": null, ""array"": null, ""sensitive"": false}, {""name"": ""async"", ""type"": ""XAsyncBlock *"", ""ctype"": ""XAsyncBlock *"", ""attributes"": [""in"", ""out""], ""in_param"": true, ""out_param"": true, ""optional"": false, ""string"": false, ""size_is"": null, ""length_is"": null, ""array"": null, ""sensitive"": false}]",[],stubbed_or_incomplete,"[{""kind"": ""FIXME"", ""file"": ""xgamesave.c"", ""line"": 222, ""text"": ""FIXME( \""iface %p, updateContext %p, async %p stub!\\n\"", iface, updateContext, async );""}, {""kind"": ""stub"", ""file"": ""xgamesave.c"", ""line"": 222, ""text"": ""FIXME( \""iface %p, updateContext %p, async %p stub!\\n\"", iface, updateContext, async );""}, {""kind"": ""E_NOTIMPL"", ""file"": ""xgamesave.c"", ""line"": 223, ""text"": ""return E_NOTIMPL;""}]",False,https://learn.microsoft.com/gaming/gdk/docs/reference/system/xgamesave/functions/xgamesavesubmitupdateasync,False,[],"[{""number"": 11, ""title"": ""GDK Integration Progress."", ""url"": ""https://github.com/xodus-gaming/xgameruntime/issues/11""}]",interface_method
3,720,XGameSave,xgamesave.idl,IXGameSaveImpl,704c3f58-e629-4cc2-b197-30511b996fe2,1,IUnknown,29,XGameSaveSubmitUpdateResult,"HRESULT XGameSaveSubmitUpdateResult([in, out] XAsyncBlock * async)",HRESULT,"[{""name"": ""async"", ""type"": ""XAsyncBlock *"", ""ctype"": ""XAsyncBlock *"", ""attributes"": [""in"", ""out""], ""in_param"": true, ""out_param"": true, ""optional"": false, ""string"": false, ""size_is"": null, ""length_is"": null, ""array"": null, ""sensitive"": false}]",[],stubbed_or_incomplete,"[{""kind"": ""FIXME"", ""file"": ""xgamesave.c"", ""line"": 228, ""text"": ""FIXME( \""iface %p, async %p stub!\\n\"", iface, async );""}, {""kind"": ""stub"", ""file"": ""xgamesave.c"", ""line"": 228, ""text"": ""FIXME( \""iface %p, async %p stub!\\n\"", iface, async );""}, {""kind"": ""E_NOTIMPL"", ""file"": ""xgamesave.c"", ""line"": 229, ""text"": ""return E_NOTIMPL;""}]",False,https://learn.microsoft.com/gaming/gdk/docs/reference/system/xgamesave/functions/xgamesavesubmitupdateresult,False,[],"[{""number"": 11, ""title"": ""GDK Integration Progress."", ""url"": ""https://github.com/xodus-gaming/xgameruntime/issues/11""}]",interface_method
3,720,XGameSave,xgamesave.idl,IXGameSaveImpl2,704c3f58-e629-4cc2-b197-30511b996ee2,2,IXGameSaveImpl,30,XGameSaveFilesGetFolderWithUiAsync,"HRESULT XGameSaveFilesGetFolderWithUiAsync([in] XUserHandle requestingUser, [in, string] const char * configurationId, [in, out] XAsyncBlock * async)",HRESULT,"[{""name"": ""requestingUser"", ""type"": ""XUserHandle"", ""ctype"": ""XUserHandle"", ""attributes"": [""in""], ""in_param"": true, ""out_param"": false, ""optional"": false, ""string"": false, ""size_is"": null, ""length_is"": null, ""array"": null, ""sensitive"": false}, {""name"": ""configurationId"", ""type"": ""const char *"", ""ctype"": ""const char *"", ""attributes"": [""in"", ""string""], ""in_param"": true, ""out_param"": false, ""optional"": false, ""string"": true, ""size_is"": null, ""length_is"": null, ""array"": null, ""sensitive"": false}, {""name"": ""async"", ""type"": ""XAsyncBlock *"", ""ctype"": ""XAsyncBlock *"", ""attributes"": [""in"", ""out""], ""in_param"": true, ""out_param"": true, ""optional"": false, ""string"": false, ""size_is"": null, ""length_is"": null, ""array"": null, ""sensitive"": false}]",[],stubbed_or_incomplete,"[{""kind"": ""FIXME"", ""file"": ""xgamesave.c"", ""line"": 234, ""text"": ""FIXME( \""iface %p, requestingUser %p, configurationId %s, async %p stub!\\n\"", iface, requestingUser, debugstr_a( configurationId ), async );""}, {""kind"": ""stub"", ""file"": ""xgamesave.c"", ""line"": 234, ""text"": ""FIXME( \""iface %p, requestingUser %p, configurationId %s, async %p stub!\\n\"", iface, requestingUser, debugstr_a( configurationId ), async );""}, {""kind"": ""E_NOTIMPL"", ""file"": ""xgamesave.c"", ""line"": 235, ""text"": ""return E_NOTIMPL;""}]",False,https://learn.microsoft.com/gaming/gdk/docs/reference/system/xgamesavefiles/functions/xgamesavefilesgetfolderwithuiasync,False,[],"[{""number"": 11, ""title"": ""GDK Integration Progress."", ""url"": ""https://github.com/xodus-gaming/xgameruntime/issues/11""}]",interface_method
3,720,XGameSave,xgamesave.idl,IXGameSaveImpl2,704c3f58-e629-4cc2-b197-30511b996ee2,2,IXGameSaveImpl,31,XGameSaveFilesGetFolderWithUiResult,"HRESULT XGameSaveFilesGetFolderWithUiResult([in, out] XAsyncBlock * async, [in] SIZE_T folderSize, [out, size_is(folderSize)] char * folderResult)",HRESULT,"[{""name"": ""async"", ""type"": ""XAsyncBlock *"", ""ctype"": ""XAsyncBlock *"", ""attributes"": [""in"", ""out""], ""in_param"": true, ""out_param"": true, ""optional"": false, ""string"": false, ""size_is"": null, ""length_is"": null, ""array"": null, ""sensitive"": false}, {""name"": ""folderSize"", ""type"": ""SIZE_T"", ""ctype"": ""SIZE_T"", ""attributes"": [""in""], ""in_param"": true, ""out_param"": false, ""optional"": false, ""string"": false, ""size_is"": null, ""length_is"": null, ""array"": null, ""sensitive"": false}, {""name"": ""folderResult"", ""type"": ""char *"", ""ctype"": ""char *"", ""attributes"": [""out"", ""size_is(folderSize)""], ""in_param"": false, ""out_param"": true, ""optional"": false, ""string"": false, ""size_is"": ""folderSize"", ""length_is"": null, ""array"": null, ""sensitive"": false}]",[],stubbed_or_incomplete,"[{""kind"": ""FIXME"", ""file"": ""xgamesave.c"", ""line"": 240, ""text"": ""FIXME( \""iface %p, async %p, folderSize %Iu, folderResult %p stub!\\n\"", iface, async, folderSize, folderResult );""}, {""kind"": ""stub"", ""file"": ""xgamesave.c"", ""line"": 240, ""text"": ""FIXME( \""iface %p, async %p, folderSize %Iu, folderResult %p stub!\\n\"", iface, async, folderSize, folderResult );""}, {""kind"": ""E_NOTIMPL"", ""file"": ""xgamesave.c"", ""line"": 241, ""text"": ""return E_NOTIMPL;""}]",False,https://learn.microsoft.com/gaming/gdk/docs/reference/system/xgamesavefiles/functions/xgamesavefilesgetfolderwithuiresult,False,[],"[{""number"": 11, ""title"": ""GDK Integration Progress."", ""url"": ""https://github.com/xodus-gaming/xgameruntime/issues/11""}]",interface_method
3,720,XGameSave,xgamesave.idl,IXGameSaveImpl2,704c3f58-e629-4cc2-b197-30511b996ee2,2,IXGameSaveImpl,32,XGameSaveFilesGetRemainingQuota,"HRESULT XGameSaveFilesGetRemainingQuota([in] XUserHandle userContext, [in, string] const char * configurationId, [out] INT64 * remainingQuota)",HRESULT,"[{""name"": ""userContext"", ""type"": ""XUserHandle"", ""ctype"": ""XUserHandle"", ""attributes"": [""in""], ""in_param"": true, ""out_param"": false, ""optional"": false, ""string"": false, ""size_is"": null, ""length_is"": null, ""array"": null, ""sensitive"": false}, {""name"": ""configurationId"", ""type"": ""const char *"", ""ctype"": ""const char *"", ""attributes"": [""in"", ""string""], ""in_param"": true, ""out_param"": false, ""optional"": false, ""string"": true, ""size_is"": null, ""length_is"": null, ""array"": null, ""sensitive"": false}, {""name"": ""remainingQuota"", ""type"": ""INT64 *"", ""ctype"": ""INT64 *"", ""attributes"": [""out""], ""in_param"": false, ""out_param"": true, ""optional"": false, ""string"": false, ""size_is"": null, ""length_is"": null, ""array"": null, ""sensitive"": false}]",[],stubbed_or_incomplete,"[{""kind"": ""FIXME"", ""file"": ""xgamesave.c"", ""line"": 246, ""text"": ""FIXME( \""iface %p, userContext %p, configurationId %s, remainingQuota %p stub!\\n\"", iface, userContext, debugstr_a( configurationId ), remainingQuota );""}, {""kind"": ""stub"", ""file"": ""xgamesave.c"", ""line"": 246, ""text"": ""FIXME( \""iface %p, userContext %p, configurationId %s, remainingQuota %p stub!\\n\"", iface, userContext, debugstr_a( configurationId ), remainingQuota );""}, {""kind"": ""E_NOTIMPL"", ""file"": ""xgamesave.c"", ""line"": 247, ""text"": ""return E_NOTIMPL;""}]",False,https://learn.microsoft.com/gaming/gdk/docs/reference/system/xgamesavefiles/functions/xgamesavefilesgetremainingquota,False,[],"[{""number"": 11, ""title"": ""GDK Integration Progress."", ""url"": ""https://github.com/xodus-gaming/xgameruntime/issues/11""}]",interface_method
3,720,XLauncher,xdisplay.idl,IXLauncherImpl,1b339674-328d-4283-a200-3171f18d3639,1,IUnknown,3,XLaunchUri,"HRESULT XLaunchUri([in, optional] XUserHandle user, [in, string] const char * uri)",HRESULT,"[{""name"": ""user"", ""type"": ""XUserHandle"", ""ctype"": ""XUserHandle"", ""attributes"": [""in"", ""optional""], ""in_param"": true, ""out_param"": false, ""optional"": true, ""string"": false, ""size_is"": null, ""length_is"": null, ""array"": null, ""sensitive"": false}, {""name"": ""uri"", ""type"": ""const char *"", ""ctype"": ""const char *"", ""attributes"": [""in"", ""string""], ""in_param"": true, ""out_param"": false, ""optional"": false, ""string"": true, ""size_is"": null, ""length_is"": null, ""array"": null, ""sensitive"": false}]",[],stubbed_or_incomplete,"[{""kind"": ""FIXME"", ""file"": ""xdisplay.c"", ""line"": 131, ""text"": ""FIXME( \""iface %p, user %p uri %s stub!\\n\"", iface, user, debugstr_a( uri ) );""}, {""kind"": ""stub"", ""file"": ""xdisplay.c"", ""line"": 131, ""text"": ""FIXME( \""iface %p, user %p uri %s stub!\\n\"", iface, user, debugstr_a( uri ) );""}, {""kind"": ""E_NOTIMPL"", ""file"": ""xdisplay.c"", ""line"": 132, ""text"": ""return E_NOTIMPL;""}]",False,https://learn.microsoft.com/gaming/gdk/docs/reference/system/xlauncher/functions/xlaunchuri,False,[],"[{""number"": 11, ""title"": ""GDK Integration Progress."", ""url"": ""https://github.com/xodus-gaming/xgameruntime/issues/11""}]",interface_method
3,720,XLauncher,xdisplay.idl,IXLauncherImpl,1b339674-328d-4283-a200-3171f18d3639,1,IUnknown,4,XDisplayAcquireTimeoutDeferral,HRESULT XDisplayAcquireTimeoutDeferral([out] XDisplayTimeoutDeferralHandle * handle),HRESULT,"[{""name"": ""handle"", ""type"": ""XDisplayTimeoutDeferralHandle *"", ""ctype"": ""XDisplayTimeoutDeferralHandle *"", ""attributes"": [""out""], ""in_param"": false, ""out_param"": true, ""optional"": false, ""string"": false, ""size_is"": null, ""length_is"": null, ""array"": null, ""sensitive"": false}]",[],stubbed_or_incomplete,"[{""kind"": ""FIXME"", ""file"": ""xdisplay.c"", ""line"": 137, ""text"": ""FIXME( \""iface %p, handle %p stub!\\n\"", iface, handle );""}, {""kind"": ""stub"", ""file"": ""xdisplay.c"", ""line"": 137, ""text"": ""FIXME( \""iface %p, handle %p stub!\\n\"", iface, handle );""}, {""kind"": ""E_NOTIMPL"", ""file"": ""xdisplay.c"", ""line"": 138, ""text"": ""return E_NOTIMPL;""}]",False,https://learn.microsoft.com/gaming/gdk/docs/reference/system/xdisplay/functions/xdisplayacquiretimeoutdeferral,False,[],"[{""number"": 11, ""title"": ""GDK Integration Progress."", ""url"": ""https://github.com/xodus-gaming/xgameruntime/issues/11""}]",interface_method
3,720,XLauncher,xdisplay.idl,IXLauncherImpl,1b339674-328d-4283-a200-3171f18d3639,1,IUnknown,5,XDisplayCloseTimeoutDeferralHandle,void XDisplayCloseTimeoutDeferralHandle([in] XDisplayTimeoutDeferralHandle handle),void,"[{""name"": ""handle"", ""type"": ""XDisplayTimeoutDeferralHandle"", ""ctype"": ""XDisplayTimeoutDeferralHandle"", ""attributes"": [""in""], ""in_param"": true, ""out_param"": false, ""optional"": false, ""string"": false, ""size_is"": null, ""length_is"": null, ""array"": null, ""sensitive"": false}]",[],stubbed_or_incomplete,"[{""kind"": ""FIXME"", ""file"": ""xdisplay.c"", ""line"": 143, ""text"": ""FIXME( \""iface %p, handle %p stub!\\n\"", iface, handle );""}, {""kind"": ""stub"", ""file"": ""xdisplay.c"", ""line"": 143, ""text"": ""FIXME( \""iface %p, handle %p stub!\\n\"", iface, handle );""}]",False,https://learn.microsoft.com/gaming/gdk/docs/reference/system/xdisplay/functions/xdisplayclosetimeoutdeferralhandle,False,[],"[{""number"": 11, ""title"": ""GDK Integration Progress."", ""url"": ""https://github.com/xodus-gaming/xgameruntime/issues/11""}]",interface_method
3,720,XPackage,xpackage.idl,IXPackageImpl,3720de07-e8e4-44a3-ad32-b359e8adbe55,1,IUnknown,3,XPackageGetCurrentProcessPackageIdentifier,"HRESULT XPackageGetCurrentProcessPackageIdentifier([in] SIZE_T bufferSize, [out, size_is(bufferSize)] char * buffer)",HRESULT,"[{""name"": ""bufferSize"", ""type"": ""SIZE_T"", ""ctype"": ""SIZE_T"", ""attributes"": [""in""], ""in_param"": true, ""out_param"": false, ""optional"": false, ""string"": false, ""size_is"": null, ""length_is"": null, ""array"": null, ""sensitive"": false}, {""name"": ""buffer"", ""type"": ""char *"", ""ctype"": ""char *"", ""attributes"": [""out"", ""size_is(bufferSize)""], ""in_param"": false, ""out_param"": true, ""optional"": false, ""string"": false, ""size_is"": ""bufferSize"", ""length_is"": null, ""array"": null, ""sensitive"": false}]",[],stubbed_or_incomplete,"[{""kind"": ""FIXME"", ""file"": ""xpackage.c"", ""line"": 76, ""text"": ""FIXME( \""iface %p, bufferSize %Iu, buffer %p stub!\\n\"", iface, bufferSize, buffer );""}, {""kind"": ""stub"", ""file"": ""xpackage.c"", ""line"": 76, ""text"": ""FIXME( \""iface %p, bufferSize %Iu, buffer %p stub!\\n\"", iface, bufferSize, buffer );""}, {""kind"": ""E_NOTIMPL"", ""file"": ""xpackage.c"", ""line"": 77, ""text"": ""return E_NOTIMPL;""}]",False,https://learn.microsoft.com/gaming/gdk/docs/reference/system/xpackage/functions/xpackagegetcurrentprocesspackageidentifier,False,[],"[{""number"": 11, ""title"": ""GDK Integration Progress."", ""url"": ""https://github.com/xodus-gaming/xgameruntime/issues/11""}, {""number"": 16, ""title"": ""XPackage Implementation"", ""url"": ""https://github.com/xodus-gaming/xgameruntime/issues/16""}]",interface_method
3,720,XPackage,xpackage.idl,IXPackageImpl,3720de07-e8e4-44a3-ad32-b359e8adbe55,1,IUnknown,4,XPackageIsPackagedProcess,BOOLEAN XPackageIsPackagedProcess(),BOOLEAN,[],[],stubbed_or_incomplete,"[{""kind"": ""FIXME"", ""file"": ""xpackage.c"", ""line"": 82, ""text"": ""FIXME( \""iface %p stub!\\n\"", iface );""}, {""kind"": ""stub"", ""file"": ""xpackage.c"", ""line"": 82, ""text"": ""FIXME( \""iface %p stub!\\n\"", iface );""}]",False,https://learn.microsoft.com/gaming/gdk/docs/reference/system/xpackage/functions/xpackageispackagedprocess,False,[],"[{""number"": 11, ""title"": ""GDK Integration Progress."", ""url"": ""https://github.com/xodus-gaming/xgameruntime/issues/11""}, {""number"": 16, ""title"": ""XPackage Implementation"", ""url"": ""https://github.com/xodus-gaming/xgameruntime/issues/16""}]",interface_method
3,720,XPackage,xpackage.idl,IXPackageImpl,3720de07-e8e4-44a3-ad32-b359e8adbe55,1,IUnknown,5,XPackageCreateInstallationMonitor,"HRESULT XPackageCreateInstallationMonitor([in, string] const char * packageIdentifier, [in] UINT32 selectorCount, [in, optional, length_is(selectorCount)] XPackageChunkSelector * selectors, [in] UINT32 minimumUpdateIntervalMs, [in, optional] XTaskQueueHandle queue, [out] XPackageInstallationMonitorHandle * installationMonitor)",HRESULT,"[{""name"": ""packageIdentifier"", ""type"": ""const char *"", ""ctype"": ""const char *"", ""attributes"": [""in"", ""string""], ""in_param"": true, ""out_param"": false, ""optional"": false, ""string"": true, ""size_is"": null, ""length_is"": null, ""array"": null, ""sensitive"": false}, {""name"": ""selectorCount"", ""type"": ""UINT32"", ""ctype"": ""UINT32"", ""attributes"": [""in""], ""in_param"": true, ""out_param"": false, ""optional"": false, ""string"": false, ""size_is"": null, ""length_is"": null, ""array"": null, ""sensitive"": false}, {""name"": ""selectors"", ""type"": ""XPackageChunkSelector *"", ""ctype"": ""XPackageChunkSelector *"", ""attributes"": [""in"", ""optional"", ""length_is(selectorCount)""], ""in_param"": true, ""out_param"": false, ""optional"": true, ""string"": false, ""size_is"": null, ""length_is"": ""selectorCount"", ""array"": ""*"", ""sensitive"": false}, {""name"": ""minimumUpdateIntervalMs"", ""type"": ""UINT32"", ""ctype"": ""UINT32"", ""attributes"": [""in""], ""in_param"": true, ""out_param"": false, ""optional"": false, ""string"": false, ""size_is"": null, ""length_is"": null, ""array"": null, ""sensitive"": false}, {""name"": ""queue"", ""type"": ""XTaskQueueHandle"", ""ctype"": ""XTaskQueueHandle"", ""attributes"": [""in"", ""optional""], ""in_param"": true, ""out_param"": false, ""optional"": true, ""string"": false, ""size_is"": null, ""length_is"": null, ""array"": null, ""sensitive"": false}, {""name"": ""installationMonitor"", ""type"": ""XPackageInstallationMonitorHandle *"", ""ctype"": ""XPackageInstallationMonitorHandle *"", ""attributes"": [""out""], ""in_param"": false, ""out_param"": true, ""optional"": false, ""string"": false, ""size_is"": null, ""length_is"": null, ""array"": null, ""sensitive"": false}]",[],stubbed_or_incomplete,"[{""kind"": ""FIXME"", ""file"": ""xpackage.c"", ""line"": 88, ""text"": ""FIXME( \""iface %p, packageIdentifier %s, selectorCount %u, selectors %p, minimumUpdateIntervalMs %u, queue %p, installationMonitor %p stub!\\n\"", iface, debugstr_a( packageIdentifier ), selectorCount, selectors, minimumUpdateIntervalMs, queue, installationMonitor );""}, {""kind"": ""stub"", ""file"": ""xpackage.c"", ""line"": 88, ""text"": ""FIXME( \""iface %p, packageIdentifier %s, selectorCount %u, selectors %p, minimumUpdateIntervalMs %u, queue %p, installationMonitor %p stub!\\n\"", iface, debugstr_a( packageIdentifier ), selectorCount, selectors, minimumUpdateIntervalMs, queue, installationMonitor );""}, {""kind"": ""E_NOTIMPL"", ""file"": ""xpackage.c"", ""line"": 89, ""text"": ""return E_NOTIMPL;""}]",False,https://learn.microsoft.com/gaming/gdk/docs/reference/system/xpackage/functions/xpackagecreateinstallationmonitor,False,[],"[{""number"": 11, ""title"": ""GDK Integration Progress."", ""url"": ""https://github.com/xodus-gaming/xgameruntime/issues/11""}, {""number"": 16, ""title"": ""XPackage Implementation"", ""url"": ""https://github.com/xodus-gaming/xgameruntime/issues/16""}]",interface_method
3,720,XPackage,xpackage.idl,IXPackageImpl,3720de07-e8e4-44a3-ad32-b359e8adbe55,1,IUnknown,6,XPackageCloseInstallationMonitorHandle,void XPackageCloseInstallationMonitorHandle([in] XPackageInstallationMonitorHandle installationMonitor),void,"[{""name"": ""installationMonitor"", ""type"": ""XPackageInstallationMonitorHandle"", ""ctype"": ""XPackageInstallationMonitorHandle"", ""attributes"": [""in""], ""in_param"": true, ""out_param"": false, ""optional"": false, ""string"": false, ""size_is"": null, ""length_is"": null, ""array"": null, ""sensitive"": false}]",[],stubbed_or_incomplete,"[{""kind"": ""FIXME"", ""file"": ""xpackage.c"", ""line"": 94, ""text"": ""FIXME( \""iface %p, installationMonitor %p stub!\\n\"", iface, installationMonitor );""}, {""kind"": ""stub"", ""file"": ""xpackage.c"", ""line"": 94, ""text"": ""FIXME( \""iface %p, installationMonitor %p stub!\\n\"", iface, installationMonitor );""}]",False,https://learn.microsoft.com/gaming/gdk/docs/reference/system/xpackage/functions/xpackagecloseinstallationmonitorhandle,False,[],"[{""number"": 11, ""title"": ""GDK Integration Progress."", ""url"": ""https://github.com/xodus-gaming/xgameruntime/issues/11""}, {""number"": 16, ""title"": ""XPackage Implementation"", ""url"": ""https://github.com/xodus-gaming/xgameruntime/issues/16""}]",interface_method
3,720,XPackage,xpackage.idl,IXPackageImpl,3720de07-e8e4-44a3-ad32-b359e8adbe55,1,IUnknown,7,XPackageGetInstallationProgress,"void XPackageGetInstallationProgress([in] XPackageInstallationMonitorHandle installationMonitor, [out] XPackageInstallationProgress * progress)",void,"[{""name"": ""installationMonitor"", ""type"": ""XPackageInstallationMonitorHandle"", ""ctype"": ""XPackageInstallationMonitorHandle"", ""attributes"": [""in""], ""in_param"": true, ""out_param"": false, ""optional"": false, ""string"": false, ""size_is"": null, ""length_is"": null, ""array"": null, ""sensitive"": false}, {""name"": ""progress"", ""type"": ""XPackageInstallationProgress *"", ""ctype"": ""XPackageInstallationProgress *"", ""attributes"": [""out""], ""in_param"": false, ""out_param"": true, ""optional"": false, ""string"": false, ""size_is"": null, ""length_is"": null, ""array"": null, ""sensitive"": false}]",[],stubbed_or_incomplete,"[{""kind"": ""FIXME"", ""file"": ""xpackage.c"", ""line"": 99, ""text"": ""FIXME( \""iface %p, installationMonitor %p, progress %p stub!\\n\"", iface, installationMonitor, progress );""}, {""kind"": ""stub"", ""file"": ""xpackage.c"", ""line"": 99, ""text"": ""FIXME( \""iface %p, installationMonitor %p, progress %p stub!\\n\"", iface, installationMonitor, progress );""}]",False,https://learn.microsoft.com/gaming/gdk/docs/reference/system/xpackage/functions/xpackagegetinstallationprogress,False,[],"[{""number"": 11, ""title"": ""GDK Integration Progress."", ""url"": ""https://github.com/xodus-gaming/xgameruntime/issues/11""}, {""number"": 16, ""title"": ""XPackage Implementation"", ""url"": ""https://github.com/xodus-gaming/xgameruntime/issues/16""}]",interface_method
3,720,XPackage,xpackage.idl,IXPackageImpl,3720de07-e8e4-44a3-ad32-b359e8adbe55,1,IUnknown,8,XPackageUpdateInstallationMonitor,BOOLEAN XPackageUpdateInstallationMonitor([in] XPackageInstallationMonitorHandle installationMonitor),BOOLEAN,"[{""name"": ""installationMonitor"", ""type"": ""XPackageInstallationMonitorHandle"", ""ctype"": ""XPackageInstallationMonitorHandle"", ""attributes"": [""in""], ""in_param"": true, ""out_param"": false, ""optional"": false, ""string"": false, ""size_is"": null, ""length_is"": null, ""array"": null, ""sensitive"": false}]",[],stubbed_or_incomplete,"[{""kind"": ""FIXME"", ""file"": ""xpackage.c"", ""line"": 104, ""text"": ""FIXME( \""iface %p, installationMonitor %p stub!\\n\"", iface, installationMonitor );""}, {""kind"": ""stub"", ""file"": ""xpackage.c"", ""line"": 104, ""text"": ""FIXME( \""iface %p, installationMonitor %p stub!\\n\"", iface, installationMonitor );""}]",False,https://learn.microsoft.com/gaming/gdk/docs/reference/system/xpackage/functions/xpackageupdateinstallationmonitor,False,[],"[{""number"": 11, ""title"": ""GDK Integration Progress."", ""url"": ""https://github.com/xodus-gaming/xgameruntime/issues/11""}, {""number"": 16, ""title"": ""XPackage Implementation"", ""url"": ""https://github.com/xodus-gaming/xgameruntime/issues/16""}]",interface_method
3,720,XPackage,xpackage.idl,IXPackageImpl,3720de07-e8e4-44a3-ad32-b359e8adbe55,1,IUnknown,9,XPackageRegisterInstallationProgressChanged,"HRESULT XPackageRegisterInstallationProgressChanged([in] XPackageInstallationMonitorHandle installationMonitor, [in, optional] void * context, [in] XPackageInstallationProgressCallback * callback, [out] XTaskQueueRegistrationToken * token)",HRESULT,"[{""name"": ""installationMonitor"", ""type"": ""XPackageInstallationMonitorHandle"", ""ctype"": ""XPackageInstallationMonitorHandle"", ""attributes"": [""in""], ""in_param"": true, ""out_param"": false, ""optional"": false, ""string"": false, ""size_is"": null, ""length_is"": null, ""array"": null, ""sensitive"": false}, {""name"": ""context"", ""type"": ""void *"", ""ctype"": ""void *"", ""attributes"": [""in"", ""optional""], ""in_param"": true, ""out_param"": false, ""optional"": true, ""string"": false, ""size_is"": null, ""length_is"": null, ""array"": null, ""sensitive"": false}, {""name"": ""callback"", ""type"": ""XPackageInstallationProgressCallback *"", ""ctype"": ""XPackageInstallationProgressCallback *"", ""attributes"": [""in""], ""in_param"": true, ""out_param"": false, ""optional"": false, ""string"": false, ""size_is"": null, ""length_is"": null, ""array"": null, ""sensitive"": false}, {""name"": ""token"", ""type"": ""XTaskQueueRegistrationToken *"", ""ctype"": ""XTaskQueueRegistrationToken *"", ""attributes"": [""out""], ""in_param"": false, ""out_param"": true, ""optional"": false, ""string"": false, ""size_is"": null, ""length_is"": null, ""array"": null, ""sensitive"": true}]",[],stubbed_or_incomplete,"[{""kind"": ""FIXME"", ""file"": ""xpackage.c"", ""line"": 110, ""text"": ""FIXME( \""iface %p, installationMonitor %p, context %p, callback %p, token %p stub!\\n\"", iface, installationMonitor, context, callback, token );""}, {""kind"": ""stub"", ""file"": ""xpackage.c"", ""line"": 110, ""text"": ""FIXME( \""iface %p, installationMonitor %p, context %p, callback %p, token %p stub!\\n\"", iface, installationMonitor, context, callback, token );""}, {""kind"": ""E_NOTIMPL"", ""file"": ""xpackage.c"", ""line"": 111, ""text"": ""return E_NOTIMPL;""}]",False,https://learn.microsoft.com/gaming/gdk/docs/reference/system/xpackage/functions/xpackageregisterinstallationprogresschanged,False,[],"[{""number"": 11, ""title"": ""GDK Integration Progress."", ""url"": ""https://github.com/xodus-gaming/xgameruntime/issues/11""}, {""number"": 16, ""title"": ""XPackage Implementation"", ""url"": ""https://github.com/xodus-gaming/xgameruntime/issues/16""}]",interface_method
3,720,XPackage,xpackage.idl,IXPackageImpl,3720de07-e8e4-44a3-ad32-b359e8adbe55,1,IUnknown,10,XPackageUnregisterInstallationProgressChanged,"BOOLEAN XPackageUnregisterInstallationProgressChanged([in] XPackageInstallationMonitorHandle installationMonitor, [in] XTaskQueueRegistrationToken token, [in] BOOLEAN wait)",BOOLEAN,"[{""name"": ""installationMonitor"", ""type"": ""XPackageInstallationMonitorHandle"", ""ctype"": ""XPackageInstallationMonitorHandle"", ""attributes"": [""in""], ""in_param"": true, ""out_param"": false, ""optional"": false, ""string"": false, ""size_is"": null, ""length_is"": null, ""array"": null, ""sensitive"": false}, {""name"": ""token"", ""type"": ""XTaskQueueRegistrationToken"", ""ctype"": ""XTaskQueueRegistrationToken"", ""attributes"": [""in""], ""in_param"": true, ""out_param"": false, ""optional"": false, ""string"": false, ""size_is"": null, ""length_is"": null, ""array"": null, ""sensitive"": true}, {""name"": ""wait"", ""type"": ""BOOLEAN"", ""ctype"": ""BOOLEAN"", ""attributes"": [""in""], ""in_param"": true, ""out_param"": false, ""optional"": false, ""string"": false, ""size_is"": null, ""length_is"": null, ""array"": null, ""sensitive"": false}]",[],stubbed_or_incomplete,"[{""kind"": ""FIXME"", ""file"": ""xpackage.c"", ""line"": 116, ""text"": ""FIXME( \""iface %p, installationMonitor %p, token %p, wait %d stub!\\n\"", iface, installationMonitor, &token, wait );""}, {""kind"": ""stub"", ""file"": ""xpackage.c"", ""line"": 116, ""text"": ""FIXME( \""iface %p, installationMonitor %p, token %p, wait %d stub!\\n\"", iface, installationMonitor, &token, wait );""}]",False,https://learn.microsoft.com/gaming/gdk/docs/reference/system/xpackage/functions/xpackageunregisterinstallationprogresschanged,False,[],"[{""number"": 11, ""title"": ""GDK Integration Progress."", ""url"": ""https://github.com/xodus-gaming/xgameruntime/issues/11""}, {""number"": 16, ""title"": ""XPackage Implementation"", ""url"": ""https://github.com/xodus-gaming/xgameruntime/issues/16""}]",interface_method
3,720,XPackage,xpackage.idl,IXPackageImpl,3720de07-e8e4-44a3-ad32-b359e8adbe55,1,IUnknown,11,XPackageGetUserLocale,"HRESULT XPackageGetUserLocale([in] SIZE_T localeSize, [out, size_is(localSize)] char * locale)",HRESULT,"[{""name"": ""localeSize"", ""type"": ""SIZE_T"", ""ctype"": ""SIZE_T"", ""attributes"": [""in""], ""in_param"": true, ""out_param"": false, ""optional"": false, ""string"": false, ""size_is"": null, ""length_is"": null, ""array"": null, ""sensitive"": false}, {""name"": ""locale"", ""type"": ""char *"", ""ctype"": ""char *"", ""attributes"": [""out"", ""size_is(localSize)""], ""in_param"": false, ""out_param"": true, ""optional"": false, ""string"": false, ""size_is"": ""localSize"", ""length_is"": null, ""array"": null, ""sensitive"": false}]",[],stubbed_or_incomplete,"[{""kind"": ""FIXME"", ""file"": ""xpackage.c"", ""line"": 122, ""text"": ""FIXME( \""iface %p, localeSize %Iu, locale %p stub!\\n\"", iface, localeSize, locale );""}, {""kind"": ""stub"", ""file"": ""xpackage.c"", ""line"": 122, ""text"": ""FIXME( \""iface %p, localeSize %Iu, locale %p stub!\\n\"", iface, localeSize, locale );""}, {""kind"": ""E_NOTIMPL"", ""file"": ""xpackage.c"", ""line"": 123, ""text"": ""return E_NOTIMPL;""}]",False,https://learn.microsoft.com/gaming/gdk/docs/reference/system/xpackage/functions/xpackagegetuserlocale,False,[],"[{""number"": 11, ""title"": ""GDK Integration Progress."", ""url"": ""https://github.com/xodus-gaming/xgameruntime/issues/11""}, {""number"": 16, ""title"": ""XPackage Implementation"", ""url"": ""https://github.com/xodus-gaming/xgameruntime/issues/16""}]",interface_method
3,720,XPackage,xpackage.idl,IXPackageImpl,3720de07-e8e4-44a3-ad32-b359e8adbe55,1,IUnknown,12,XPackageFindChunkAvailability,"HRESULT XPackageFindChunkAvailability([in, string] const char * packageIdentifier, [in] UINT32 selectorCount, [in, optional, length_is(selectorCount)] XPackageChunkSelector * selectors, [out] XPackageChunkAvailability * availability)",HRESULT,"[{""name"": ""packageIdentifier"", ""type"": ""const char *"", ""ctype"": ""const char *"", ""attributes"": [""in"", ""string""], ""in_param"": true, ""out_param"": false, ""optional"": false, ""string"": true, ""size_is"": null, ""length_is"": null, ""array"": null, ""sensitive"": false}, {""name"": ""selectorCount"", ""type"": ""UINT32"", ""ctype"": ""UINT32"", ""attributes"": [""in""], ""in_param"": true, ""out_param"": false, ""optional"": false, ""string"": false, ""size_is"": null, ""length_is"": null, ""array"": null, ""sensitive"": false}, {""name"": ""selectors"", ""type"": ""XPackageChunkSelector *"", ""ctype"": ""XPackageChunkSelector *"", ""attributes"": [""in"", ""optional"", ""length_is(selectorCount)""], ""in_param"": true, ""out_param"": false, ""optional"": true, ""string"": false, ""size_is"": null, ""length_is"": ""selectorCount"", ""array"": ""*"", ""sensitive"": false}, {""name"": ""availability"", ""type"": ""XPackageChunkAvailability *"", ""ctype"": ""XPackageChunkAvailability *"", ""attributes"": [""out""], ""in_param"": false, ""out_param"": true, ""optional"": false, ""string"": false, ""size_is"": null, ""length_is"": null, ""array"": null, ""sensitive"": false}]",[],stubbed_or_incomplete,"[{""kind"": ""FIXME"", ""file"": ""xpackage.c"", ""line"": 128, ""text"": ""FIXME( \""iface %p, packageIdentifier %s, selectorCount %u, selectors %p, availability %p stub!\\n\"", iface, packageIdentifier, selectorCount, selectors, availability );""}, {""kind"": ""stub"", ""file"": ""xpackage.c"", ""line"": 128, ""text"": ""FIXME( \""iface %p, packageIdentifier %s, selectorCount %u, selectors %p, availability %p stub!\\n\"", iface, packageIdentifier, selectorCount, selectors, availability );""}, {""kind"": ""E_NOTIMPL"", ""file"": ""xpackage.c"", ""line"": 129, ""text"": ""return E_NOTIMPL;""}]",False,https://learn.microsoft.com/gaming/gdk/docs/reference/system/xpackage/functions/xpackagefindchunkavailability,False,[],"[{""number"": 11, ""title"": ""GDK Integration Progress."", ""url"": ""https://github.com/xodus-gaming/xgameruntime/issues/11""}, {""number"": 16, ""title"": ""XPackage Implementation"", ""url"": ""https://github.com/xodus-gaming/xgameruntime/issues/16""}]",interface_method
3,720,XPackage,xpackage.idl,IXPackageImpl,3720de07-e8e4-44a3-ad32-b359e8adbe55,1,IUnknown,13,XPackageEnumerateChunkAvailability,"HRESULT XPackageEnumerateChunkAvailability([in, string] const char * packageIdentifier, [in] XPackageChunkSelectorType type, [in] void * context, [in] XPackageChunkAvailabilityCallback * callback)",HRESULT,"[{""name"": ""packageIdentifier"", ""type"": ""const char *"", ""ctype"": ""const char *"", ""attributes"": [""in"", ""string""], ""in_param"": true, ""out_param"": false, ""optional"": false, ""string"": true, ""size_is"": null, ""length_is"": null, ""array"": null, ""sensitive"": false}, {""name"": ""type"", ""type"": ""XPackageChunkSelectorType"", ""ctype"": ""XPackageChunkSelectorType"", ""attributes"": [""in""], ""in_param"": true, ""out_param"": false, ""optional"": false, ""string"": false, ""size_is"": null, ""length_is"": null, ""array"": null, ""sensitive"": false}, {""name"": ""context"", ""type"": ""void *"", ""ctype"": ""void *"", ""attributes"": [""in""], ""in_param"": true, ""out_param"": false, ""optional"": false, ""string"": false, ""size_is"": null, ""length_is"": null, ""array"": null, ""sensitive"": false}, {""name"": ""callback"", ""type"": ""XPackageChunkAvailabilityCallback *"", ""ctype"": ""XPackageChunkAvailabilityCallback *"", ""attributes"": [""in""], ""in_param"": true, ""out_param"": false, ""optional"": false, ""string"": false, ""size_is"": null, ""length_is"": null, ""array"": null, ""sensitive"": false}]",[],stubbed_or_incomplete,"[{""kind"": ""FIXME"", ""file"": ""xpackage.c"", ""line"": 134, ""text"": ""FIXME( \""iface %p, packageIdentifier %s, type %d, context %p, callback %p stub!\\n\"", iface, debugstr_a( packageIdentifier ), type, context, callback );""}, {""kind"": ""stub"", ""file"": ""xpackage.c"", ""line"": 134, ""text"": ""FIXME( \""iface %p, packageIdentifier %s, type %d, context %p, callback %p stub!\\n\"", iface, debugstr_a( packageIdentifier ), type, context, callback );""}, {""kind"": ""E_NOTIMPL"", ""file"": ""xpackage.c"", ""line"": 135, ""text"": ""return E_NOTIMPL;""}]",False,https://learn.microsoft.com/gaming/gdk/docs/reference/system/xpackage/functions/xpackageenumeratechunkavailability,False,[],"[{""number"": 11, ""title"": ""GDK Integration Progress."", ""url"": ""https://github.com/xodus-gaming/xgameruntime/issues/11""}, {""number"": 16, ""title"": ""XPackage Implementation"", ""url"": ""https://github.com/xodus-gaming/xgameruntime/issues/16""}]",interface_method
3,720,XPackage,xpackage.idl,IXPackageImpl,3720de07-e8e4-44a3-ad32-b359e8adbe55,1,IUnknown,14,XPackageChangeChunkInstallOrder,"HRESULT XPackageChangeChunkInstallOrder([in, string] const char * packageIdentifier, [in] UINT32 selectorCount, [in, length_is(selectorCount)] XPackageChunkSelector * selectors)",HRESULT,"[{""name"": ""packageIdentifier"", ""type"": ""const char *"", ""ctype"": ""const char *"", ""attributes"": [""in"", ""string""], ""in_param"": true, ""out_param"": false, ""optional"": false, ""string"": true, ""size_is"": null, ""length_is"": null, ""array"": null, ""sensitive"": false}, {""name"": ""selectorCount"", ""type"": ""UINT32"", ""ctype"": ""UINT32"", ""attributes"": [""in""], ""in_param"": true, ""out_param"": false, ""optional"": false, ""string"": false, ""size_is"": null, ""length_is"": null, ""array"": null, ""sensitive"": false}, {""name"": ""selectors"", ""type"": ""XPackageChunkSelector *"", ""ctype"": ""XPackageChunkSelector *"", ""attributes"": [""in"", ""length_is(selectorCount)""], ""in_param"": true, ""out_param"": false, ""optional"": false, ""string"": false, ""size_is"": null, ""length_is"": ""selectorCount"", ""array"": ""*"", ""sensitive"": false}]",[],stubbed_or_incomplete,"[{""kind"": ""FIXME"", ""file"": ""xpackage.c"", ""line"": 140, ""text"": ""FIXME( \""iface %p, packageIdentifier %s, selectorCount %u, selectors %p stub!\\n\"", iface, debugstr_a( packageIdentifier ), selectorCount, selectors );""}, {""kind"": ""stub"", ""file"": ""xpackage.c"", ""line"": 140, ""text"": ""FIXME( \""iface %p, packageIdentifier %s, selectorCount %u, selectors %p stub!\\n\"", iface, debugstr_a( packageIdentifier ), selectorCount, selectors );""}, {""kind"": ""E_NOTIMPL"", ""file"": ""xpackage.c"", ""line"": 141, ""text"": ""return E_NOTIMPL;""}]",False,https://learn.microsoft.com/gaming/gdk/docs/reference/system/xpackage/functions/xpackagechangechunkinstallorder,False,[],"[{""number"": 11, ""title"": ""GDK Integration Progress."", ""url"": ""https://github.com/xodus-gaming/xgameruntime/issues/11""}, {""number"": 16, ""title"": ""XPackage Implementation"", ""url"": ""https://github.com/xodus-gaming/xgameruntime/issues/16""}]",interface_method
3,720,XPackage,xpackage.idl,IXPackageImpl,3720de07-e8e4-44a3-ad32-b359e8adbe55,1,IUnknown,15,XPackageInstallChunks,"HRESULT XPackageInstallChunks([in, string] const char * packageIdentifier, [in] UINT32 selectorCount, [in, size_is(selectorCount)] XPackageChunkSelector * selectors, [in] UINT32 minimumUpdateIntervalMs, [in] BOOLEAN suppressUserConfirmation, [in, optional] XTaskQueueHandle queue, [out] XPackageInstallationMonitorHandle * installationMonitor)",HRESULT,"[{""name"": ""packageIdentifier"", ""type"": ""const char *"", ""ctype"": ""const char *"", ""attributes"": [""in"", ""string""], ""in_param"": true, ""out_param"": false, ""optional"": false, ""string"": true, ""size_is"": null, ""length_is"": null, ""array"": null, ""sensitive"": false}, {""name"": ""selectorCount"", ""type"": ""UINT32"", ""ctype"": ""UINT32"", ""attributes"": [""in""], ""in_param"": true, ""out_param"": false, ""optional"": false, ""string"": false, ""size_is"": null, ""length_is"": null, ""array"": null, ""sensitive"": false}, {""name"": ""selectors"", ""type"": ""XPackageChunkSelector *"", ""ctype"": ""XPackageChunkSelector *"", ""attributes"": [""in"", ""size_is(selectorCount)""], ""in_param"": true, ""out_param"": false, ""optional"": false, ""string"": false, ""size_is"": ""selectorCount"", ""length_is"": null, ""array"": null, ""sensitive"": false}, {""name"": ""minimumUpdateIntervalMs"", ""type"": ""UINT32"", ""ctype"": ""UINT32"", ""attributes"": [""in""], ""in_param"": true, ""out_param"": false, ""optional"": false, ""string"": false, ""size_is"": null, ""length_is"": null, ""array"": null, ""sensitive"": false}, {""name"": ""suppressUserConfirmation"", ""type"": ""BOOLEAN"", ""ctype"": ""BOOLEAN"", ""attributes"": [""in""], ""in_param"": true, ""out_param"": false, ""optional"": false, ""string"": false, ""size_is"": null, ""length_is"": null, ""array"": null, ""sensitive"": false}, {""name"": ""queue"", ""type"": ""XTaskQueueHandle"", ""ctype"": ""XTaskQueueHandle"", ""attributes"": [""in"", ""optional""], ""in_param"": true, ""out_param"": false, ""optional"": true, ""string"": false, ""size_is"": null, ""length_is"": null, ""array"": null, ""sensitive"": false}, {""name"": ""installationMonitor"", ""type"": ""XPackageInstallationMonitorHandle *"", ""ctype"": ""XPackageInstallationMonitorHandle *"", ""attributes"": [""out""], ""in_param"": false, ""out_param"": true, ""optional"": false, ""string"": false, ""size_is"": null, ""length_is"": null, ""array"": null, ""sensitive"": false}]",[],stubbed_or_incomplete,"[{""kind"": ""FIXME"", ""file"": ""xpackage.c"", ""line"": 146, ""text"": ""FIXME( \""iface %p, packageIdentifier %s, selectorCount %u, selectors %p, minimumUpdateIntervalMs %u, suppressUserConfirmation %d, queue %p, installationMonitor %p stub!\\n\"", iface, debugstr_a( packageIdentifier ), selectorCount, selectors, minimumUpdateIntervalMs, suppressUserConfirmation, queue, installationMonitor );""}, {""kind"": ""stub"", ""file"": ""xpackage.c"", ""line"": 146, ""text"": ""FIXME( \""iface %p, packageIdentifier %s, selectorCount %u, selectors %p, minimumUpdateIntervalMs %u, suppressUserConfirmation %d, queue %p, installationMonitor %p stub!\\n\"", iface, debugstr_a( packageIdentifier ), selectorCount, selectors, minimumUpdateIntervalMs, suppressUserConfirmation, queue, installationMonitor );""}, {""kind"": ""E_NOTIMPL"", ""file"": ""xpackage.c"", ""line"": 147, ""text"": ""return E_NOTIMPL;""}]",False,https://learn.microsoft.com/gaming/gdk/docs/reference/system/xpackage/functions/xpackageinstallchunks,False,[],"[{""number"": 11, ""title"": ""GDK Integration Progress."", ""url"": ""https://github.com/xodus-gaming/xgameruntime/issues/11""}, {""number"": 16, ""title"": ""XPackage Implementation"", ""url"": ""https://github.com/xodus-gaming/xgameruntime/issues/16""}]",interface_method
3,720,XPackage,xpackage.idl,IXPackageImpl,3720de07-e8e4-44a3-ad32-b359e8adbe55,1,IUnknown,16,XPackageInstallChunksAsync,"HRESULT XPackageInstallChunksAsync([in, string] const char * packageIdentifier, [in] UINT32 selectorCount, [in, length_is(selectorCount)] XPackageChunkSelector * selectors, [in] UINT32 minimumUpdateIntervalMs, [in] BOOLEAN suppressUserConfirmation, [in, out] XAsyncBlock * asyncBlock)",HRESULT,"[{""name"": ""packageIdentifier"", ""type"": ""const char *"", ""ctype"": ""const char *"", ""attributes"": [""in"", ""string""], ""in_param"": true, ""out_param"": false, ""optional"": false, ""string"": true, ""size_is"": null, ""length_is"": null, ""array"": null, ""sensitive"": false}, {""name"": ""selectorCount"", ""type"": ""UINT32"", ""ctype"": ""UINT32"", ""attributes"": [""in""], ""in_param"": true, ""out_param"": false, ""optional"": false, ""string"": false, ""size_is"": null, ""length_is"": null, ""array"": null, ""sensitive"": false}, {""name"": ""selectors"", ""type"": ""XPackageChunkSelector *"", ""ctype"": ""XPackageChunkSelector *"", ""attributes"": [""in"", ""length_is(selectorCount)""], ""in_param"": true, ""out_param"": false, ""optional"": false, ""string"": false, ""size_is"": null, ""length_is"": ""selectorCount"", ""array"": ""*"", ""sensitive"": false}, {""name"": ""minimumUpdateIntervalMs"", ""type"": ""UINT32"", ""ctype"": ""UINT32"", ""attributes"": [""in""], ""in_param"": true, ""out_param"": false, ""optional"": false, ""string"": false, ""size_is"": null, ""length_is"": null, ""array"": null, ""sensitive"": false}, {""name"": ""suppressUserConfirmation"", ""type"": ""BOOLEAN"", ""ctype"": ""BOOLEAN"", ""attributes"": [""in""], ""in_param"": true, ""out_param"": false, ""optional"": false, ""string"": false, ""size_is"": null, ""length_is"": null, ""array"": null, ""sensitive"": false}, {""name"": ""asyncBlock"", ""type"": ""XAsyncBlock *"", ""ctype"": ""XAsyncBlock *"", ""attributes"": [""in"", ""out""], ""in_param"": true, ""out_param"": true, ""optional"": false, ""string"": false, ""size_is"": null, ""length_is"": null, ""array"": null, ""sensitive"": false}]",[],stubbed_or_incomplete,"[{""kind"": ""FIXME"", ""file"": ""xpackage.c"", ""line"": 152, ""text"": ""FIXME( \""iface %p, packageIdentifier %s, selectorCount %u, selectors %p, minimumUpdateIntervalMs %u, suppressUserConfirmation %d, asyncBlock %p stub!\\n\"", iface, packageIdentifier, selectorCount, selectors, minimumUpdateIntervalMs, suppressUserConfirmation, asyncBlock );""}, {""kind"": ""stub"", ""file"": ""xpackage.c"", ""line"": 152, ""text"": ""FIXME( \""iface %p, packageIdentifier %s, selectorCount %u, selectors %p, minimumUpdateIntervalMs %u, suppressUserConfirmation %d, asyncBlock %p stub!\\n\"", iface, packageIdentifier, selectorCount, selectors, minimumUpdateIntervalMs, suppressUserConfirmation, asyncBlock );""}, {""kind"": ""E_NOTIMPL"", ""file"": ""xpackage.c"", ""line"": 153, ""text"": ""return E_NOTIMPL;""}]",False,https://learn.microsoft.com/gaming/gdk/docs/reference/system/xpackage/functions/xpackageinstallchunksasync,False,[],"[{""number"": 11, ""title"": ""GDK Integration Progress."", ""url"": ""https://github.com/xodus-gaming/xgameruntime/issues/11""}, {""number"": 16, ""title"": ""XPackage Implementation"", ""url"": ""https://github.com/xodus-gaming/xgameruntime/issues/16""}]",interface_method
3,720,XPackage,xpackage.idl,IXPackageImpl,3720de07-e8e4-44a3-ad32-b359e8adbe55,1,IUnknown,17,XPackageInstallChunksResult,"HRESULT XPackageInstallChunksResult([in, out] XAsyncBlock * asyncBlock, [out] XPackageInstallationMonitorHandle * installationMonitor)",HRESULT,"[{""name"": ""asyncBlock"", ""type"": ""XAsyncBlock *"", ""ctype"": ""XAsyncBlock *"", ""attributes"": [""in"", ""out""], ""in_param"": true, ""out_param"": true, ""optional"": false, ""string"": false, ""size_is"": null, ""length_is"": null, ""array"": null, ""sensitive"": false}, {""name"": ""installationMonitor"", ""type"": ""XPackageInstallationMonitorHandle *"", ""ctype"": ""XPackageInstallationMonitorHandle *"", ""attributes"": [""out""], ""in_param"": false, ""out_param"": true, ""optional"": false, ""string"": false, ""size_is"": null, ""length_is"": null, ""array"": null, ""sensitive"": false}]",[],stubbed_or_incomplete,"[{""kind"": ""FIXME"", ""file"": ""xpackage.c"", ""line"": 158, ""text"": ""FIXME( \""iface %p, asyncBlock %p, installationMonitor %p stub!\\n\"", iface, asyncBlock, installationMonitor );""}, {""kind"": ""stub"", ""file"": ""xpackage.c"", ""line"": 158, ""text"": ""FIXME( \""iface %p, asyncBlock %p, installationMonitor %p stub!\\n\"", iface, asyncBlock, installationMonitor );""}, {""kind"": ""E_NOTIMPL"", ""file"": ""xpackage.c"", ""line"": 159, ""text"": ""return E_NOTIMPL;""}]",False,https://learn.microsoft.com/gaming/gdk/docs/reference/system/xpackage/functions/xpackageinstallchunksresult,False,[],"[{""number"": 11, ""title"": ""GDK Integration Progress."", ""url"": ""https://github.com/xodus-gaming/xgameruntime/issues/11""}, {""number"": 16, ""title"": ""XPackage Implementation"", ""url"": ""https://github.com/xodus-gaming/xgameruntime/issues/16""}]",interface_method
3,720,XPackage,xpackage.idl,IXPackageImpl,3720de07-e8e4-44a3-ad32-b359e8adbe55,1,IUnknown,18,XPackageEstimateDownloadSize,"HRESULT XPackageEstimateDownloadSize([in, string] const char * packageIdentifier, [in] UINT32 selectorCount, [in, length_is(selectorCount)] XPackageChunkSelector * selectors, [out] UINT64 * downloadSize, [out, optional] BOOLEAN * shouldPresentUserConfirmation)",HRESULT,"[{""name"": ""packageIdentifier"", ""type"": ""const char *"", ""ctype"": ""const char *"", ""attributes"": [""in"", ""string""], ""in_param"": true, ""out_param"": false, ""optional"": false, ""string"": true, ""size_is"": null, ""length_is"": null, ""array"": null, ""sensitive"": false}, {""name"": ""selectorCount"", ""type"": ""UINT32"", ""ctype"": ""UINT32"", ""attributes"": [""in""], ""in_param"": true, ""out_param"": false, ""optional"": false, ""string"": false, ""size_is"": null, ""length_is"": null, ""array"": null, ""sensitive"": false}, {""name"": ""selectors"", ""type"": ""XPackageChunkSelector *"", ""ctype"": ""XPackageChunkSelector *"", ""attributes"": [""in"", ""length_is(selectorCount)""], ""in_param"": true, ""out_param"": false, ""optional"": false, ""string"": false, ""size_is"": null, ""length_is"": ""selectorCount"", ""array"": ""*"", ""sensitive"": false}, {""name"": ""downloadSize"", ""type"": ""UINT64 *"", ""ctype"": ""UINT64 *"", ""attributes"": [""out""], ""in_param"": false, ""out_param"": true, ""optional"": false, ""string"": false, ""size_is"": null, ""length_is"": null, ""array"": null, ""sensitive"": false}, {""name"": ""shouldPresentUserConfirmation"", ""type"": ""BOOLEAN *"", ""ctype"": ""BOOLEAN *"", ""attributes"": [""out"", ""optional""], ""in_param"": false, ""out_param"": true, ""optional"": true, ""string"": false, ""size_is"": null, ""length_is"": null, ""array"": null, ""sensitive"": false}]",[],stubbed_or_incomplete,"[{""kind"": ""FIXME"", ""file"": ""xpackage.c"", ""line"": 164, ""text"": ""FIXME( \""iface %p, packageIdentifier %s, selectorCount %u, selectors %p, downloadSize %p, shouldPresentUserConfirmation %p stub!\\n\"", iface, packageIdentifier, selectorCount, selectors, downloadSize, shouldPresentUserConfirmation );""}, {""kind"": ""stub"", ""file"": ""xpackage.c"", ""line"": 164, ""text"": ""FIXME( \""iface %p, packageIdentifier %s, selectorCount %u, selectors %p, downloadSize %p, shouldPresentUserConfirmation %p stub!\\n\"", iface, packageIdentifier, selectorCount, selectors, downloadSize, shouldPresentUserConfirmation );""}, {""kind"": ""E_NOTIMPL"", ""file"": ""xpackage.c"", ""line"": 165, ""text"": ""return E_NOTIMPL;""}]",False,https://learn.microsoft.com/gaming/gdk/docs/reference/system/xpackage/functions/xpackageestimatedownloadsize,False,[],"[{""number"": 11, ""title"": ""GDK Integration Progress."", ""url"": ""https://github.com/xodus-gaming/xgameruntime/issues/11""}, {""number"": 16, ""title"": ""XPackage Implementation"", ""url"": ""https://github.com/xodus-gaming/xgameruntime/issues/16""}]",interface_method
3,720,XPackage,xpackage.idl,IXPackageImpl,3720de07-e8e4-44a3-ad32-b359e8adbe55,1,IUnknown,19,XPackageUninstallChunks,"HRESULT XPackageUninstallChunks([in, string] const char * packageIdentifier, [in] UINT32 selectorCount, [in, length_is(selectorCount)] XPackageChunkSelector * selectors)",HRESULT,"[{""name"": ""packageIdentifier"", ""type"": ""const char *"", ""ctype"": ""const char *"", ""attributes"": [""in"", ""string""], ""in_param"": true, ""out_param"": false, ""optional"": false, ""string"": true, ""size_is"": null, ""length_is"": null, ""array"": null, ""sensitive"": false}, {""name"": ""selectorCount"", ""type"": ""UINT32"", ""ctype"": ""UINT32"", ""attributes"": [""in""], ""in_param"": true, ""out_param"": false, ""optional"": false, ""string"": false, ""size_is"": null, ""length_is"": null, ""array"": null, ""sensitive"": false}, {""name"": ""selectors"", ""type"": ""XPackageChunkSelector *"", ""ctype"": ""XPackageChunkSelector *"", ""attributes"": [""in"", ""length_is(selectorCount)""], ""in_param"": true, ""out_param"": false, ""optional"": false, ""string"": false, ""size_is"": null, ""length_is"": ""selectorCount"", ""array"": ""*"", ""sensitive"": false}]",[],stubbed_or_incomplete,"[{""kind"": ""FIXME"", ""file"": ""xpackage.c"", ""line"": 170, ""text"": ""FIXME( \""iface %p, packageIdentifier %s, selectorCount %u, selectores %p stub!\\n\"", iface, packageIdentifier, selectorCount, selectors );""}, {""kind"": ""stub"", ""file"": ""xpackage.c"", ""line"": 170, ""text"": ""FIXME( \""iface %p, packageIdentifier %s, selectorCount %u, selectores %p stub!\\n\"", iface, packageIdentifier, selectorCount, selectors );""}, {""kind"": ""E_NOTIMPL"", ""file"": ""xpackage.c"", ""line"": 171, ""text"": ""return E_NOTIMPL;""}]",False,https://learn.microsoft.com/gaming/gdk/docs/reference/system/xpackage/functions/xpackageuninstallchunks,False,[],"[{""number"": 11, ""title"": ""GDK Integration Progress."", ""url"": ""https://github.com/xodus-gaming/xgameruntime/issues/11""}, {""number"": 16, ""title"": ""XPackage Implementation"", ""url"": ""https://github.com/xodus-gaming/xgameruntime/issues/16""}]",interface_method
3,720,XPackage,xpackage.idl,IXPackageImpl,3720de07-e8e4-44a3-ad32-b359e8adbe55,1,IUnknown,20,__PADDING__,HRESULT __PADDING__(),HRESULT,[],[],unknown_padding,"[{""kind"": ""E_NOTIMPL"", ""file"": ""xpackage.c"", ""line"": 177, ""text"": ""return E_NOTIMPL;""}]",False,,False,[],"[{""number"": 11, ""title"": ""GDK Integration Progress."", ""url"": ""https://github.com/xodus-gaming/xgameruntime/issues/11""}, {""number"": 16, ""title"": ""XPackage Implementation"", ""url"": ""https://github.com/xodus-gaming/xgameruntime/issues/16""}]",interface_method
3,720,XPackage,xpackage.idl,IXPackageImpl,3720de07-e8e4-44a3-ad32-b359e8adbe55,1,IUnknown,21,__PADDING_2__,HRESULT __PADDING_2__(),HRESULT,[],[],unknown_padding,"[{""kind"": ""E_NOTIMPL"", ""file"": ""xpackage.c"", ""line"": 177, ""text"": ""return E_NOTIMPL;""}]",False,,False,[],"[{""number"": 11, ""title"": ""GDK Integration Progress."", ""url"": ""https://github.com/xodus-gaming/xgameruntime/issues/11""}, {""number"": 16, ""title"": ""XPackage Implementation"", ""url"": ""https://github.com/xodus-gaming/xgameruntime/issues/16""}]",interface_method
3,720,XPackage,xpackage.idl,IXPackageImpl,3720de07-e8e4-44a3-ad32-b359e8adbe55,1,IUnknown,22,XPackageUnregisterPackageInstalled,"BOOLEAN XPackageUnregisterPackageInstalled([in] XTaskQueueRegistrationToken token, [in] BOOLEAN wait)",BOOLEAN,"[{""name"": ""token"", ""type"": ""XTaskQueueRegistrationToken"", ""ctype"": ""XTaskQueueRegistrationToken"", ""attributes"": [""in""], ""in_param"": true, ""out_param"": false, ""optional"": false, ""string"": false, ""size_is"": null, ""length_is"": null, ""array"": null, ""sensitive"": true}, {""name"": ""wait"", ""type"": ""BOOLEAN"", ""ctype"": ""BOOLEAN"", ""attributes"": [""in""], ""in_param"": true, ""out_param"": false, ""optional"": false, ""string"": false, ""size_is"": null, ""length_is"": null, ""array"": null, ""sensitive"": false}]",[],stubbed_or_incomplete,"[{""kind"": ""FIXME"", ""file"": ""xpackage.c"", ""line"": 188, ""text"": ""FIXME( \""iface %p, token %p, wait %d stub!\\n\"", iface, &token, wait );""}, {""kind"": ""stub"", ""file"": ""xpackage.c"", ""line"": 188, ""text"": ""FIXME( \""iface %p, token %p, wait %d stub!\\n\"", iface, &token, wait );""}]",False,https://learn.microsoft.com/gaming/gdk/docs/reference/system/xpackage/functions/xpackageunregisterpackageinstalled,False,[],"[{""number"": 11, ""title"": ""GDK Integration Progress."", ""url"": ""https://github.com/xodus-gaming/xgameruntime/issues/11""}, {""number"": 16, ""title"": ""XPackage Implementation"", ""url"": ""https://github.com/xodus-gaming/xgameruntime/issues/16""}]",interface_method
3,720,XPackage,xpackage.idl,IXPackageImpl,3720de07-e8e4-44a3-ad32-b359e8adbe55,1,IUnknown,23,XPackageMount,"HRESULT XPackageMount([in, string] const char * packageIdentifier, [out] XPackageMountHandle * mount)",HRESULT,"[{""name"": ""packageIdentifier"", ""type"": ""const char *"", ""ctype"": ""const char *"", ""attributes"": [""in"", ""string""], ""in_param"": true, ""out_param"": false, ""optional"": false, ""string"": true, ""size_is"": null, ""length_is"": null, ""array"": null, ""sensitive"": false}, {""name"": ""mount"", ""type"": ""XPackageMountHandle *"", ""ctype"": ""XPackageMountHandle *"", ""attributes"": [""out""], ""in_param"": false, ""out_param"": true, ""optional"": false, ""string"": false, ""size_is"": null, ""length_is"": null, ""array"": null, ""sensitive"": false}]",[],stubbed_or_incomplete,"[{""kind"": ""FIXME"", ""file"": ""xpackage.c"", ""line"": 194, ""text"": ""FIXME( \""iface %p, packageIdentifier %s, mount %p stub!\\n\"", iface, debugstr_a( packageIdentifier ), mount );""}, {""kind"": ""stub"", ""file"": ""xpackage.c"", ""line"": 194, ""text"": ""FIXME( \""iface %p, packageIdentifier %s, mount %p stub!\\n\"", iface, debugstr_a( packageIdentifier ), mount );""}, {""kind"": ""E_NOTIMPL"", ""file"": ""xpackage.c"", ""line"": 195, ""text"": ""return E_NOTIMPL;""}]",False,https://learn.microsoft.com/gaming/gdk/docs/reference/system/xpackage/functions/xpackagemount,False,[],"[{""number"": 11, ""title"": ""GDK Integration Progress."", ""url"": ""https://github.com/xodus-gaming/xgameruntime/issues/11""}, {""number"": 16, ""title"": ""XPackage Implementation"", ""url"": ""https://github.com/xodus-gaming/xgameruntime/issues/16""}]",interface_method
3,720,XPackage,xpackage.idl,IXPackageImpl,3720de07-e8e4-44a3-ad32-b359e8adbe55,1,IUnknown,24,XPackageGetMountPathSize,"HRESULT XPackageGetMountPathSize([in] XPackageMountHandle mount, [out] SIZE_T * pathSize)",HRESULT,"[{""name"": ""mount"", ""type"": ""XPackageMountHandle"", ""ctype"": ""XPackageMountHandle"", ""attributes"": [""in""], ""in_param"": true, ""out_param"": false, ""optional"": false, ""string"": false, ""size_is"": null, ""length_is"": null, ""array"": null, ""sensitive"": false}, {""name"": ""pathSize"", ""type"": ""SIZE_T *"", ""ctype"": ""SIZE_T *"", ""attributes"": [""out""], ""in_param"": false, ""out_param"": true, ""optional"": false, ""string"": false, ""size_is"": null, ""length_is"": null, ""array"": null, ""sensitive"": false}]",[],stubbed_or_incomplete,"[{""kind"": ""FIXME"", ""file"": ""xpackage.c"", ""line"": 200, ""text"": ""FIXME( \""iface %p, mount %p, pathSize %p stub!\\n\"", iface, mount, pathSize );""}, {""kind"": ""stub"", ""file"": ""xpackage.c"", ""line"": 200, ""text"": ""FIXME( \""iface %p, mount %p, pathSize %p stub!\\n\"", iface, mount, pathSize );""}, {""kind"": ""E_NOTIMPL"", ""file"": ""xpackage.c"", ""line"": 201, ""text"": ""return E_NOTIMPL;""}]",False,https://learn.microsoft.com/gaming/gdk/docs/reference/system/xpackage/functions/xpackagegetmountpathsize,False,[],"[{""number"": 11, ""title"": ""GDK Integration Progress."", ""url"": ""https://github.com/xodus-gaming/xgameruntime/issues/11""}, {""number"": 16, ""title"": ""XPackage Implementation"", ""url"": ""https://github.com/xodus-gaming/xgameruntime/issues/16""}]",interface_method
3,720,XPackage,xpackage.idl,IXPackageImpl,3720de07-e8e4-44a3-ad32-b359e8adbe55,1,IUnknown,25,XPackageGetMountPath,"HRESULT XPackageGetMountPath([in] XPackageMountHandle mount, [in] SIZE_T pathSize, [out, size_is(pathSize)] char * path)",HRESULT,"[{""name"": ""mount"", ""type"": ""XPackageMountHandle"", ""ctype"": ""XPackageMountHandle"", ""attributes"": [""in""], ""in_param"": true, ""out_param"": false, ""optional"": false, ""string"": false, ""size_is"": null, ""length_is"": null, ""array"": null, ""sensitive"": false}, {""name"": ""pathSize"", ""type"": ""SIZE_T"", ""ctype"": ""SIZE_T"", ""attributes"": [""in""], ""in_param"": true, ""out_param"": false, ""optional"": false, ""string"": false, ""size_is"": null, ""length_is"": null, ""array"": null, ""sensitive"": false}, {""name"": ""path"", ""type"": ""char *"", ""ctype"": ""char *"", ""attributes"": [""out"", ""size_is(pathSize)""], ""in_param"": false, ""out_param"": true, ""optional"": false, ""string"": false, ""size_is"": ""pathSize"", ""length_is"": null, ""array"": null, ""sensitive"": false}]",[],stubbed_or_incomplete,"[{""kind"": ""FIXME"", ""file"": ""xpackage.c"", ""line"": 206, ""text"": ""FIXME( \""iface %p, mount %p, pathSize %Iu, path %p stub!\\n\"", iface, mount, pathSize, path );""}, {""kind"": ""stub"", ""file"": ""xpackage.c"", ""line"": 206, ""text"": ""FIXME( \""iface %p, mount %p, pathSize %Iu, path %p stub!\\n\"", iface, mount, pathSize, path );""}, {""kind"": ""E_NOTIMPL"", ""file"": ""xpackage.c"", ""line"": 207, ""text"": ""return E_NOTIMPL;""}]",False,https://learn.microsoft.com/gaming/gdk/docs/reference/system/xpackage/functions/xpackagegetmountpath,False,[],"[{""number"": 11, ""title"": ""GDK Integration Progress."", ""url"": ""https://github.com/xodus-gaming/xgameruntime/issues/11""}, {""number"": 16, ""title"": ""XPackage Implementation"", ""url"": ""https://github.com/xodus-gaming/xgameruntime/issues/16""}]",interface_method
3,720,XPackage,xpackage.idl,IXPackageImpl,3720de07-e8e4-44a3-ad32-b359e8adbe55,1,IUnknown,26,XPackageCloseMountHandle,void XPackageCloseMountHandle([in] XPackageMountHandle mount),void,"[{""name"": ""mount"", ""type"": ""XPackageMountHandle"", ""ctype"": ""XPackageMountHandle"", ""attributes"": [""in""], ""in_param"": true, ""out_param"": false, ""optional"": false, ""string"": false, ""size_is"": null, ""length_is"": null, ""array"": null, ""sensitive"": false}]",[],stubbed_or_incomplete,"[{""kind"": ""FIXME"", ""file"": ""xpackage.c"", ""line"": 212, ""text"": ""FIXME( \""iface %p, mount %p stub!\\n\"", iface, mount );""}, {""kind"": ""stub"", ""file"": ""xpackage.c"", ""line"": 212, ""text"": ""FIXME( \""iface %p, mount %p stub!\\n\"", iface, mount );""}]",False,https://learn.microsoft.com/gaming/gdk/docs/reference/system/xpackage/functions/xpackageclosemounthandle,False,[],"[{""number"": 11, ""title"": ""GDK Integration Progress."", ""url"": ""https://github.com/xodus-gaming/xgameruntime/issues/11""}, {""number"": 16, ""title"": ""XPackage Implementation"", ""url"": ""https://github.com/xodus-gaming/xgameruntime/issues/16""}]",interface_method
3,720,XPackage,xpackage.idl,IXPackageImpl,3720de07-e8e4-44a3-ad32-b359e8adbe55,1,IUnknown,27,__PADDING_3__,HRESULT __PADDING_3__(),HRESULT,[],[],unknown_padding,"[{""kind"": ""E_NOTIMPL"", ""file"": ""xpackage.c"", ""line"": 177, ""text"": ""return E_NOTIMPL;""}]",False,,False,[],"[{""number"": 11, ""title"": ""GDK Integration Progress."", ""url"": ""https://github.com/xodus-gaming/xgameruntime/issues/11""}, {""number"": 16, ""title"": ""XPackage Implementation"", ""url"": ""https://github.com/xodus-gaming/xgameruntime/issues/16""}]",interface_method
3,720,XPackage,xpackage.idl,IXPackageImpl,3720de07-e8e4-44a3-ad32-b359e8adbe55,1,IUnknown,28,XPackageEnumeratePackages,"HRESULT XPackageEnumeratePackages([in] XPackageKind kind, [in] XPackageEnumerationScope scope, [in, optional] void * context, [in] XPackageEnumerationCallback * callback)",HRESULT,"[{""name"": ""kind"", ""type"": ""XPackageKind"", ""ctype"": ""XPackageKind"", ""attributes"": [""in""], ""in_param"": true, ""out_param"": false, ""optional"": false, ""string"": false, ""size_is"": null, ""length_is"": null, ""array"": null, ""sensitive"": false}, {""name"": ""scope"", ""type"": ""XPackageEnumerationScope"", ""ctype"": ""XPackageEnumerationScope"", ""attributes"": [""in""], ""in_param"": true, ""out_param"": false, ""optional"": false, ""string"": false, ""size_is"": null, ""length_is"": null, ""array"": null, ""sensitive"": false}, {""name"": ""context"", ""type"": ""void *"", ""ctype"": ""void *"", ""attributes"": [""in"", ""optional""], ""in_param"": true, ""out_param"": false, ""optional"": true, ""string"": false, ""size_is"": null, ""length_is"": null, ""array"": null, ""sensitive"": false}, {""name"": ""callback"", ""type"": ""XPackageEnumerationCallback *"", ""ctype"": ""XPackageEnumerationCallback *"", ""attributes"": [""in""], ""in_param"": true, ""out_param"": false, ""optional"": false, ""string"": false, ""size_is"": null, ""length_is"": null, ""array"": null, ""sensitive"": false}]",[],stubbed_or_incomplete,"[{""kind"": ""FIXME"", ""file"": ""xpackage.c"", ""line"": 223, ""text"": ""FIXME( \""iface %p, kind %d, scope %d, context %p, callback %p stub!\\n\"", iface, kind, scope, context, callback );""}, {""kind"": ""stub"", ""file"": ""xpackage.c"", ""line"": 223, ""text"": ""FIXME( \""iface %p, kind %d, scope %d, context %p, callback %p stub!\\n\"", iface, kind, scope, context, callback );""}, {""kind"": ""E_NOTIMPL"", ""file"": ""xpackage.c"", ""line"": 224, ""text"": ""return E_NOTIMPL;""}]",False,https://learn.microsoft.com/gaming/gdk/docs/reference/system/xpackage/functions/xpackageenumeratepackages,False,[],"[{""number"": 11, ""title"": ""GDK Integration Progress."", ""url"": ""https://github.com/xodus-gaming/xgameruntime/issues/11""}, {""number"": 16, ""title"": ""XPackage Implementation"", ""url"": ""https://github.com/xodus-gaming/xgameruntime/issues/16""}]",interface_method
3,720,XPackage,xpackage.idl,IXPackageImpl,3720de07-e8e4-44a3-ad32-b359e8adbe55,1,IUnknown,29,XPackageRegisterPackageInstalled,"HRESULT XPackageRegisterPackageInstalled([in] XTaskQueueHandle queue, [in, optional] void * context, [in] XPackageInstalledCallback * callback, [out] XTaskQueueRegistrationToken * token)",HRESULT,"[{""name"": ""queue"", ""type"": ""XTaskQueueHandle"", ""ctype"": ""XTaskQueueHandle"", ""attributes"": [""in""], ""in_param"": true, ""out_param"": false, ""optional"": false, ""string"": false, ""size_is"": null, ""length_is"": null, ""array"": null, ""sensitive"": false}, {""name"": ""context"", ""type"": ""void *"", ""ctype"": ""void *"", ""attributes"": [""in"", ""optional""], ""in_param"": true, ""out_param"": false, ""optional"": true, ""string"": false, ""size_is"": null, ""length_is"": null, ""array"": null, ""sensitive"": false}, {""name"": ""callback"", ""type"": ""XPackageInstalledCallback *"", ""ctype"": ""XPackageInstalledCallback *"", ""attributes"": [""in""], ""in_param"": true, ""out_param"": false, ""optional"": false, ""string"": false, ""size_is"": null, ""length_is"": null, ""array"": null, ""sensitive"": false}, {""name"": ""token"", ""type"": ""XTaskQueueRegistrationToken *"", ""ctype"": ""XTaskQueueRegistrationToken *"", ""attributes"": [""out""], ""in_param"": false, ""out_param"": true, ""optional"": false, ""string"": false, ""size_is"": null, ""length_is"": null, ""array"": null, ""sensitive"": true}]",[],stubbed_or_incomplete,"[{""kind"": ""FIXME"", ""file"": ""xpackage.c"", ""line"": 229, ""text"": ""FIXME( \""iface %p, queue %p, context %p, callback %p, token %p stub!\\n\"", iface, queue, context, callback, token );""}, {""kind"": ""stub"", ""file"": ""xpackage.c"", ""line"": 229, ""text"": ""FIXME( \""iface %p, queue %p, context %p, callback %p, token %p stub!\\n\"", iface, queue, context, callback, token );""}, {""kind"": ""E_NOTIMPL"", ""file"": ""xpackage.c"", ""line"": 230, ""text"": ""return E_NOTIMPL;""}]",False,https://learn.microsoft.com/gaming/gdk/docs/reference/system/xpackage/functions/xpackageregisterpackageinstalled,False,[],"[{""number"": 11, ""title"": ""GDK Integration Progress."", ""url"": ""https://github.com/xodus-gaming/xgameruntime/issues/11""}, {""number"": 16, ""title"": ""XPackage Implementation"", ""url"": ""https://github.com/xodus-gaming/xgameruntime/issues/16""}]",interface_method
3,720,XPackage,xpackage.idl,IXPackageImpl,3720de07-e8e4-44a3-ad32-b359e8adbe55,1,IUnknown,30,XPackageGetWriteStats,HRESULT XPackageGetWriteStats([out] XPackageWriteStats * writeStats),HRESULT,"[{""name"": ""writeStats"", ""type"": ""XPackageWriteStats *"", ""ctype"": ""XPackageWriteStats *"", ""attributes"": [""out""], ""in_param"": false, ""out_param"": true, ""optional"": false, ""string"": false, ""size_is"": null, ""length_is"": null, ""array"": null, ""sensitive"": false}]",[],stubbed_or_incomplete,"[{""kind"": ""FIXME"", ""file"": ""xpackage.c"", ""line"": 235, ""text"": ""FIXME( \""iface %p, writeStats %p stub!\\n\"", iface, writeStats );""}, {""kind"": ""stub"", ""file"": ""xpackage.c"", ""line"": 235, ""text"": ""FIXME( \""iface %p, writeStats %p stub!\\n\"", iface, writeStats );""}, {""kind"": ""E_NOTIMPL"", ""file"": ""xpackage.c"", ""line"": 236, ""text"": ""return E_NOTIMPL;""}]",False,https://learn.microsoft.com/gaming/gdk/docs/reference/system/xpackage/functions/xpackagegetwritestats,False,[],"[{""number"": 11, ""title"": ""GDK Integration Progress."", ""url"": ""https://github.com/xodus-gaming/xgameruntime/issues/11""}, {""number"": 16, ""title"": ""XPackage Implementation"", ""url"": ""https://github.com/xodus-gaming/xgameruntime/issues/16""}]",interface_method
3,720,XPackage,xpackage.idl,IXPackageImpl,3720de07-e8e4-44a3-ad32-b359e8adbe55,1,IUnknown,31,__PADDING_4__,HRESULT __PADDING_4__(),HRESULT,[],[],unknown_padding,"[{""kind"": ""E_NOTIMPL"", ""file"": ""xpackage.c"", ""line"": 177, ""text"": ""return E_NOTIMPL;""}]",False,,False,[],"[{""number"": 11, ""title"": ""GDK Integration Progress."", ""url"": ""https://github.com/xodus-gaming/xgameruntime/issues/11""}, {""number"": 16, ""title"": ""XPackage Implementation"", ""url"": ""https://github.com/xodus-gaming/xgameruntime/issues/16""}]",interface_method
3,720,XPackage,xpackage.idl,IXPackageImpl,3720de07-e8e4-44a3-ad32-b359e8adbe55,1,IUnknown,32,XPackageUninstallUWPInstance,"HRESULT XPackageUninstallUWPInstance([in, string] const char * packageName)",HRESULT,"[{""name"": ""packageName"", ""type"": ""const char *"", ""ctype"": ""const char *"", ""attributes"": [""in"", ""string""], ""in_param"": true, ""out_param"": false, ""optional"": false, ""string"": true, ""size_is"": null, ""length_is"": null, ""array"": null, ""sensitive"": false}]",[],stubbed_or_incomplete,"[{""kind"": ""FIXME"", ""file"": ""xpackage.c"", ""line"": 247, ""text"": ""FIXME( \""iface %p, packageName %s stub!\\n\"", iface, debugstr_a( packageName ) );""}, {""kind"": ""stub"", ""file"": ""xpackage.c"", ""line"": 247, ""text"": ""FIXME( \""iface %p, packageName %s stub!\\n\"", iface, debugstr_a( packageName ) );""}, {""kind"": ""E_NOTIMPL"", ""file"": ""xpackage.c"", ""line"": 248, ""text"": ""return E_NOTIMPL;""}]",False,https://learn.microsoft.com/gaming/gdk/docs/reference/system/xpackage/functions/xpackageuninstalluwpinstance,False,[],"[{""number"": 11, ""title"": ""GDK Integration Progress."", ""url"": ""https://github.com/xodus-gaming/xgameruntime/issues/11""}, {""number"": 16, ""title"": ""XPackage Implementation"", ""url"": ""https://github.com/xodus-gaming/xgameruntime/issues/16""}]",interface_method
3,720,XPackage,xpackage.idl,IXPackageImpl,3720de07-e8e4-44a3-ad32-b359e8adbe55,1,IUnknown,33,XPackageEnumerateFeatures,"HRESULT XPackageEnumerateFeatures([in, string] const char * packageIdentifier, [in, optional] void * context, [in] XPackageFeatureEnumerationCallback * callback)",HRESULT,"[{""name"": ""packageIdentifier"", ""type"": ""const char *"", ""ctype"": ""const char *"", ""attributes"": [""in"", ""string""], ""in_param"": true, ""out_param"": false, ""optional"": false, ""string"": true, ""size_is"": null, ""length_is"": null, ""array"": null, ""sensitive"": false}, {""name"": ""context"", ""type"": ""void *"", ""ctype"": ""void *"", ""attributes"": [""in"", ""optional""], ""in_param"": true, ""out_param"": false, ""optional"": true, ""string"": false, ""size_is"": null, ""length_is"": null, ""array"": null, ""sensitive"": false}, {""name"": ""callback"", ""type"": ""XPackageFeatureEnumerationCallback *"", ""ctype"": ""XPackageFeatureEnumerationCallback *"", ""attributes"": [""in""], ""in_param"": true, ""out_param"": false, ""optional"": false, ""string"": false, ""size_is"": null, ""length_is"": null, ""array"": null, ""sensitive"": false}]",[],stubbed_or_incomplete,"[{""kind"": ""FIXME"", ""file"": ""xpackage.c"", ""line"": 253, ""text"": ""FIXME( \""iface %p, packageIdentifier %s, context %p, callback %p stub!\\n\"", iface, packageIdentifier, context, callback );""}, {""kind"": ""stub"", ""file"": ""xpackage.c"", ""line"": 253, ""text"": ""FIXME( \""iface %p, packageIdentifier %s, context %p, callback %p stub!\\n\"", iface, packageIdentifier, context, callback );""}, {""kind"": ""E_NOTIMPL"", ""file"": ""xpackage.c"", ""line"": 254, ""text"": ""return E_NOTIMPL;""}]",False,https://learn.microsoft.com/gaming/gdk/docs/reference/system/xpackage/functions/xpackageenumeratefeatures,False,[],"[{""number"": 11, ""title"": ""GDK Integration Progress."", ""url"": ""https://github.com/xodus-gaming/xgameruntime/issues/11""}, {""number"": 16, ""title"": ""XPackage Implementation"", ""url"": ""https://github.com/xodus-gaming/xgameruntime/issues/16""}]",interface_method
3,720,XPackage,xpackage.idl,IXPackageImpl,3720de07-e8e4-44a3-ad32-b359e8adbe55,1,IUnknown,34,XPackageUninstallPackage,"BOOLEAN XPackageUninstallPackage([in, string] const char * packageIdentifier)",BOOLEAN,"[{""name"": ""packageIdentifier"", ""type"": ""const char *"", ""ctype"": ""const char *"", ""attributes"": [""in"", ""string""], ""in_param"": true, ""out_param"": false, ""optional"": false, ""string"": true, ""size_is"": null, ""length_is"": null, ""array"": null, ""sensitive"": false}]",[],stubbed_or_incomplete,"[{""kind"": ""FIXME"", ""file"": ""xpackage.c"", ""line"": 259, ""text"": ""FIXME( \""iface %p, packageIdentifier %s\"", iface, debugstr_a( packageIdentifier ) );""}]",False,https://learn.microsoft.com/gaming/gdk/docs/reference/system/xpackage/functions/xpackageuninstallpackage,False,[],"[{""number"": 11, ""title"": ""GDK Integration Progress."", ""url"": ""https://github.com/xodus-gaming/xgameruntime/issues/11""}, {""number"": 16, ""title"": ""XPackage Implementation"", ""url"": ""https://github.com/xodus-gaming/xgameruntime/issues/16""}]",interface_method
3,720,XPackage,xpackage.idl,IXPackageImpl2,f92d8712-2b27-4d8a-bf01-11a6f8e3eb42,2,IXPackageImpl,35,XPackageEnumeratePackages,"HRESULT XPackageEnumeratePackages([in] XPackageKind kind, [in] XPackageEnumerationScope scope, [in, optional] void * context, [in] XPackageEnumerationCallback * callback)",HRESULT,"[{""name"": ""kind"", ""type"": ""XPackageKind"", ""ctype"": ""XPackageKind"", ""attributes"": [""in""], ""in_param"": true, ""out_param"": false, ""optional"": false, ""string"": false, ""size_is"": null, ""length_is"": null, ""array"": null, ""sensitive"": false}, {""name"": ""scope"", ""type"": ""XPackageEnumerationScope"", ""ctype"": ""XPackageEnumerationScope"", ""attributes"": [""in""], ""in_param"": true, ""out_param"": false, ""optional"": false, ""string"": false, ""size_is"": null, ""length_is"": null, ""array"": null, ""sensitive"": false}, {""name"": ""context"", ""type"": ""void *"", ""ctype"": ""void *"", ""attributes"": [""in"", ""optional""], ""in_param"": true, ""out_param"": false, ""optional"": true, ""string"": false, ""size_is"": null, ""length_is"": null, ""array"": null, ""sensitive"": false}, {""name"": ""callback"", ""type"": ""XPackageEnumerationCallback *"", ""ctype"": ""XPackageEnumerationCallback *"", ""attributes"": [""in""], ""in_param"": true, ""out_param"": false, ""optional"": false, ""string"": false, ""size_is"": null, ""length_is"": null, ""array"": null, ""sensitive"": false}]",[],stubbed_or_incomplete,"[{""kind"": ""FIXME"", ""file"": ""xpackage.c"", ""line"": 223, ""text"": ""FIXME( \""iface %p, kind %d, scope %d, context %p, callback %p stub!\\n\"", iface, kind, scope, context, callback );""}, {""kind"": ""stub"", ""file"": ""xpackage.c"", ""line"": 223, ""text"": ""FIXME( \""iface %p, kind %d, scope %d, context %p, callback %p stub!\\n\"", iface, kind, scope, context, callback );""}, {""kind"": ""E_NOTIMPL"", ""file"": ""xpackage.c"", ""line"": 224, ""text"": ""return E_NOTIMPL;""}]",False,https://learn.microsoft.com/gaming/gdk/docs/reference/system/xpackage/functions/xpackageenumeratepackages,False,[],"[{""number"": 11, ""title"": ""GDK Integration Progress."", ""url"": ""https://github.com/xodus-gaming/xgameruntime/issues/11""}, {""number"": 16, ""title"": ""XPackage Implementation"", ""url"": ""https://github.com/xodus-gaming/xgameruntime/issues/16""}]",interface_method
3,720,XPackage,xpackage.idl,IXPackageImpl2,f92d8712-2b27-4d8a-bf01-11a6f8e3eb42,2,IXPackageImpl,36,XPackageRegisterPackageInstalled,"HRESULT XPackageRegisterPackageInstalled([in] XTaskQueueHandle queue, [in, optional] void * context, [in] XPackageInstalledCallback * callback, [out] XTaskQueueRegistrationToken * token)",HRESULT,"[{""name"": ""queue"", ""type"": ""XTaskQueueHandle"", ""ctype"": ""XTaskQueueHandle"", ""attributes"": [""in""], ""in_param"": true, ""out_param"": false, ""optional"": false, ""string"": false, ""size_is"": null, ""length_is"": null, ""array"": null, ""sensitive"": false}, {""name"": ""context"", ""type"": ""void *"", ""ctype"": ""void *"", ""attributes"": [""in"", ""optional""], ""in_param"": true, ""out_param"": false, ""optional"": true, ""string"": false, ""size_is"": null, ""length_is"": null, ""array"": null, ""sensitive"": false}, {""name"": ""callback"", ""type"": ""XPackageInstalledCallback *"", ""ctype"": ""XPackageInstalledCallback *"", ""attributes"": [""in""], ""in_param"": true, ""out_param"": false, ""optional"": false, ""string"": false, ""size_is"": null, ""length_is"": null, ""array"": null, ""sensitive"": false}, {""name"": ""token"", ""type"": ""XTaskQueueRegistrationToken *"", ""ctype"": ""XTaskQueueRegistrationToken *"", ""attributes"": [""out""], ""in_param"": false, ""out_param"": true, ""optional"": false, ""string"": false, ""size_is"": null, ""length_is"": null, ""array"": null, ""sensitive"": true}]",[],stubbed_or_incomplete,"[{""kind"": ""FIXME"", ""file"": ""xpackage.c"", ""line"": 229, ""text"": ""FIXME( \""iface %p, queue %p, context %p, callback %p, token %p stub!\\n\"", iface, queue, context, callback, token );""}, {""kind"": ""stub"", ""file"": ""xpackage.c"", ""line"": 229, ""text"": ""FIXME( \""iface %p, queue %p, context %p, callback %p, token %p stub!\\n\"", iface, queue, context, callback, token );""}, {""kind"": ""E_NOTIMPL"", ""file"": ""xpackage.c"", ""line"": 230, ""text"": ""return E_NOTIMPL;""}]",False,https://learn.microsoft.com/gaming/gdk/docs/reference/system/xpackage/functions/xpackageregisterpackageinstalled,False,[],"[{""number"": 11, ""title"": ""GDK Integration Progress."", ""url"": ""https://github.com/xodus-gaming/xgameruntime/issues/11""}, {""number"": 16, ""title"": ""XPackage Implementation"", ""url"": ""https://github.com/xodus-gaming/xgameruntime/issues/16""}]",interface_method
3,720,XPackage,xpackage.idl,IXPackageImpl2,f92d8712-2b27-4d8a-bf01-11a6f8e3eb42,2,IXPackageImpl,37,XPackageMountWithUiAsync,"HRESULT XPackageMountWithUiAsync([in, string] const char * packageIdentifier, [in, out] XAsyncBlock * async)",HRESULT,"[{""name"": ""packageIdentifier"", ""type"": ""const char *"", ""ctype"": ""const char *"", ""attributes"": [""in"", ""string""], ""in_param"": true, ""out_param"": false, ""optional"": false, ""string"": true, ""size_is"": null, ""length_is"": null, ""array"": null, ""sensitive"": false}, {""name"": ""async"", ""type"": ""XAsyncBlock *"", ""ctype"": ""XAsyncBlock *"", ""attributes"": [""in"", ""out""], ""in_param"": true, ""out_param"": true, ""optional"": false, ""string"": false, ""size_is"": null, ""length_is"": null, ""array"": null, ""sensitive"": false}]",[],stubbed_or_incomplete,"[{""kind"": ""FIXME"", ""file"": ""xpackage.c"", ""line"": 277, ""text"": ""FIXME( \""iface %p, packageIdentifier %s, async %p stub!\\n\"", iface, debugstr_a( packageIdentifier ), async );""}, {""kind"": ""stub"", ""file"": ""xpackage.c"", ""line"": 277, ""text"": ""FIXME( \""iface %p, packageIdentifier %s, async %p stub!\\n\"", iface, debugstr_a( packageIdentifier ), async );""}, {""kind"": ""E_NOTIMPL"", ""file"": ""xpackage.c"", ""line"": 278, ""text"": ""return E_NOTIMPL;""}]",False,https://learn.microsoft.com/gaming/gdk/docs/reference/system/xpackage/functions/xpackagemountwithuiasync,False,[],"[{""number"": 11, ""title"": ""GDK Integration Progress."", ""url"": ""https://github.com/xodus-gaming/xgameruntime/issues/11""}, {""number"": 16, ""title"": ""XPackage Implementation"", ""url"": ""https://github.com/xodus-gaming/xgameruntime/issues/16""}]",interface_method
3,720,XPackage,xpackage.idl,IXPackageImpl2,f92d8712-2b27-4d8a-bf01-11a6f8e3eb42,2,IXPackageImpl,38,XPackageMountWithUiResult,"HRESULT XPackageMountWithUiResult([in, out] XAsyncBlock * async, [out] XPackageMountHandle * mount)",HRESULT,"[{""name"": ""async"", ""type"": ""XAsyncBlock *"", ""ctype"": ""XAsyncBlock *"", ""attributes"": [""in"", ""out""], ""in_param"": true, ""out_param"": true, ""optional"": false, ""string"": false, ""size_is"": null, ""length_is"": null, ""array"": null, ""sensitive"": false}, {""name"": ""mount"", ""type"": ""XPackageMountHandle *"", ""ctype"": ""XPackageMountHandle *"", ""attributes"": [""out""], ""in_param"": false, ""out_param"": true, ""optional"": false, ""string"": false, ""size_is"": null, ""length_is"": null, ""array"": null, ""sensitive"": false}]",[],stubbed_or_incomplete,"[{""kind"": ""FIXME"", ""file"": ""xpackage.c"", ""line"": 283, ""text"": ""FIXME( \""iface %p, async %p, mount %p stub!\\n\"", iface, async, mount );""}, {""kind"": ""stub"", ""file"": ""xpackage.c"", ""line"": 283, ""text"": ""FIXME( \""iface %p, async %p, mount %p stub!\\n\"", iface, async, mount );""}, {""kind"": ""E_NOTIMPL"", ""file"": ""xpackage.c"", ""line"": 284, ""text"": ""return E_NOTIMPL;""}]",False,https://learn.microsoft.com/gaming/gdk/docs/reference/system/xpackage/functions/xpackagemountwithuiresult,False,[],"[{""number"": 11, ""title"": ""GDK Integration Progress."", ""url"": ""https://github.com/xodus-gaming/xgameruntime/issues/11""}, {""number"": 16, ""title"": ""XPackage Implementation"", ""url"": ""https://github.com/xodus-gaming/xgameruntime/issues/16""}]",interface_method
3,720,XPackage,xpackage.idl,IXPackageImpl3,e2a4734b-2f4a-456d-aa8f-d065e04fb209,3,IXPackageImpl2,39,XPackageEnumeratePackages,"HRESULT XPackageEnumeratePackages([in] XPackageKind kind, [in] XPackageEnumerationScope scope, [in, optional] void * context, [in] XPackageEnumerationCallback * callback)",HRESULT,"[{""name"": ""kind"", ""type"": ""XPackageKind"", ""ctype"": ""XPackageKind"", ""attributes"": [""in""], ""in_param"": true, ""out_param"": false, ""optional"": false, ""string"": false, ""size_is"": null, ""length_is"": null, ""array"": null, ""sensitive"": false}, {""name"": ""scope"", ""type"": ""XPackageEnumerationScope"", ""ctype"": ""XPackageEnumerationScope"", ""attributes"": [""in""], ""in_param"": true, ""out_param"": false, ""optional"": false, ""string"": false, ""size_is"": null, ""length_is"": null, ""array"": null, ""sensitive"": false}, {""name"": ""context"", ""type"": ""void *"", ""ctype"": ""void *"", ""attributes"": [""in"", ""optional""], ""in_param"": true, ""out_param"": false, ""optional"": true, ""string"": false, ""size_is"": null, ""length_is"": null, ""array"": null, ""sensitive"": false}, {""name"": ""callback"", ""type"": ""XPackageEnumerationCallback *"", ""ctype"": ""XPackageEnumerationCallback *"", ""attributes"": [""in""], ""in_param"": true, ""out_param"": false, ""optional"": false, ""string"": false, ""size_is"": null, ""length_is"": null, ""array"": null, ""sensitive"": false}]",[],stubbed_or_incomplete,"[{""kind"": ""FIXME"", ""file"": ""xpackage.c"", ""line"": 223, ""text"": ""FIXME( \""iface %p, kind %d, scope %d, context %p, callback %p stub!\\n\"", iface, kind, scope, context, callback );""}, {""kind"": ""stub"", ""file"": ""xpackage.c"", ""line"": 223, ""text"": ""FIXME( \""iface %p, kind %d, scope %d, context %p, callback %p stub!\\n\"", iface, kind, scope, context, callback );""}, {""kind"": ""E_NOTIMPL"", ""file"": ""xpackage.c"", ""line"": 224, ""text"": ""return E_NOTIMPL;""}]",False,https://learn.microsoft.com/gaming/gdk/docs/reference/system/xpackage/functions/xpackageenumeratepackages,False,[],"[{""number"": 11, ""title"": ""GDK Integration Progress."", ""url"": ""https://github.com/xodus-gaming/xgameruntime/issues/11""}, {""number"": 16, ""title"": ""XPackage Implementation"", ""url"": ""https://github.com/xodus-gaming/xgameruntime/issues/16""}]",interface_method
3,720,XPackage,xpackage.idl,IXPackageImpl3,e2a4734b-2f4a-456d-aa8f-d065e04fb209,3,IXPackageImpl2,40,XPackageRegisterPackageInstalled,"HRESULT XPackageRegisterPackageInstalled([in] XTaskQueueHandle queue, [in, optional] void * context, [in] XPackageInstalledCallback * callback, [out] XTaskQueueRegistrationToken * token)",HRESULT,"[{""name"": ""queue"", ""type"": ""XTaskQueueHandle"", ""ctype"": ""XTaskQueueHandle"", ""attributes"": [""in""], ""in_param"": true, ""out_param"": false, ""optional"": false, ""string"": false, ""size_is"": null, ""length_is"": null, ""array"": null, ""sensitive"": false}, {""name"": ""context"", ""type"": ""void *"", ""ctype"": ""void *"", ""attributes"": [""in"", ""optional""], ""in_param"": true, ""out_param"": false, ""optional"": true, ""string"": false, ""size_is"": null, ""length_is"": null, ""array"": null, ""sensitive"": false}, {""name"": ""callback"", ""type"": ""XPackageInstalledCallback *"", ""ctype"": ""XPackageInstalledCallback *"", ""attributes"": [""in""], ""in_param"": true, ""out_param"": false, ""optional"": false, ""string"": false, ""size_is"": null, ""length_is"": null, ""array"": null, ""sensitive"": false}, {""name"": ""token"", ""type"": ""XTaskQueueRegistrationToken *"", ""ctype"": ""XTaskQueueRegistrationToken *"", ""attributes"": [""out""], ""in_param"": false, ""out_param"": true, ""optional"": false, ""string"": false, ""size_is"": null, ""length_is"": null, ""array"": null, ""sensitive"": true}]",[],stubbed_or_incomplete,"[{""kind"": ""FIXME"", ""file"": ""xpackage.c"", ""line"": 229, ""text"": ""FIXME( \""iface %p, queue %p, context %p, callback %p, token %p stub!\\n\"", iface, queue, context, callback, token );""}, {""kind"": ""stub"", ""file"": ""xpackage.c"", ""line"": 229, ""text"": ""FIXME( \""iface %p, queue %p, context %p, callback %p, token %p stub!\\n\"", iface, queue, context, callback, token );""}, {""kind"": ""E_NOTIMPL"", ""file"": ""xpackage.c"", ""line"": 230, ""text"": ""return E_NOTIMPL;""}]",False,https://learn.microsoft.com/gaming/gdk/docs/reference/system/xpackage/functions/xpackageregisterpackageinstalled,False,[],"[{""number"": 11, ""title"": ""GDK Integration Progress."", ""url"": ""https://github.com/xodus-gaming/xgameruntime/issues/11""}, {""number"": 16, ""title"": ""XPackage Implementation"", ""url"": ""https://github.com/xodus-gaming/xgameruntime/issues/16""}]",interface_method
3,720,XPackage,xpackage.idl,IXPackageImpl4,0b9d556e-ab70-43f4-baa0-9999ac4cb040,4,IXPackageImpl3,41,XPackageGetKind,"HRESULT XPackageGetKind([in, string] const char * packageIdentifier, [out] XPackageKind * kind)",HRESULT,"[{""name"": ""packageIdentifier"", ""type"": ""const char *"", ""ctype"": ""const char *"", ""attributes"": [""in"", ""string""], ""in_param"": true, ""out_param"": false, ""optional"": false, ""string"": true, ""size_is"": null, ""length_is"": null, ""array"": null, ""sensitive"": false}, {""name"": ""kind"", ""type"": ""XPackageKind *"", ""ctype"": ""XPackageKind *"", ""attributes"": [""out""], ""in_param"": false, ""out_param"": true, ""optional"": false, ""string"": false, ""size_is"": null, ""length_is"": null, ""array"": null, ""sensitive"": false}]",[],stubbed_or_incomplete,"[{""kind"": ""FIXME"", ""file"": ""xpackage.c"", ""line"": 301, ""text"": ""FIXME( \""iface %p, packageIdentifier %s, kind %p stub!\\n\"", iface, debugstr_a( packageIdentifier ), kind );""}, {""kind"": ""stub"", ""file"": ""xpackage.c"", ""line"": 301, ""text"": ""FIXME( \""iface %p, packageIdentifier %s, kind %p stub!\\n\"", iface, debugstr_a( packageIdentifier ), kind );""}, {""kind"": ""E_NOTIMPL"", ""file"": ""xpackage.c"", ""line"": 302, ""text"": ""return E_NOTIMPL;""}]",False,,False,[],"[{""number"": 11, ""title"": ""GDK Integration Progress."", ""url"": ""https://github.com/xodus-gaming/xgameruntime/issues/11""}, {""number"": 16, ""title"": ""XPackage Implementation"", ""url"": ""https://github.com/xodus-gaming/xgameruntime/issues/16""}]",interface_method
4,620,XGameActivation,xgameactivation.idl,IXGameActivationImpl,2e4f76fe-0fc7-461e-ab4d-a4499434c3cf,1,IUnknown,3,XGameActivationRegisterForEvent,"HRESULT XGameActivationRegisterForEvent([in, optional] XTaskQueueHandle queue, [in, optional] void * context, [in] XGameActivationCallback * callback, [out] XTaskQueueRegistrationToken * token)",HRESULT,"[{""name"": ""queue"", ""type"": ""XTaskQueueHandle"", ""ctype"": ""XTaskQueueHandle"", ""attributes"": [""in"", ""optional""], ""in_param"": true, ""out_param"": false, ""optional"": true, ""string"": false, ""size_is"": null, ""length_is"": null, ""array"": null, ""sensitive"": false}, {""name"": ""context"", ""type"": ""void *"", ""ctype"": ""void *"", ""attributes"": [""in"", ""optional""], ""in_param"": true, ""out_param"": false, ""optional"": true, ""string"": false, ""size_is"": null, ""length_is"": null, ""array"": null, ""sensitive"": false}, {""name"": ""callback"", ""type"": ""XGameActivationCallback *"", ""ctype"": ""XGameActivationCallback *"", ""attributes"": [""in""], ""in_param"": true, ""out_param"": false, ""optional"": false, ""string"": false, ""size_is"": null, ""length_is"": null, ""array"": null, ""sensitive"": false}, {""name"": ""token"", ""type"": ""XTaskQueueRegistrationToken *"", ""ctype"": ""XTaskQueueRegistrationToken *"", ""attributes"": [""out""], ""in_param"": false, ""out_param"": true, ""optional"": false, ""string"": false, ""size_is"": null, ""length_is"": null, ""array"": null, ""sensitive"": true}]",[],stubbed_or_incomplete,"[{""kind"": ""FIXME"", ""file"": ""xgameactivation.c"", ""line"": 73, ""text"": ""FIXME( \""iface %p, queue %p, context %p, callback %p, token %p stub!\\n\"", iface, queue, context, callback, token );""}, {""kind"": ""stub"", ""file"": ""xgameactivation.c"", ""line"": 73, ""text"": ""FIXME( \""iface %p, queue %p, context %p, callback %p, token %p stub!\\n\"", iface, queue, context, callback, token );""}, {""kind"": ""E_NOTIMPL"", ""file"": ""xgameactivation.c"", ""line"": 74, ""text"": ""return E_NOTIMPL;""}]",False,https://learn.microsoft.com/gaming/gdk/docs/reference/system/xgameactivation/functions/xgameactivationregisterforevent,False,[],"[{""number"": 11, ""title"": ""GDK Integration Progress."", ""url"": ""https://github.com/xodus-gaming/xgameruntime/issues/11""}]",interface_method
4,620,XGameActivation,xgameactivation.idl,IXGameActivationImpl,2e4f76fe-0fc7-461e-ab4d-a4499434c3cf,1,IUnknown,4,XGameActivationUnregisterForEvent,"BOOLEAN XGameActivationUnregisterForEvent([in] XTaskQueueRegistrationToken token, [in] BOOLEAN wait)",BOOLEAN,"[{""name"": ""token"", ""type"": ""XTaskQueueRegistrationToken"", ""ctype"": ""XTaskQueueRegistrationToken"", ""attributes"": [""in""], ""in_param"": true, ""out_param"": false, ""optional"": false, ""string"": false, ""size_is"": null, ""length_is"": null, ""array"": null, ""sensitive"": true}, {""name"": ""wait"", ""type"": ""BOOLEAN"", ""ctype"": ""BOOLEAN"", ""attributes"": [""in""], ""in_param"": true, ""out_param"": false, ""optional"": false, ""string"": false, ""size_is"": null, ""length_is"": null, ""array"": null, ""sensitive"": false}]",[],stubbed_or_incomplete,"[{""kind"": ""FIXME"", ""file"": ""xgameactivation.c"", ""line"": 79, ""text"": ""FIXME( \""iface %p, token %p, wait %d stub!\\n\"", iface, &token, wait );""}, {""kind"": ""stub"", ""file"": ""xgameactivation.c"", ""line"": 79, ""text"": ""FIXME( \""iface %p, token %p, wait %d stub!\\n\"", iface, &token, wait );""}]",False,https://learn.microsoft.com/gaming/gdk/docs/reference/system/xgameactivation/functions/xgameactivationunregisterforevent,False,[],"[{""number"": 11, ""title"": ""GDK Integration Progress."", ""url"": ""https://github.com/xodus-gaming/xgameruntime/issues/11""}]",interface_method
4,620,XGameActivation,xgameactivation.idl,IXGameActivationImpl,2e4f76fe-0fc7-461e-ab4d-a4499434c3cf,1,IUnknown,5,XGameActivationAcceptPendingInvite,"HRESULT XGameActivationAcceptPendingInvite([in, string] const char * inviteUri)",HRESULT,"[{""name"": ""inviteUri"", ""type"": ""const char *"", ""ctype"": ""const char *"", ""attributes"": [""in"", ""string""], ""in_param"": true, ""out_param"": false, ""optional"": false, ""string"": true, ""size_is"": null, ""length_is"": null, ""array"": null, ""sensitive"": false}]",[],stubbed_or_incomplete,"[{""kind"": ""FIXME"", ""file"": ""xgameactivation.c"", ""line"": 85, ""text"": ""FIXME( \""iface %p, inviteUri %s stub!\\n\"", iface, debugstr_a( inviteUri ) );""}, {""kind"": ""stub"", ""file"": ""xgameactivation.c"", ""line"": 85, ""text"": ""FIXME( \""iface %p, inviteUri %s stub!\\n\"", iface, debugstr_a( inviteUri ) );""}, {""kind"": ""E_NOTIMPL"", ""file"": ""xgameactivation.c"", ""line"": 86, ""text"": ""return E_NOTIMPL;""}]",False,https://learn.microsoft.com/gaming/gdk/docs/reference/system/xgameactivation/functions/xgameactivationacceptpendinginvite,False,[],"[{""number"": 11, ""title"": ""GDK Integration Progress."", ""url"": ""https://github.com/xodus-gaming/xgameruntime/issues/11""}]",interface_method
4,620,XGameEvent,xgameevent.idl,IXGameEventImpl,bbfbdcc7-bfe7-409b-a5ca-edf054960b4d,1,IUnknown,3,XGameEventWrite,"HRESULT XGameEventWrite([in] XUserHandle user, [in, string] const char * serviceConfigId, [in, string] const char * playSessionId, [in, string] const char * eventName, [in, optional, string] const char * dimensionsJson, [in, optional, string] const char * measurementsJson)",HRESULT,"[{""name"": ""user"", ""type"": ""XUserHandle"", ""ctype"": ""XUserHandle"", ""attributes"": [""in""], ""in_param"": true, ""out_param"": false, ""optional"": false, ""string"": false, ""size_is"": null, ""length_is"": null, ""array"": null, ""sensitive"": false}, {""name"": ""serviceConfigId"", ""type"": ""const char *"", ""ctype"": ""const char *"", ""attributes"": [""in"", ""string""], ""in_param"": true, ""out_param"": false, ""optional"": false, ""string"": true, ""size_is"": null, ""length_is"": null, ""array"": null, ""sensitive"": false}, {""name"": ""playSessionId"", ""type"": ""const char *"", ""ctype"": ""const char *"", ""attributes"": [""in"", ""string""], ""in_param"": true, ""out_param"": false, ""optional"": false, ""string"": true, ""size_is"": null, ""length_is"": null, ""array"": null, ""sensitive"": false}, {""name"": ""eventName"", ""type"": ""const char *"", ""ctype"": ""const char *"", ""attributes"": [""in"", ""string""], ""in_param"": true, ""out_param"": false, ""optional"": false, ""string"": true, ""size_is"": null, ""length_is"": null, ""array"": null, ""sensitive"": false}, {""name"": ""dimensionsJson"", ""type"": ""const char *"", ""ctype"": ""const char *"", ""attributes"": [""in"", ""optional"", ""string""], ""in_param"": true, ""out_param"": false, ""optional"": true, ""string"": true, ""size_is"": null, ""length_is"": null, ""array"": null, ""sensitive"": false}, {""name"": ""measurementsJson"", ""type"": ""const char *"", ""ctype"": ""const char *"", ""attributes"": [""in"", ""optional"", ""string""], ""in_param"": true, ""out_param"": false, ""optional"": true, ""string"": true, ""size_is"": null, ""length_is"": null, ""array"": null, ""sensitive"": false}]",[],stubbed_or_incomplete,"[{""kind"": ""FIXME"", ""file"": ""xgameevent.c"", ""line"": 73, ""text"": ""FIXME( \""iface %p, user %p, serviceConfigId %s, playSessionId %s, eventName %s, dimensionsJson %s, measurementsJson %s stub!\\n\"", iface, user, debugstr_a( serviceConfigId ), debugstr_a( playSessionId ), debugstr_a( eventName ), debugstr_a( dimensionsJson ), debugstr_a( measurementsJson ) );""}, {""kind"": ""stub"", ""file"": ""xgameevent.c"", ""line"": 73, ""text"": ""FIXME( \""iface %p, user %p, serviceConfigId %s, playSessionId %s, eventName %s, dimensionsJson %s, measurementsJson %s stub!\\n\"", iface, user, debugstr_a( serviceConfigId ), debugstr_a( playSessionId ), debugstr_a( eventName ), debugstr_a( dimensionsJson ), debugstr_a( measurementsJson ) );""}, {""kind"": ""E_NOTIMPL"", ""file"": ""xgameevent.c"", ""line"": 74, ""text"": ""return E_NOTIMPL;""}]",False,https://learn.microsoft.com/gaming/gdk/docs/reference/system/xgameevent/functions/xgameeventwrite,False,[],"[{""number"": 11, ""title"": ""GDK Integration Progress."", ""url"": ""https://github.com/xodus-gaming/xgameruntime/issues/11""}]",interface_method
4,620,XGameInvite,xgameinvite.idl,IXGameInviteImpl,0651aae2-4012-4077-bf84-8b9097090e2c,1,IUnknown,3,XGameInviteRegisterForEvent,"HRESULT XGameInviteRegisterForEvent([in, optional] XTaskQueueHandle queue, [in, optional] void * context, [in] XGameInviteEventCallback * callback, [out] XTaskQueueRegistrationToken * token)",HRESULT,"[{""name"": ""queue"", ""type"": ""XTaskQueueHandle"", ""ctype"": ""XTaskQueueHandle"", ""attributes"": [""in"", ""optional""], ""in_param"": true, ""out_param"": false, ""optional"": true, ""string"": false, ""size_is"": null, ""length_is"": null, ""array"": null, ""sensitive"": false}, {""name"": ""context"", ""type"": ""void *"", ""ctype"": ""void *"", ""attributes"": [""in"", ""optional""], ""in_param"": true, ""out_param"": false, ""optional"": true, ""string"": false, ""size_is"": null, ""length_is"": null, ""array"": null, ""sensitive"": false}, {""name"": ""callback"", ""type"": ""XGameInviteEventCallback *"", ""ctype"": ""XGameInviteEventCallback *"", ""attributes"": [""in""], ""in_param"": true, ""out_param"": false, ""optional"": false, ""string"": false, ""size_is"": null, ""length_is"": null, ""array"": null, ""sensitive"": false}, {""name"": ""token"", ""type"": ""XTaskQueueRegistrationToken *"", ""ctype"": ""XTaskQueueRegistrationToken *"", ""attributes"": [""out""], ""in_param"": false, ""out_param"": true, ""optional"": false, ""string"": false, ""size_is"": null, ""length_is"": null, ""array"": null, ""sensitive"": true}]",[],stubbed_or_incomplete,"[{""kind"": ""FIXME"", ""file"": ""xgameinvite.c"", ""line"": 74, ""text"": ""FIXME( \""iface %p, queue %p, context %p, callback %p, token %p stub!\\n\"", iface, queue, context, callback, token );""}, {""kind"": ""stub"", ""file"": ""xgameinvite.c"", ""line"": 74, ""text"": ""FIXME( \""iface %p, queue %p, context %p, callback %p, token %p stub!\\n\"", iface, queue, context, callback, token );""}, {""kind"": ""E_NOTIMPL"", ""file"": ""xgameinvite.c"", ""line"": 75, ""text"": ""return E_NOTIMPL;""}]",False,https://learn.microsoft.com/gaming/gdk/docs/reference/system/xgameinvite/functions/xgameinviteregisterforevent,False,[],"[{""number"": 11, ""title"": ""GDK Integration Progress."", ""url"": ""https://github.com/xodus-gaming/xgameruntime/issues/11""}]",interface_method
4,620,XGameInvite,xgameinvite.idl,IXGameInviteImpl,0651aae2-4012-4077-bf84-8b9097090e2c,1,IUnknown,4,XGameInviteUnregisterForEvent,"BOOLEAN XGameInviteUnregisterForEvent([in] XTaskQueueRegistrationToken token, [in] BOOLEAN wait)",BOOLEAN,"[{""name"": ""token"", ""type"": ""XTaskQueueRegistrationToken"", ""ctype"": ""XTaskQueueRegistrationToken"", ""attributes"": [""in""], ""in_param"": true, ""out_param"": false, ""optional"": false, ""string"": false, ""size_is"": null, ""length_is"": null, ""array"": null, ""sensitive"": true}, {""name"": ""wait"", ""type"": ""BOOLEAN"", ""ctype"": ""BOOLEAN"", ""attributes"": [""in""], ""in_param"": true, ""out_param"": false, ""optional"": false, ""string"": false, ""size_is"": null, ""length_is"": null, ""array"": null, ""sensitive"": false}]",[],stubbed_or_incomplete,"[{""kind"": ""FIXME"", ""file"": ""xgameinvite.c"", ""line"": 80, ""text"": ""FIXME( \""iface %p, token %p, wait %d stub!\\n\"", iface, &token, wait );""}, {""kind"": ""stub"", ""file"": ""xgameinvite.c"", ""line"": 80, ""text"": ""FIXME( \""iface %p, token %p, wait %d stub!\\n\"", iface, &token, wait );""}]",False,https://learn.microsoft.com/gaming/gdk/docs/reference/system/xgameinvite/functions/xgameinviteunregisterforevent,False,[],"[{""number"": 11, ""title"": ""GDK Integration Progress."", ""url"": ""https://github.com/xodus-gaming/xgameruntime/issues/11""}]",interface_method
4,620,XGameInvite,xgameinvite.idl,IXGameInviteImpl2,014d1cc3-bcfe-41ff-b2f0-e1ef07155828,2,IXGameInviteImpl,5,XGameInviteRegisterForPendingEvent,"HRESULT XGameInviteRegisterForPendingEvent([in, optional] XTaskQueueHandle queue, [in, optional] void * context, [in] XGameInviteEventCallback * callback, [out] XTaskQueueRegistrationToken * token)",HRESULT,"[{""name"": ""queue"", ""type"": ""XTaskQueueHandle"", ""ctype"": ""XTaskQueueHandle"", ""attributes"": [""in"", ""optional""], ""in_param"": true, ""out_param"": false, ""optional"": true, ""string"": false, ""size_is"": null, ""length_is"": null, ""array"": null, ""sensitive"": false}, {""name"": ""context"", ""type"": ""void *"", ""ctype"": ""void *"", ""attributes"": [""in"", ""optional""], ""in_param"": true, ""out_param"": false, ""optional"": true, ""string"": false, ""size_is"": null, ""length_is"": null, ""array"": null, ""sensitive"": false}, {""name"": ""callback"", ""type"": ""XGameInviteEventCallback *"", ""ctype"": ""XGameInviteEventCallback *"", ""attributes"": [""in""], ""in_param"": true, ""out_param"": false, ""optional"": false, ""string"": false, ""size_is"": null, ""length_is"": null, ""array"": null, ""sensitive"": false}, {""name"": ""token"", ""type"": ""XTaskQueueRegistrationToken *"", ""ctype"": ""XTaskQueueRegistrationToken *"", ""attributes"": [""out""], ""in_param"": false, ""out_param"": true, ""optional"": false, ""string"": false, ""size_is"": null, ""length_is"": null, ""array"": null, ""sensitive"": true}]",[],stubbed_or_incomplete,"[{""kind"": ""FIXME"", ""file"": ""xgameinvite.c"", ""line"": 86, ""text"": ""FIXME( \""iface %p, queue %p, context %p, callback %p, token %p stub!\\n\"", iface, queue, context, callback, token );""}, {""kind"": ""stub"", ""file"": ""xgameinvite.c"", ""line"": 86, ""text"": ""FIXME( \""iface %p, queue %p, context %p, callback %p, token %p stub!\\n\"", iface, queue, context, callback, token );""}, {""kind"": ""E_NOTIMPL"", ""file"": ""xgameinvite.c"", ""line"": 87, ""text"": ""return E_NOTIMPL;""}]",False,,False,[],"[{""number"": 11, ""title"": ""GDK Integration Progress."", ""url"": ""https://github.com/xodus-gaming/xgameruntime/issues/11""}]",interface_method
4,620,XGameInvite,xgameinvite.idl,IXGameInviteImpl2,014d1cc3-bcfe-41ff-b2f0-e1ef07155828,2,IXGameInviteImpl,6,XGameInviteUnregisterForPendingEvent,"BOOLEAN XGameInviteUnregisterForPendingEvent([in] XTaskQueueRegistrationToken token, [in] BOOLEAN wait)",BOOLEAN,"[{""name"": ""token"", ""type"": ""XTaskQueueRegistrationToken"", ""ctype"": ""XTaskQueueRegistrationToken"", ""attributes"": [""in""], ""in_param"": true, ""out_param"": false, ""optional"": false, ""string"": false, ""size_is"": null, ""length_is"": null, ""array"": null, ""sensitive"": true}, {""name"": ""wait"", ""type"": ""BOOLEAN"", ""ctype"": ""BOOLEAN"", ""attributes"": [""in""], ""in_param"": true, ""out_param"": false, ""optional"": false, ""string"": false, ""size_is"": null, ""length_is"": null, ""array"": null, ""sensitive"": false}]",[],stubbed_or_incomplete,"[{""kind"": ""FIXME"", ""file"": ""xgameinvite.c"", ""line"": 92, ""text"": ""FIXME( \""iface %p, token %p, wait %d stub!\\n\"", iface, &token, wait );""}, {""kind"": ""stub"", ""file"": ""xgameinvite.c"", ""line"": 92, ""text"": ""FIXME( \""iface %p, token %p, wait %d stub!\\n\"", iface, &token, wait );""}]",False,,False,[],"[{""number"": 11, ""title"": ""GDK Integration Progress."", ""url"": ""https://github.com/xodus-gaming/xgameruntime/issues/11""}]",interface_method
4,620,XGameInvite,xgameinvite.idl,IXGameInviteImpl2,014d1cc3-bcfe-41ff-b2f0-e1ef07155828,2,IXGameInviteImpl,7,XGameInviteAcceptPendingInvite,"HRESULT XGameInviteAcceptPendingInvite([in, string] const char * inviteUri)",HRESULT,"[{""name"": ""inviteUri"", ""type"": ""const char *"", ""ctype"": ""const char *"", ""attributes"": [""in"", ""string""], ""in_param"": true, ""out_param"": false, ""optional"": false, ""string"": true, ""size_is"": null, ""length_is"": null, ""array"": null, ""sensitive"": false}]",[],stubbed_or_incomplete,"[{""kind"": ""FIXME"", ""file"": ""xgameinvite.c"", ""line"": 98, ""text"": ""FIXME( \""iface %p, inviteUri %s stub!\\n\"", iface, debugstr_a( inviteUri ) );""}, {""kind"": ""stub"", ""file"": ""xgameinvite.c"", ""line"": 98, ""text"": ""FIXME( \""iface %p, inviteUri %s stub!\\n\"", iface, debugstr_a( inviteUri ) );""}, {""kind"": ""E_NOTIMPL"", ""file"": ""xgameinvite.c"", ""line"": 99, ""text"": ""return E_NOTIMPL;""}]",False,,False,[],"[{""number"": 11, ""title"": ""GDK Integration Progress."", ""url"": ""https://github.com/xodus-gaming/xgameruntime/issues/11""}]",interface_method
4,620,XGameProtocol,xgameprotocol.idl,IXGameProtocolImpl,026b010c-06c3-4cdd-bbcb-43f229db1cff,1,IUnknown,3,XGameProtocolRegisterForActivation,"HRESULT XGameProtocolRegisterForActivation([in, optional] XTaskQueueHandle queue, [in, optional] void * context, [in] XGameProtocolActivationCallback * callback, [out] XTaskQueueRegistrationToken * token)",HRESULT,"[{""name"": ""queue"", ""type"": ""XTaskQueueHandle"", ""ctype"": ""XTaskQueueHandle"", ""attributes"": [""in"", ""optional""], ""in_param"": true, ""out_param"": false, ""optional"": true, ""string"": false, ""size_is"": null, ""length_is"": null, ""array"": null, ""sensitive"": false}, {""name"": ""context"", ""type"": ""void *"", ""ctype"": ""void *"", ""attributes"": [""in"", ""optional""], ""in_param"": true, ""out_param"": false, ""optional"": true, ""string"": false, ""size_is"": null, ""length_is"": null, ""array"": null, ""sensitive"": false}, {""name"": ""callback"", ""type"": ""XGameProtocolActivationCallback *"", ""ctype"": ""XGameProtocolActivationCallback *"", ""attributes"": [""in""], ""in_param"": true, ""out_param"": false, ""optional"": false, ""string"": false, ""size_is"": null, ""length_is"": null, ""array"": null, ""sensitive"": false}, {""name"": ""token"", ""type"": ""XTaskQueueRegistrationToken *"", ""ctype"": ""XTaskQueueRegistrationToken *"", ""attributes"": [""out""], ""in_param"": false, ""out_param"": true, ""optional"": false, ""string"": false, ""size_is"": null, ""length_is"": null, ""array"": null, ""sensitive"": true}]",[],stubbed_or_incomplete,"[{""kind"": ""FIXME"", ""file"": ""xgameprotocol.c"", ""line"": 73, ""text"": ""FIXME( \""iface %p, queue %p, context %p, callback %p, token %p stub!\\n\"", iface, queue, context, callback, token );""}, {""kind"": ""stub"", ""file"": ""xgameprotocol.c"", ""line"": 73, ""text"": ""FIXME( \""iface %p, queue %p, context %p, callback %p, token %p stub!\\n\"", iface, queue, context, callback, token );""}, {""kind"": ""E_NOTIMPL"", ""file"": ""xgameprotocol.c"", ""line"": 74, ""text"": ""return E_NOTIMPL;""}]",False,https://learn.microsoft.com/gaming/gdk/docs/reference/system/xgameprotocol/functions/xgameprotocolregisterforactivation,False,[],"[{""number"": 11, ""title"": ""GDK Integration Progress."", ""url"": ""https://github.com/xodus-gaming/xgameruntime/issues/11""}]",interface_method
4,620,XGameProtocol,xgameprotocol.idl,IXGameProtocolImpl,026b010c-06c3-4cdd-bbcb-43f229db1cff,1,IUnknown,4,XGameProtocolUnregisterForActivation,"BOOLEAN XGameProtocolUnregisterForActivation([in] XTaskQueueRegistrationToken token, [in] BOOLEAN wait)",BOOLEAN,"[{""name"": ""token"", ""type"": ""XTaskQueueRegistrationToken"", ""ctype"": ""XTaskQueueRegistrationToken"", ""attributes"": [""in""], ""in_param"": true, ""out_param"": false, ""optional"": false, ""string"": false, ""size_is"": null, ""length_is"": null, ""array"": null, ""sensitive"": true}, {""name"": ""wait"", ""type"": ""BOOLEAN"", ""ctype"": ""BOOLEAN"", ""attributes"": [""in""], ""in_param"": true, ""out_param"": false, ""optional"": false, ""string"": false, ""size_is"": null, ""length_is"": null, ""array"": null, ""sensitive"": false}]",[],stubbed_or_incomplete,"[{""kind"": ""FIXME"", ""file"": ""xgameprotocol.c"", ""line"": 79, ""text"": ""FIXME( \""iface %p, token %p, wait %d stub!\\n\"", iface, &token, wait );""}, {""kind"": ""stub"", ""file"": ""xgameprotocol.c"", ""line"": 79, ""text"": ""FIXME( \""iface %p, token %p, wait %d stub!\\n\"", iface, &token, wait );""}]",False,https://learn.microsoft.com/gaming/gdk/docs/reference/system/xgameprotocol/functions/xgameprotocolunregisterforactivation,False,[],"[{""number"": 11, ""title"": ""GDK Integration Progress."", ""url"": ""https://github.com/xodus-gaming/xgameruntime/issues/11""}]",interface_method
4,620,XGameUI,xgameui.idl,IXGameUiImpl,6eeaa73e-9669-43ad-a2c7-d0da4e1f50a1,1,IUnknown,3,XGameUiShowMessageDialogAsync,"HRESULT XGameUiShowMessageDialogAsync([in, out] XAsyncBlock * async, [in, string] const char * titleText, [in, string] const char * contentText, [in, optional, string] const char * firstButtonText, [in, optional, string] const char * secondButtonText, [in, optional, string] const char * thirdButtonText, [in] XGameUiMessageDialogButton defaultButton, [in] XGameUiMessageDialogButton cancelButton)",HRESULT,"[{""name"": ""async"", ""type"": ""XAsyncBlock *"", ""ctype"": ""XAsyncBlock *"", ""attributes"": [""in"", ""out""], ""in_param"": true, ""out_param"": true, ""optional"": false, ""string"": false, ""size_is"": null, ""length_is"": null, ""array"": null, ""sensitive"": false}, {""name"": ""titleText"", ""type"": ""const char *"", ""ctype"": ""const char *"", ""attributes"": [""in"", ""string""], ""in_param"": true, ""out_param"": false, ""optional"": false, ""string"": true, ""size_is"": null, ""length_is"": null, ""array"": null, ""sensitive"": false}, {""name"": ""contentText"", ""type"": ""const char *"", ""ctype"": ""const char *"", ""attributes"": [""in"", ""string""], ""in_param"": true, ""out_param"": false, ""optional"": false, ""string"": true, ""size_is"": null, ""length_is"": null, ""array"": null, ""sensitive"": false}, {""name"": ""firstButtonText"", ""type"": ""const char *"", ""ctype"": ""const char *"", ""attributes"": [""in"", ""optional"", ""string""], ""in_param"": true, ""out_param"": false, ""optional"": true, ""string"": true, ""size_is"": null, ""length_is"": null, ""array"": null, ""sensitive"": false}, {""name"": ""secondButtonText"", ""type"": ""const char *"", ""ctype"": ""const char *"", ""attributes"": [""in"", ""optional"", ""string""], ""in_param"": true, ""out_param"": false, ""optional"": true, ""string"": true, ""size_is"": null, ""length_is"": null, ""array"": null, ""sensitive"": false}, {""name"": ""thirdButtonText"", ""type"": ""const char *"", ""ctype"": ""const char *"", ""attributes"": [""in"", ""optional"", ""string""], ""in_param"": true, ""out_param"": false, ""optional"": true, ""string"": true, ""size_is"": null, ""length_is"": null, ""array"": null, ""sensitive"": false}, {""name"": ""defaultButton"", ""type"": ""XGameUiMessageDialogButton"", ""ctype"": ""XGameUiMessageDialogButton"", ""attributes"": [""in""], ""in_param"": true, ""out_param"": false, ""optional"": false, ""string"": false, ""size_is"": null, ""length_is"": null, ""array"": null, ""sensitive"": false}, {""name"": ""cancelButton"", ""type"": ""XGameUiMessageDialogButton"", ""ctype"": ""XGameUiMessageDialogButton"", ""attributes"": [""in""], ""in_param"": true, ""out_param"": false, ""optional"": false, ""string"": false, ""size_is"": null, ""length_is"": null, ""array"": null, ""sensitive"": false}]",[],stubbed_or_incomplete,"[{""kind"": ""FIXME"", ""file"": ""xgameui.c"", ""line"": 76, ""text"": ""FIXME( \""iface %p, async %p, titleText %s, contentText %s, firstButtonText %s, secondButtonText %s, thirdButtonText %s, defaultButton %d, cancelButton %d stub!\\n\"", iface, async, debugstr_a( titleText ), debugstr_a( contentText ), debugstr_a( firstButtonText ), debugstr_a( secondButtonText ), debugstr_a( thirdButtonText ), defaultButton, cancelButton );""}, {""kind"": ""stub"", ""file"": ""xgameui.c"", ""line"": 76, ""text"": ""FIXME( \""iface %p, async %p, titleText %s, contentText %s, firstButtonText %s, secondButtonText %s, thirdButtonText %s, defaultButton %d, cancelButton %d stub!\\n\"", iface, async, debugstr_a( titleText ), debugstr_a( contentText ), debugstr_a( firstButtonText ), debugstr_a( secondButtonText ), debugstr_a( thirdButtonText ), defaultButton, cancelButton );""}, {""kind"": ""E_NOTIMPL"", ""file"": ""xgameui.c"", ""line"": 77, ""text"": ""return E_NOTIMPL;""}]",False,https://learn.microsoft.com/gaming/gdk/docs/reference/system/xgameui/functions/xgameuishowmessagedialogasync,False,[],"[{""number"": 11, ""title"": ""GDK Integration Progress."", ""url"": ""https://github.com/xodus-gaming/xgameruntime/issues/11""}, {""number"": 15, ""title"": ""XGameUi Implementation"", ""url"": ""https://github.com/xodus-gaming/xgameruntime/issues/15""}]",interface_method
4,620,XGameUI,xgameui.idl,IXGameUiImpl,6eeaa73e-9669-43ad-a2c7-d0da4e1f50a1,1,IUnknown,4,XGameUiShowMessageDialogResult,"HRESULT XGameUiShowMessageDialogResult([in, out] XAsyncBlock * async, [out] XGameUiMessageDialogButton * resultButton)",HRESULT,"[{""name"": ""async"", ""type"": ""XAsyncBlock *"", ""ctype"": ""XAsyncBlock *"", ""attributes"": [""in"", ""out""], ""in_param"": true, ""out_param"": true, ""optional"": false, ""string"": false, ""size_is"": null, ""length_is"": null, ""array"": null, ""sensitive"": false}, {""name"": ""resultButton"", ""type"": ""XGameUiMessageDialogButton *"", ""ctype"": ""XGameUiMessageDialogButton *"", ""attributes"": [""out""], ""in_param"": false, ""out_param"": true, ""optional"": false, ""string"": false, ""size_is"": null, ""length_is"": null, ""array"": null, ""sensitive"": false}]",[],stubbed_or_incomplete,"[{""kind"": ""FIXME"", ""file"": ""xgameui.c"", ""line"": 82, ""text"": ""FIXME( \""iface %p, async %p, resultButton %p stub!\\n\"", iface, async, resultButton );""}, {""kind"": ""stub"", ""file"": ""xgameui.c"", ""line"": 82, ""text"": ""FIXME( \""iface %p, async %p, resultButton %p stub!\\n\"", iface, async, resultButton );""}, {""kind"": ""E_NOTIMPL"", ""file"": ""xgameui.c"", ""line"": 83, ""text"": ""return E_NOTIMPL;""}]",False,https://learn.microsoft.com/gaming/gdk/docs/reference/system/xgameui/functions/xgameuishowmessagedialogresult,False,[],"[{""number"": 11, ""title"": ""GDK Integration Progress."", ""url"": ""https://github.com/xodus-gaming/xgameruntime/issues/11""}, {""number"": 15, ""title"": ""XGameUi Implementation"", ""url"": ""https://github.com/xodus-gaming/xgameruntime/issues/15""}]",interface_method
4,620,XGameUI,xgameui.idl,IXGameUiImpl,6eeaa73e-9669-43ad-a2c7-d0da4e1f50a1,1,IUnknown,5,XGameUiShowSendGameInviteAsync,"HRESULT XGameUiShowSendGameInviteAsync([in, out] XAsyncBlock * async, [in] XUserHandle requestingUser, [in, string] const char * sessionConfigurationId, [in, string] const char * sessionTemplateName, [in, string] const char * sessionId, [in, optional, string] const char * invitationText, [in, optional, string] const char * customActivationContext)",HRESULT,"[{""name"": ""async"", ""type"": ""XAsyncBlock *"", ""ctype"": ""XAsyncBlock *"", ""attributes"": [""in"", ""out""], ""in_param"": true, ""out_param"": true, ""optional"": false, ""string"": false, ""size_is"": null, ""length_is"": null, ""array"": null, ""sensitive"": false}, {""name"": ""requestingUser"", ""type"": ""XUserHandle"", ""ctype"": ""XUserHandle"", ""attributes"": [""in""], ""in_param"": true, ""out_param"": false, ""optional"": false, ""string"": false, ""size_is"": null, ""length_is"": null, ""array"": null, ""sensitive"": false}, {""name"": ""sessionConfigurationId"", ""type"": ""const char *"", ""ctype"": ""const char *"", ""attributes"": [""in"", ""string""], ""in_param"": true, ""out_param"": false, ""optional"": false, ""string"": true, ""size_is"": null, ""length_is"": null, ""array"": null, ""sensitive"": false}, {""name"": ""sessionTemplateName"", ""type"": ""const char *"", ""ctype"": ""const char *"", ""attributes"": [""in"", ""string""], ""in_param"": true, ""out_param"": false, ""optional"": false, ""string"": true, ""size_is"": null, ""length_is"": null, ""array"": null, ""sensitive"": false}, {""name"": ""sessionId"", ""type"": ""const char *"", ""ctype"": ""const char *"", ""attributes"": [""in"", ""string""], ""in_param"": true, ""out_param"": false, ""optional"": false, ""string"": true, ""size_is"": null, ""length_is"": null, ""array"": null, ""sensitive"": false}, {""name"": ""invitationText"", ""type"": ""const char *"", ""ctype"": ""const char *"", ""attributes"": [""in"", ""optional"", ""string""], ""in_param"": true, ""out_param"": false, ""optional"": true, ""string"": true, ""size_is"": null, ""length_is"": null, ""array"": null, ""sensitive"": false}, {""name"": ""customActivationContext"", ""type"": ""const char *"", ""ctype"": ""const char *"", ""attributes"": [""in"", ""optional"", ""string""], ""in_param"": true, ""out_param"": false, ""optional"": true, ""string"": true, ""size_is"": null, ""length_is"": null, ""array"": null, ""sensitive"": false}]",[],stubbed_or_incomplete,"[{""kind"": ""FIXME"", ""file"": ""xgameui.c"", ""line"": 88, ""text"": ""FIXME( \""iface %p, async %p, requestingUser %p, sessionConfigurationId %s, sessionTemplateName %s, sessionId %s, invitationText %s, customActivationContext %s stub!\\n\"", iface, async, requestingUser, debugstr_a( sessionConfigurationId ), debugstr_a( sessionTemplateName ), debugstr_a( sessionId ), debugstr_a( invitationText ), debugstr_a( customActivationContext ) );""}, {""kind"": ""stub"", ""file"": ""xgameui.c"", ""line"": 88, ""text"": ""FIXME( \""iface %p, async %p, requestingUser %p, sessionConfigurationId %s, sessionTemplateName %s, sessionId %s, invitationText %s, customActivationContext %s stub!\\n\"", iface, async, requestingUser, debugstr_a( sessionConfigurationId ), debugstr_a( sessionTemplateName ), debugstr_a( sessionId ), debugstr_a( invitationText ), debugstr_a( customActivationContext ) );""}, {""kind"": ""E_NOTIMPL"", ""file"": ""xgameui.c"", ""line"": 89, ""text"": ""return E_NOTIMPL;""}]",False,https://learn.microsoft.com/gaming/gdk/docs/reference/system/xgameui/functions/xgameuishowsendgameinviteasync,False,[],"[{""number"": 11, ""title"": ""GDK Integration Progress."", ""url"": ""https://github.com/xodus-gaming/xgameruntime/issues/11""}, {""number"": 15, ""title"": ""XGameUi Implementation"", ""url"": ""https://github.com/xodus-gaming/xgameruntime/issues/15""}]",interface_method
4,620,XGameUI,xgameui.idl,IXGameUiImpl,6eeaa73e-9669-43ad-a2c7-d0da4e1f50a1,1,IUnknown,6,XGameUiShowSendGameInviteResult,"HRESULT XGameUiShowSendGameInviteResult([in, out] XAsyncBlock * async)",HRESULT,"[{""name"": ""async"", ""type"": ""XAsyncBlock *"", ""ctype"": ""XAsyncBlock *"", ""attributes"": [""in"", ""out""], ""in_param"": true, ""out_param"": true, ""optional"": false, ""string"": false, ""size_is"": null, ""length_is"": null, ""array"": null, ""sensitive"": false}]",[],stubbed_or_incomplete,"[{""kind"": ""FIXME"", ""file"": ""xgameui.c"", ""line"": 94, ""text"": ""FIXME( \""iface %p async %p stub!\\n\"", iface, async );""}, {""kind"": ""stub"", ""file"": ""xgameui.c"", ""line"": 94, ""text"": ""FIXME( \""iface %p async %p stub!\\n\"", iface, async );""}, {""kind"": ""E_NOTIMPL"", ""file"": ""xgameui.c"", ""line"": 95, ""text"": ""return E_NOTIMPL;""}]",False,https://learn.microsoft.com/gaming/gdk/docs/reference/system/xgameui/functions/xgameuishowsendgameinviteresult,False,[],"[{""number"": 11, ""title"": ""GDK Integration Progress."", ""url"": ""https://github.com/xodus-gaming/xgameruntime/issues/11""}, {""number"": 15, ""title"": ""XGameUi Implementation"", ""url"": ""https://github.com/xodus-gaming/xgameruntime/issues/15""}]",interface_method
4,620,XGameUI,xgameui.idl,IXGameUiImpl,6eeaa73e-9669-43ad-a2c7-d0da4e1f50a1,1,IUnknown,7,XGameUiShowPlayerProfileCardAsync,"HRESULT XGameUiShowPlayerProfileCardAsync([in, out] XAsyncBlock * async, [in] XUserHandle requestingUser, [in] UINT64 targetPlayer)",HRESULT,"[{""name"": ""async"", ""type"": ""XAsyncBlock *"", ""ctype"": ""XAsyncBlock *"", ""attributes"": [""in"", ""out""], ""in_param"": true, ""out_param"": true, ""optional"": false, ""string"": false, ""size_is"": null, ""length_is"": null, ""array"": null, ""sensitive"": false}, {""name"": ""requestingUser"", ""type"": ""XUserHandle"", ""ctype"": ""XUserHandle"", ""attributes"": [""in""], ""in_param"": true, ""out_param"": false, ""optional"": false, ""string"": false, ""size_is"": null, ""length_is"": null, ""array"": null, ""sensitive"": false}, {""name"": ""targetPlayer"", ""type"": ""UINT64"", ""ctype"": ""UINT64"", ""attributes"": [""in""], ""in_param"": true, ""out_param"": false, ""optional"": false, ""string"": false, ""size_is"": null, ""length_is"": null, ""array"": null, ""sensitive"": false}]",[],stubbed_or_incomplete,"[{""kind"": ""FIXME"", ""file"": ""xgameui.c"", ""line"": 100, ""text"": ""FIXME( \""iface %p, async %p, requestingUser %p, targetPlayer %llu stub!\\n\"", iface, async, requestingUser, targetPlayer );""}, {""kind"": ""stub"", ""file"": ""xgameui.c"", ""line"": 100, ""text"": ""FIXME( \""iface %p, async %p, requestingUser %p, targetPlayer %llu stub!\\n\"", iface, async, requestingUser, targetPlayer );""}, {""kind"": ""E_NOTIMPL"", ""file"": ""xgameui.c"", ""line"": 101, ""text"": ""return E_NOTIMPL;""}]",False,https://learn.microsoft.com/gaming/gdk/docs/reference/system/xgameui/functions/xgameuishowplayerprofilecardasync,False,[],"[{""number"": 11, ""title"": ""GDK Integration Progress."", ""url"": ""https://github.com/xodus-gaming/xgameruntime/issues/11""}, {""number"": 15, ""title"": ""XGameUi Implementation"", ""url"": ""https://github.com/xodus-gaming/xgameruntime/issues/15""}]",interface_method
4,620,XGameUI,xgameui.idl,IXGameUiImpl,6eeaa73e-9669-43ad-a2c7-d0da4e1f50a1,1,IUnknown,8,XGameUiShowPlayerProfileCardResult,"HRESULT XGameUiShowPlayerProfileCardResult([in, out] XAsyncBlock * async)",HRESULT,"[{""name"": ""async"", ""type"": ""XAsyncBlock *"", ""ctype"": ""XAsyncBlock *"", ""attributes"": [""in"", ""out""], ""in_param"": true, ""out_param"": true, ""optional"": false, ""string"": false, ""size_is"": null, ""length_is"": null, ""array"": null, ""sensitive"": false}]",[],stubbed_or_incomplete,"[{""kind"": ""FIXME"", ""file"": ""xgameui.c"", ""line"": 106, ""text"": ""FIXME( \""iface %p, async %p stub!\\n\"", iface, async );""}, {""kind"": ""stub"", ""file"": ""xgameui.c"", ""line"": 106, ""text"": ""FIXME( \""iface %p, async %p stub!\\n\"", iface, async );""}, {""kind"": ""E_NOTIMPL"", ""file"": ""xgameui.c"", ""line"": 107, ""text"": ""return E_NOTIMPL;""}]",False,https://learn.microsoft.com/gaming/gdk/docs/reference/system/xgameui/functions/xgameuishowplayerprofilecardresult,False,[],"[{""number"": 11, ""title"": ""GDK Integration Progress."", ""url"": ""https://github.com/xodus-gaming/xgameruntime/issues/11""}, {""number"": 15, ""title"": ""XGameUi Implementation"", ""url"": ""https://github.com/xodus-gaming/xgameruntime/issues/15""}]",interface_method
4,620,XGameUI,xgameui.idl,IXGameUiImpl,6eeaa73e-9669-43ad-a2c7-d0da4e1f50a1,1,IUnknown,9,XGameUiShowAchievementsAsync,"HRESULT XGameUiShowAchievementsAsync([in, out] XAsyncBlock * async, [in] XUserHandle requestingUser, [in] UINT32 titleId)",HRESULT,"[{""name"": ""async"", ""type"": ""XAsyncBlock *"", ""ctype"": ""XAsyncBlock *"", ""attributes"": [""in"", ""out""], ""in_param"": true, ""out_param"": true, ""optional"": false, ""string"": false, ""size_is"": null, ""length_is"": null, ""array"": null, ""sensitive"": false}, {""name"": ""requestingUser"", ""type"": ""XUserHandle"", ""ctype"": ""XUserHandle"", ""attributes"": [""in""], ""in_param"": true, ""out_param"": false, ""optional"": false, ""string"": false, ""size_is"": null, ""length_is"": null, ""array"": null, ""sensitive"": false}, {""name"": ""titleId"", ""type"": ""UINT32"", ""ctype"": ""UINT32"", ""attributes"": [""in""], ""in_param"": true, ""out_param"": false, ""optional"": false, ""string"": false, ""size_is"": null, ""length_is"": null, ""array"": null, ""sensitive"": false}]",[],stubbed_or_incomplete,"[{""kind"": ""FIXME"", ""file"": ""xgameui.c"", ""line"": 112, ""text"": ""FIXME( \""iface %p, async %p, requestingUser %p, titleId %u stub!\\n\"", iface, async, requestingUser, titleId );""}, {""kind"": ""stub"", ""file"": ""xgameui.c"", ""line"": 112, ""text"": ""FIXME( \""iface %p, async %p, requestingUser %p, titleId %u stub!\\n\"", iface, async, requestingUser, titleId );""}, {""kind"": ""E_NOTIMPL"", ""file"": ""xgameui.c"", ""line"": 113, ""text"": ""return E_NOTIMPL;""}]",False,https://learn.microsoft.com/gaming/gdk/docs/reference/system/xgameui/functions/xgameuishowachievementsasync,False,[],"[{""number"": 11, ""title"": ""GDK Integration Progress."", ""url"": ""https://github.com/xodus-gaming/xgameruntime/issues/11""}, {""number"": 15, ""title"": ""XGameUi Implementation"", ""url"": ""https://github.com/xodus-gaming/xgameruntime/issues/15""}]",interface_method
4,620,XGameUI,xgameui.idl,IXGameUiImpl,6eeaa73e-9669-43ad-a2c7-d0da4e1f50a1,1,IUnknown,10,XGameUiShowAchievementsResult,"HRESULT XGameUiShowAchievementsResult([in, out] XAsyncBlock * async)",HRESULT,"[{""name"": ""async"", ""type"": ""XAsyncBlock *"", ""ctype"": ""XAsyncBlock *"", ""attributes"": [""in"", ""out""], ""in_param"": true, ""out_param"": true, ""optional"": false, ""string"": false, ""size_is"": null, ""length_is"": null, ""array"": null, ""sensitive"": false}]",[],stubbed_or_incomplete,"[{""kind"": ""FIXME"", ""file"": ""xgameui.c"", ""line"": 118, ""text"": ""FIXME( \""iface %p, async %p stub!\\n\"", iface, async );""}, {""kind"": ""stub"", ""file"": ""xgameui.c"", ""line"": 118, ""text"": ""FIXME( \""iface %p, async %p stub!\\n\"", iface, async );""}, {""kind"": ""E_NOTIMPL"", ""file"": ""xgameui.c"", ""line"": 119, ""text"": ""return E_NOTIMPL;""}]",False,https://learn.microsoft.com/gaming/gdk/docs/reference/system/xgameui/functions/xgameuishowachievementsresult,False,[],"[{""number"": 11, ""title"": ""GDK Integration Progress."", ""url"": ""https://github.com/xodus-gaming/xgameruntime/issues/11""}, {""number"": 15, ""title"": ""XGameUi Implementation"", ""url"": ""https://github.com/xodus-gaming/xgameruntime/issues/15""}]",interface_method
4,620,XGameUI,xgameui.idl,IXGameUiImpl,6eeaa73e-9669-43ad-a2c7-d0da4e1f50a1,1,IUnknown,11,XGameUiShowPlayerPickerAsync,"HRESULT XGameUiShowPlayerPickerAsync([in, out] XAsyncBlock * async, [in] XUserHandle requestingUser, [in, string] const char * promptText, [in] UINT32 selectFromPlayersCount, [in, length_is(selectFromPlayersCount)] const UINT64 * selectFromPlayers, [in] UINT32 preSelectedPlayersCount, [in, optional, length_is(preSelectedPlayersCount)] UINT64 * preSelectedPlayers, [in] UINT32 minSelectionCount, [in] UINT32 maxSelectionCount)",HRESULT,"[{""name"": ""async"", ""type"": ""XAsyncBlock *"", ""ctype"": ""XAsyncBlock *"", ""attributes"": [""in"", ""out""], ""in_param"": true, ""out_param"": true, ""optional"": false, ""string"": false, ""size_is"": null, ""length_is"": null, ""array"": null, ""sensitive"": false}, {""name"": ""requestingUser"", ""type"": ""XUserHandle"", ""ctype"": ""XUserHandle"", ""attributes"": [""in""], ""in_param"": true, ""out_param"": false, ""optional"": false, ""string"": false, ""size_is"": null, ""length_is"": null, ""array"": null, ""sensitive"": false}, {""name"": ""promptText"", ""type"": ""const char *"", ""ctype"": ""const char *"", ""attributes"": [""in"", ""string""], ""in_param"": true, ""out_param"": false, ""optional"": false, ""string"": true, ""size_is"": null, ""length_is"": null, ""array"": null, ""sensitive"": false}, {""name"": ""selectFromPlayersCount"", ""type"": ""UINT32"", ""ctype"": ""UINT32"", ""attributes"": [""in""], ""in_param"": true, ""out_param"": false, ""optional"": false, ""string"": false, ""size_is"": null, ""length_is"": null, ""array"": null, ""sensitive"": false}, {""name"": ""selectFromPlayers"", ""type"": ""const UINT64 *"", ""ctype"": ""const UINT64 *"", ""attributes"": [""in"", ""length_is(selectFromPlayersCount)""], ""in_param"": true, ""out_param"": false, ""optional"": false, ""string"": false, ""size_is"": null, ""length_is"": ""selectFromPlayersCount"", ""array"": ""*"", ""sensitive"": false}, {""name"": ""preSelectedPlayersCount"", ""type"": ""UINT32"", ""ctype"": ""UINT32"", ""attributes"": [""in""], ""in_param"": true, ""out_param"": false, ""optional"": false, ""string"": false, ""size_is"": null, ""length_is"": null, ""array"": null, ""sensitive"": false}, {""name"": ""preSelectedPlayers"", ""type"": ""UINT64 *"", ""ctype"": ""UINT64 *"", ""attributes"": [""in"", ""optional"", ""length_is(preSelectedPlayersCount)""], ""in_param"": true, ""out_param"": false, ""optional"": true, ""string"": false, ""size_is"": null, ""length_is"": ""preSelectedPlayersCount"", ""array"": ""*"", ""sensitive"": false}, {""name"": ""minSelectionCount"", ""type"": ""UINT32"", ""ctype"": ""UINT32"", ""attributes"": [""in""], ""in_param"": true, ""out_param"": false, ""optional"": false, ""string"": false, ""size_is"": null, ""length_is"": null, ""array"": null, ""sensitive"": false}, {""name"": ""maxSelectionCount"", ""type"": ""UINT32"", ""ctype"": ""UINT32"", ""attributes"": [""in""], ""in_param"": true, ""out_param"": false, ""optional"": false, ""string"": false, ""size_is"": null, ""length_is"": null, ""array"": null, ""sensitive"": false}]",[],stubbed_or_incomplete,"[{""kind"": ""FIXME"", ""file"": ""xgameui.c"", ""line"": 124, ""text"": ""FIXME( \""iface %p, async %p, requestingUser %p, promptText %s, selectFromPlayersCount %u, selectFromPlayers %p, preSelectedPlayersCount %u, preSelectedPlayers %p, minSelectionCount %u, maxSelectionCount %u stub!\\n\"", iface, async, requestingUser, debugstr_a( promptText ), selectFromPlayersCount, selectFromPlayers, preSelectedPlayersCount, preSelectedPlayers, minSelectionCount, maxSelectionCount );""}, {""kind"": ""stub"", ""file"": ""xgameui.c"", ""line"": 124, ""text"": ""FIXME( \""iface %p, async %p, requestingUser %p, promptText %s, selectFromPlayersCount %u, selectFromPlayers %p, preSelectedPlayersCount %u, preSelectedPlayers %p, minSelectionCount %u, maxSelectionCount %u stub!\\n\"", iface, async, requestingUser, debugstr_a( promptText ), selectFromPlayersCount, selectFromPlayers, preSelectedPlayersCount, preSelectedPlayers, minSelectionCount, maxSelectionCount );""}, {""kind"": ""E_NOTIMPL"", ""file"": ""xgameui.c"", ""line"": 125, ""text"": ""return E_NOTIMPL;""}]",False,https://learn.microsoft.com/gaming/gdk/docs/reference/system/xgameui/functions/xgameuishowplayerpickerasync,False,[],"[{""number"": 11, ""title"": ""GDK Integration Progress."", ""url"": ""https://github.com/xodus-gaming/xgameruntime/issues/11""}, {""number"": 15, ""title"": ""XGameUi Implementation"", ""url"": ""https://github.com/xodus-gaming/xgameruntime/issues/15""}]",interface_method
4,620,XGameUI,xgameui.idl,IXGameUiImpl,6eeaa73e-9669-43ad-a2c7-d0da4e1f50a1,1,IUnknown,12,XGameUiShowPlayerPickerResultCount,"HRESULT XGameUiShowPlayerPickerResultCount([in, out] XAsyncBlock * async, [out] UINT32 * resultPlayersCount)",HRESULT,"[{""name"": ""async"", ""type"": ""XAsyncBlock *"", ""ctype"": ""XAsyncBlock *"", ""attributes"": [""in"", ""out""], ""in_param"": true, ""out_param"": true, ""optional"": false, ""string"": false, ""size_is"": null, ""length_is"": null, ""array"": null, ""sensitive"": false}, {""name"": ""resultPlayersCount"", ""type"": ""UINT32 *"", ""ctype"": ""UINT32 *"", ""attributes"": [""out""], ""in_param"": false, ""out_param"": true, ""optional"": false, ""string"": false, ""size_is"": null, ""length_is"": null, ""array"": null, ""sensitive"": false}]",[],stubbed_or_incomplete,"[{""kind"": ""FIXME"", ""file"": ""xgameui.c"", ""line"": 130, ""text"": ""FIXME( \""iface %p, async %p, resultPlayersCount %p stub!\\n\"", iface, async, resultPlayersCount );""}, {""kind"": ""stub"", ""file"": ""xgameui.c"", ""line"": 130, ""text"": ""FIXME( \""iface %p, async %p, resultPlayersCount %p stub!\\n\"", iface, async, resultPlayersCount );""}, {""kind"": ""E_NOTIMPL"", ""file"": ""xgameui.c"", ""line"": 131, ""text"": ""return E_NOTIMPL;""}]",False,https://learn.microsoft.com/gaming/gdk/docs/reference/system/xgameui/functions/xgameuishowplayerpickerresultcount,False,[],"[{""number"": 11, ""title"": ""GDK Integration Progress."", ""url"": ""https://github.com/xodus-gaming/xgameruntime/issues/11""}, {""number"": 15, ""title"": ""XGameUi Implementation"", ""url"": ""https://github.com/xodus-gaming/xgameruntime/issues/15""}]",interface_method
4,620,XGameUI,xgameui.idl,IXGameUiImpl,6eeaa73e-9669-43ad-a2c7-d0da4e1f50a1,1,IUnknown,13,XGameUiShowPlayerPickerResult,"HRESULT XGameUiShowPlayerPickerResult([in, out] XAsyncBlock * async, [in] UINT32 resultPlayersCount, [out, length_is(resultPlayersCount)] UINT64 * resultPlayers, [out, optional] UINT32 * resultPlayersUsed)",HRESULT,"[{""name"": ""async"", ""type"": ""XAsyncBlock *"", ""ctype"": ""XAsyncBlock *"", ""attributes"": [""in"", ""out""], ""in_param"": true, ""out_param"": true, ""optional"": false, ""string"": false, ""size_is"": null, ""length_is"": null, ""array"": null, ""sensitive"": false}, {""name"": ""resultPlayersCount"", ""type"": ""UINT32"", ""ctype"": ""UINT32"", ""attributes"": [""in""], ""in_param"": true, ""out_param"": false, ""optional"": false, ""string"": false, ""size_is"": null, ""length_is"": null, ""array"": null, ""sensitive"": false}, {""name"": ""resultPlayers"", ""type"": ""UINT64 *"", ""ctype"": ""UINT64 *"", ""attributes"": [""out"", ""length_is(resultPlayersCount)""], ""in_param"": false, ""out_param"": true, ""optional"": false, ""string"": false, ""size_is"": null, ""length_is"": ""resultPlayersCount"", ""array"": ""*"", ""sensitive"": false}, {""name"": ""resultPlayersUsed"", ""type"": ""UINT32 *"", ""ctype"": ""UINT32 *"", ""attributes"": [""out"", ""optional""], ""in_param"": false, ""out_param"": true, ""optional"": true, ""string"": false, ""size_is"": null, ""length_is"": null, ""array"": null, ""sensitive"": false}]",[],stubbed_or_incomplete,"[{""kind"": ""FIXME"", ""file"": ""xgameui.c"", ""line"": 136, ""text"": ""FIXME( \""iface %p, async %p, resultPlayersCount %u, resultPlayers %p, resultPlayersUsed %p stub!\\n\"", iface, async, resultPlayersCount, resultPlayers, resultPlayersUsed );""}, {""kind"": ""stub"", ""file"": ""xgameui.c"", ""line"": 136, ""text"": ""FIXME( \""iface %p, async %p, resultPlayersCount %u, resultPlayers %p, resultPlayersUsed %p stub!\\n\"", iface, async, resultPlayersCount, resultPlayers, resultPlayersUsed );""}, {""kind"": ""E_NOTIMPL"", ""file"": ""xgameui.c"", ""line"": 137, ""text"": ""return E_NOTIMPL;""}]",False,https://learn.microsoft.com/gaming/gdk/docs/reference/system/xgameui/functions/xgameuishowplayerpickerresult,False,[],"[{""number"": 11, ""title"": ""GDK Integration Progress."", ""url"": ""https://github.com/xodus-gaming/xgameruntime/issues/11""}, {""number"": 15, ""title"": ""XGameUi Implementation"", ""url"": ""https://github.com/xodus-gaming/xgameruntime/issues/15""}]",interface_method
4,620,XGameUI,xgameui.idl,IXGameUiImpl,6eeaa73e-9669-43ad-a2c7-d0da4e1f50a1,1,IUnknown,14,XGameUiShowErrorDialogAsync,"HRESULT XGameUiShowErrorDialogAsync([in, out] XAsyncBlock * async, [in] HRESULT errorCode, [in, optional, string] const char * context)",HRESULT,"[{""name"": ""async"", ""type"": ""XAsyncBlock *"", ""ctype"": ""XAsyncBlock *"", ""attributes"": [""in"", ""out""], ""in_param"": true, ""out_param"": true, ""optional"": false, ""string"": false, ""size_is"": null, ""length_is"": null, ""array"": null, ""sensitive"": false}, {""name"": ""errorCode"", ""type"": ""HRESULT"", ""ctype"": ""HRESULT"", ""attributes"": [""in""], ""in_param"": true, ""out_param"": false, ""optional"": false, ""string"": false, ""size_is"": null, ""length_is"": null, ""array"": null, ""sensitive"": false}, {""name"": ""context"", ""type"": ""const char *"", ""ctype"": ""const char *"", ""attributes"": [""in"", ""optional"", ""string""], ""in_param"": true, ""out_param"": false, ""optional"": true, ""string"": true, ""size_is"": null, ""length_is"": null, ""array"": null, ""sensitive"": false}]",[],stubbed_or_incomplete,"[{""kind"": ""FIXME"", ""file"": ""xgameui.c"", ""line"": 142, ""text"": ""FIXME( \""iface %p, async %p, errorCode %#lx, context %s stub!\\n\"", iface, async, errorCode, debugstr_a( context ) );""}, {""kind"": ""stub"", ""file"": ""xgameui.c"", ""line"": 142, ""text"": ""FIXME( \""iface %p, async %p, errorCode %#lx, context %s stub!\\n\"", iface, async, errorCode, debugstr_a( context ) );""}, {""kind"": ""E_NOTIMPL"", ""file"": ""xgameui.c"", ""line"": 143, ""text"": ""return E_NOTIMPL;""}]",False,https://learn.microsoft.com/gaming/gdk/docs/reference/system/xgameui/functions/xgameuishowerrordialogasync,False,[],"[{""number"": 11, ""title"": ""GDK Integration Progress."", ""url"": ""https://github.com/xodus-gaming/xgameruntime/issues/11""}, {""number"": 15, ""title"": ""XGameUi Implementation"", ""url"": ""https://github.com/xodus-gaming/xgameruntime/issues/15""}]",interface_method
4,620,XGameUI,xgameui.idl,IXGameUiImpl,6eeaa73e-9669-43ad-a2c7-d0da4e1f50a1,1,IUnknown,15,XGameUiShowErrorDialogResult,"HRESULT XGameUiShowErrorDialogResult([in, out] XAsyncBlock * async)",HRESULT,"[{""name"": ""async"", ""type"": ""XAsyncBlock *"", ""ctype"": ""XAsyncBlock *"", ""attributes"": [""in"", ""out""], ""in_param"": true, ""out_param"": true, ""optional"": false, ""string"": false, ""size_is"": null, ""length_is"": null, ""array"": null, ""sensitive"": false}]",[],stubbed_or_incomplete,"[{""kind"": ""FIXME"", ""file"": ""xgameui.c"", ""line"": 148, ""text"": ""FIXME( \""iface %p, async %p stub!\\n\"", iface, async );""}, {""kind"": ""stub"", ""file"": ""xgameui.c"", ""line"": 148, ""text"": ""FIXME( \""iface %p, async %p stub!\\n\"", iface, async );""}, {""kind"": ""E_NOTIMPL"", ""file"": ""xgameui.c"", ""line"": 149, ""text"": ""return E_NOTIMPL;""}]",False,https://learn.microsoft.com/gaming/gdk/docs/reference/system/xgameui/functions/xgameuishowerrordialogresult,False,[],"[{""number"": 11, ""title"": ""GDK Integration Progress."", ""url"": ""https://github.com/xodus-gaming/xgameruntime/issues/11""}, {""number"": 15, ""title"": ""XGameUi Implementation"", ""url"": ""https://github.com/xodus-gaming/xgameruntime/issues/15""}]",interface_method
4,620,XGameUI,xgameui.idl,IXGameUiImpl,6eeaa73e-9669-43ad-a2c7-d0da4e1f50a1,1,IUnknown,16,XGameUiSetNotificationPositionHint,HRESULT XGameUiSetNotificationPositionHint([in] XGameUiNotificationPositionHint position),HRESULT,"[{""name"": ""position"", ""type"": ""XGameUiNotificationPositionHint"", ""ctype"": ""XGameUiNotificationPositionHint"", ""attributes"": [""in""], ""in_param"": true, ""out_param"": false, ""optional"": false, ""string"": false, ""size_is"": null, ""length_is"": null, ""array"": null, ""sensitive"": false}]",[],stubbed_or_incomplete,"[{""kind"": ""FIXME"", ""file"": ""xgameui.c"", ""line"": 154, ""text"": ""FIXME( \""iface %p, position %d stub!\\n\"", iface, position );""}, {""kind"": ""stub"", ""file"": ""xgameui.c"", ""line"": 154, ""text"": ""FIXME( \""iface %p, position %d stub!\\n\"", iface, position );""}, {""kind"": ""E_NOTIMPL"", ""file"": ""xgameui.c"", ""line"": 155, ""text"": ""return E_NOTIMPL;""}]",False,https://learn.microsoft.com/gaming/gdk/docs/reference/system/xgameui/functions/xgameuisetnotificationpositionhint,False,[],"[{""number"": 11, ""title"": ""GDK Integration Progress."", ""url"": ""https://github.com/xodus-gaming/xgameruntime/issues/11""}, {""number"": 15, ""title"": ""XGameUi Implementation"", ""url"": ""https://github.com/xodus-gaming/xgameruntime/issues/15""}]",interface_method
4,620,XGameUI,xgameui.idl,IXGameUiImpl,6eeaa73e-9669-43ad-a2c7-d0da4e1f50a1,1,IUnknown,17,XGameUiShowTextEntryAsync,"HRESULT XGameUiShowTextEntryAsync([in, out] XAsyncBlock * async, [in, optional, string] const char * titleText, [in, optional, string] const char * descriptionText, [in, optional, string] const char * defaultText, [in] XGameUiTextEntryInputScope inputScope, [in] UINT32 maxTextLength)",HRESULT,"[{""name"": ""async"", ""type"": ""XAsyncBlock *"", ""ctype"": ""XAsyncBlock *"", ""attributes"": [""in"", ""out""], ""in_param"": true, ""out_param"": true, ""optional"": false, ""string"": false, ""size_is"": null, ""length_is"": null, ""array"": null, ""sensitive"": false}, {""name"": ""titleText"", ""type"": ""const char *"", ""ctype"": ""const char *"", ""attributes"": [""in"", ""optional"", ""string""], ""in_param"": true, ""out_param"": false, ""optional"": true, ""string"": true, ""size_is"": null, ""length_is"": null, ""array"": null, ""sensitive"": false}, {""name"": ""descriptionText"", ""type"": ""const char *"", ""ctype"": ""const char *"", ""attributes"": [""in"", ""optional"", ""string""], ""in_param"": true, ""out_param"": false, ""optional"": true, ""string"": true, ""size_is"": null, ""length_is"": null, ""array"": null, ""sensitive"": false}, {""name"": ""defaultText"", ""type"": ""const char *"", ""ctype"": ""const char *"", ""attributes"": [""in"", ""optional"", ""string""], ""in_param"": true, ""out_param"": false, ""optional"": true, ""string"": true, ""size_is"": null, ""length_is"": null, ""array"": null, ""sensitive"": false}, {""name"": ""inputScope"", ""type"": ""XGameUiTextEntryInputScope"", ""ctype"": ""XGameUiTextEntryInputScope"", ""attributes"": [""in""], ""in_param"": true, ""out_param"": false, ""optional"": false, ""string"": false, ""size_is"": null, ""length_is"": null, ""array"": null, ""sensitive"": false}, {""name"": ""maxTextLength"", ""type"": ""UINT32"", ""ctype"": ""UINT32"", ""attributes"": [""in""], ""in_param"": true, ""out_param"": false, ""optional"": false, ""string"": false, ""size_is"": null, ""length_is"": null, ""array"": null, ""sensitive"": false}]",[],stubbed_or_incomplete,"[{""kind"": ""FIXME"", ""file"": ""xgameui.c"", ""line"": 160, ""text"": ""FIXME( \""iface %p, async %p, titleText %s, descriptionText %s, defaultText %s, inputScope %d, maxTextLength %u stub!\\n\"", iface, async, debugstr_a( titleText ), debugstr_a( descriptionText ), debugstr_a( defaultText ), inputScope, maxTextLength );""}, {""kind"": ""stub"", ""file"": ""xgameui.c"", ""line"": 160, ""text"": ""FIXME( \""iface %p, async %p, titleText %s, descriptionText %s, defaultText %s, inputScope %d, maxTextLength %u stub!\\n\"", iface, async, debugstr_a( titleText ), debugstr_a( descriptionText ), debugstr_a( defaultText ), inputScope, maxTextLength );""}, {""kind"": ""E_NOTIMPL"", ""file"": ""xgameui.c"", ""line"": 161, ""text"": ""return E_NOTIMPL;""}]",False,https://learn.microsoft.com/gaming/gdk/docs/reference/system/xgameui/functions/xgameuishowtextentryasync,False,[],"[{""number"": 11, ""title"": ""GDK Integration Progress."", ""url"": ""https://github.com/xodus-gaming/xgameruntime/issues/11""}, {""number"": 15, ""title"": ""XGameUi Implementation"", ""url"": ""https://github.com/xodus-gaming/xgameruntime/issues/15""}]",interface_method
4,620,XGameUI,xgameui.idl,IXGameUiImpl,6eeaa73e-9669-43ad-a2c7-d0da4e1f50a1,1,IUnknown,18,XGameUiShowTextEntryResultSize,"HRESULT XGameUiShowTextEntryResultSize([in, out] XAsyncBlock * async, [out] UINT32 * resultTextBufferSize)",HRESULT,"[{""name"": ""async"", ""type"": ""XAsyncBlock *"", ""ctype"": ""XAsyncBlock *"", ""attributes"": [""in"", ""out""], ""in_param"": true, ""out_param"": true, ""optional"": false, ""string"": false, ""size_is"": null, ""length_is"": null, ""array"": null, ""sensitive"": false}, {""name"": ""resultTextBufferSize"", ""type"": ""UINT32 *"", ""ctype"": ""UINT32 *"", ""attributes"": [""out""], ""in_param"": false, ""out_param"": true, ""optional"": false, ""string"": false, ""size_is"": null, ""length_is"": null, ""array"": null, ""sensitive"": false}]",[],stubbed_or_incomplete,"[{""kind"": ""FIXME"", ""file"": ""xgameui.c"", ""line"": 166, ""text"": ""FIXME( \""iface %p, async %p, resultTextBufferSize %p stub!\\n\"", iface, async, resultTextBufferSize );""}, {""kind"": ""stub"", ""file"": ""xgameui.c"", ""line"": 166, ""text"": ""FIXME( \""iface %p, async %p, resultTextBufferSize %p stub!\\n\"", iface, async, resultTextBufferSize );""}, {""kind"": ""E_NOTIMPL"", ""file"": ""xgameui.c"", ""line"": 167, ""text"": ""return E_NOTIMPL;""}]",False,https://learn.microsoft.com/gaming/gdk/docs/reference/system/xgameui/functions/xgameuishowtextentryresultsize,False,[],"[{""number"": 11, ""title"": ""GDK Integration Progress."", ""url"": ""https://github.com/xodus-gaming/xgameruntime/issues/11""}, {""number"": 15, ""title"": ""XGameUi Implementation"", ""url"": ""https://github.com/xodus-gaming/xgameruntime/issues/15""}]",interface_method
4,620,XGameUI,xgameui.idl,IXGameUiImpl,6eeaa73e-9669-43ad-a2c7-d0da4e1f50a1,1,IUnknown,19,XGameUiShowTextEntryResult,"HRESULT XGameUiShowTextEntryResult([in, out] XAsyncBlock * async, [in] UINT32 resultTextBufferSize, [out, size_is(resultTextBufferSize)] char * resultTextBuffer, [out, optional] UINT32 * resultTextBufferUsed)",HRESULT,"[{""name"": ""async"", ""type"": ""XAsyncBlock *"", ""ctype"": ""XAsyncBlock *"", ""attributes"": [""in"", ""out""], ""in_param"": true, ""out_param"": true, ""optional"": false, ""string"": false, ""size_is"": null, ""length_is"": null, ""array"": null, ""sensitive"": false}, {""name"": ""resultTextBufferSize"", ""type"": ""UINT32"", ""ctype"": ""UINT32"", ""attributes"": [""in""], ""in_param"": true, ""out_param"": false, ""optional"": false, ""string"": false, ""size_is"": null, ""length_is"": null, ""array"": null, ""sensitive"": false}, {""name"": ""resultTextBuffer"", ""type"": ""char *"", ""ctype"": ""char *"", ""attributes"": [""out"", ""size_is(resultTextBufferSize)""], ""in_param"": false, ""out_param"": true, ""optional"": false, ""string"": false, ""size_is"": ""resultTextBufferSize"", ""length_is"": null, ""array"": null, ""sensitive"": false}, {""name"": ""resultTextBufferUsed"", ""type"": ""UINT32 *"", ""ctype"": ""UINT32 *"", ""attributes"": [""out"", ""optional""], ""in_param"": false, ""out_param"": true, ""optional"": true, ""string"": false, ""size_is"": null, ""length_is"": null, ""array"": null, ""sensitive"": false}]",[],stubbed_or_incomplete,"[{""kind"": ""FIXME"", ""file"": ""xgameui.c"", ""line"": 172, ""text"": ""FIXME( \""iface %p, async %p, resultTextBufferSize %u, resultTextBuffer %p, resultTextBufferUsed %p stub!\\n\"", iface, async, resultTextBufferSize, resultTextBuffer, resultTextBufferUsed );""}, {""kind"": ""stub"", ""file"": ""xgameui.c"", ""line"": 172, ""text"": ""FIXME( \""iface %p, async %p, resultTextBufferSize %u, resultTextBuffer %p, resultTextBufferUsed %p stub!\\n\"", iface, async, resultTextBufferSize, resultTextBuffer, resultTextBufferUsed );""}, {""kind"": ""E_NOTIMPL"", ""file"": ""xgameui.c"", ""line"": 173, ""text"": ""return E_NOTIMPL;""}]",False,https://learn.microsoft.com/gaming/gdk/docs/reference/system/xgameui/functions/xgameuishowtextentryresult,False,[],"[{""number"": 11, ""title"": ""GDK Integration Progress."", ""url"": ""https://github.com/xodus-gaming/xgameruntime/issues/11""}, {""number"": 15, ""title"": ""XGameUi Implementation"", ""url"": ""https://github.com/xodus-gaming/xgameruntime/issues/15""}]",interface_method
4,620,XGameUI,xgameui.idl,IXGameUiImpl,6eeaa73e-9669-43ad-a2c7-d0da4e1f50a1,1,IUnknown,20,__PADDING__,HRESULT __PADDING__(),HRESULT,[],[],unknown_padding,"[{""kind"": ""E_NOTIMPL"", ""file"": ""xgameui.c"", ""line"": 179, ""text"": ""return E_NOTIMPL;""}]",False,,False,[],"[{""number"": 11, ""title"": ""GDK Integration Progress."", ""url"": ""https://github.com/xodus-gaming/xgameruntime/issues/11""}, {""number"": 15, ""title"": ""XGameUi Implementation"", ""url"": ""https://github.com/xodus-gaming/xgameruntime/issues/15""}]",interface_method
4,620,XGameUI,xgameui.idl,IXGameUiImpl,6eeaa73e-9669-43ad-a2c7-d0da4e1f50a1,1,IUnknown,21,__PADDING_2__,HRESULT __PADDING_2__(),HRESULT,[],[],unknown_padding,"[{""kind"": ""E_NOTIMPL"", ""file"": ""xgameui.c"", ""line"": 179, ""text"": ""return E_NOTIMPL;""}]",False,,False,[],"[{""number"": 11, ""title"": ""GDK Integration Progress."", ""url"": ""https://github.com/xodus-gaming/xgameruntime/issues/11""}, {""number"": 15, ""title"": ""XGameUi Implementation"", ""url"": ""https://github.com/xodus-gaming/xgameruntime/issues/15""}]",interface_method
4,620,XGameUI,xgameui.idl,IXGameUiImpl,6eeaa73e-9669-43ad-a2c7-d0da4e1f50a1,1,IUnknown,22,__PADDING_3__,HRESULT __PADDING_3__(),HRESULT,[],[],unknown_padding,"[{""kind"": ""E_NOTIMPL"", ""file"": ""xgameui.c"", ""line"": 179, ""text"": ""return E_NOTIMPL;""}]",False,,False,[],"[{""number"": 11, ""title"": ""GDK Integration Progress."", ""url"": ""https://github.com/xodus-gaming/xgameruntime/issues/11""}, {""number"": 15, ""title"": ""XGameUi Implementation"", ""url"": ""https://github.com/xodus-gaming/xgameruntime/issues/15""}]",interface_method
4,620,XGameUI,xgameui.idl,IXGameUiImpl,6eeaa73e-9669-43ad-a2c7-d0da4e1f50a1,1,IUnknown,23,__PADDING_4__,HRESULT __PADDING_4__(),HRESULT,[],[],unknown_padding,"[{""kind"": ""E_NOTIMPL"", ""file"": ""xgameui.c"", ""line"": 179, ""text"": ""return E_NOTIMPL;""}]",False,,False,[],"[{""number"": 11, ""title"": ""GDK Integration Progress."", ""url"": ""https://github.com/xodus-gaming/xgameruntime/issues/11""}, {""number"": 15, ""title"": ""XGameUi Implementation"", ""url"": ""https://github.com/xodus-gaming/xgameruntime/issues/15""}]",interface_method
4,620,XGameUI,xgameui.idl,IXGameUiImpl,6eeaa73e-9669-43ad-a2c7-d0da4e1f50a1,1,IUnknown,24,XGameUiShowWebAuthenticationAsync,"HRESULT XGameUiShowWebAuthenticationAsync([in, out] XAsyncBlock * async, [in] XUserHandle requestingUser, [in, string] const char * requestUri, [in, string] const char * completionUri)",HRESULT,"[{""name"": ""async"", ""type"": ""XAsyncBlock *"", ""ctype"": ""XAsyncBlock *"", ""attributes"": [""in"", ""out""], ""in_param"": true, ""out_param"": true, ""optional"": false, ""string"": false, ""size_is"": null, ""length_is"": null, ""array"": null, ""sensitive"": false}, {""name"": ""requestingUser"", ""type"": ""XUserHandle"", ""ctype"": ""XUserHandle"", ""attributes"": [""in""], ""in_param"": true, ""out_param"": false, ""optional"": false, ""string"": false, ""size_is"": null, ""length_is"": null, ""array"": null, ""sensitive"": false}, {""name"": ""requestUri"", ""type"": ""const char *"", ""ctype"": ""const char *"", ""attributes"": [""in"", ""string""], ""in_param"": true, ""out_param"": false, ""optional"": false, ""string"": true, ""size_is"": null, ""length_is"": null, ""array"": null, ""sensitive"": false}, {""name"": ""completionUri"", ""type"": ""const char *"", ""ctype"": ""const char *"", ""attributes"": [""in"", ""string""], ""in_param"": true, ""out_param"": false, ""optional"": false, ""string"": true, ""size_is"": null, ""length_is"": null, ""array"": null, ""sensitive"": false}]",[],stubbed_or_incomplete,"[{""kind"": ""FIXME"", ""file"": ""xgameui.c"", ""line"": 202, ""text"": ""FIXME( \""iface %p, async %p, requestingUser %p, requestUri %s, completionUri %s stub!\\n\"", iface, async, requestingUser, debugstr_a( requestUri ), debugstr_a( completionUri ) );""}, {""kind"": ""stub"", ""file"": ""xgameui.c"", ""line"": 202, ""text"": ""FIXME( \""iface %p, async %p, requestingUser %p, requestUri %s, completionUri %s stub!\\n\"", iface, async, requestingUser, debugstr_a( requestUri ), debugstr_a( completionUri ) );""}, {""kind"": ""E_NOTIMPL"", ""file"": ""xgameui.c"", ""line"": 203, ""text"": ""return E_NOTIMPL;""}]",False,https://learn.microsoft.com/gaming/gdk/docs/reference/system/xgameui/functions/xgameuishowwebauthenticationasync,False,[],"[{""number"": 11, ""title"": ""GDK Integration Progress."", ""url"": ""https://github.com/xodus-gaming/xgameruntime/issues/11""}, {""number"": 15, ""title"": ""XGameUi Implementation"", ""url"": ""https://github.com/xodus-gaming/xgameruntime/issues/15""}]",interface_method
4,620,XGameUI,xgameui.idl,IXGameUiImpl,6eeaa73e-9669-43ad-a2c7-d0da4e1f50a1,1,IUnknown,25,XGameUiShowWebAuthenticationResultSize,"HRESULT XGameUiShowWebAuthenticationResultSize([in, out] XAsyncBlock * async, [out] SIZE_T * bufferSize)",HRESULT,"[{""name"": ""async"", ""type"": ""XAsyncBlock *"", ""ctype"": ""XAsyncBlock *"", ""attributes"": [""in"", ""out""], ""in_param"": true, ""out_param"": true, ""optional"": false, ""string"": false, ""size_is"": null, ""length_is"": null, ""array"": null, ""sensitive"": false}, {""name"": ""bufferSize"", ""type"": ""SIZE_T *"", ""ctype"": ""SIZE_T *"", ""attributes"": [""out""], ""in_param"": false, ""out_param"": true, ""optional"": false, ""string"": false, ""size_is"": null, ""length_is"": null, ""array"": null, ""sensitive"": false}]",[],stubbed_or_incomplete,"[{""kind"": ""FIXME"", ""file"": ""xgameui.c"", ""line"": 208, ""text"": ""FIXME( \""iface %p, async %p, bufferSize %p stub!\\n\"", iface, async, bufferSize );""}, {""kind"": ""stub"", ""file"": ""xgameui.c"", ""line"": 208, ""text"": ""FIXME( \""iface %p, async %p, bufferSize %p stub!\\n\"", iface, async, bufferSize );""}, {""kind"": ""E_NOTIMPL"", ""file"": ""xgameui.c"", ""line"": 209, ""text"": ""return E_NOTIMPL;""}]",False,https://learn.microsoft.com/gaming/gdk/docs/reference/system/xgameui/functions/xgameuishowwebauthenticationresultsize,False,[],"[{""number"": 11, ""title"": ""GDK Integration Progress."", ""url"": ""https://github.com/xodus-gaming/xgameruntime/issues/11""}, {""number"": 15, ""title"": ""XGameUi Implementation"", ""url"": ""https://github.com/xodus-gaming/xgameruntime/issues/15""}]",interface_method
4,620,XGameUI,xgameui.idl,IXGameUiImpl,6eeaa73e-9669-43ad-a2c7-d0da4e1f50a1,1,IUnknown,26,XGameUiShowWebAuthenticationResult,"HRESULT XGameUiShowWebAuthenticationResult([in, out] XAsyncBlock * async, [in] SIZE_T bufferSize, [out, size_is(bufferSize)] void * buffer, [out, ptr] XGameUiWebAuthenticationResultData ** ptrToBuffer, [out, optional] SIZE_T * bufferUsed)",HRESULT,"[{""name"": ""async"", ""type"": ""XAsyncBlock *"", ""ctype"": ""XAsyncBlock *"", ""attributes"": [""in"", ""out""], ""in_param"": true, ""out_param"": true, ""optional"": false, ""string"": false, ""size_is"": null, ""length_is"": null, ""array"": null, ""sensitive"": false}, {""name"": ""bufferSize"", ""type"": ""SIZE_T"", ""ctype"": ""SIZE_T"", ""attributes"": [""in""], ""in_param"": true, ""out_param"": false, ""optional"": false, ""string"": false, ""size_is"": null, ""length_is"": null, ""array"": null, ""sensitive"": false}, {""name"": ""buffer"", ""type"": ""void *"", ""ctype"": ""void *"", ""attributes"": [""out"", ""size_is(bufferSize)""], ""in_param"": false, ""out_param"": true, ""optional"": false, ""string"": false, ""size_is"": ""bufferSize"", ""length_is"": null, ""array"": null, ""sensitive"": false}, {""name"": ""ptrToBuffer"", ""type"": ""XGameUiWebAuthenticationResultData * *"", ""ctype"": ""XGameUiWebAuthenticationResultData **"", ""attributes"": [""out"", ""ptr""], ""in_param"": false, ""out_param"": true, ""optional"": false, ""string"": false, ""size_is"": null, ""length_is"": null, ""array"": null, ""sensitive"": false}, {""name"": ""bufferUsed"", ""type"": ""SIZE_T *"", ""ctype"": ""SIZE_T *"", ""attributes"": [""out"", ""optional""], ""in_param"": false, ""out_param"": true, ""optional"": true, ""string"": false, ""size_is"": null, ""length_is"": null, ""array"": null, ""sensitive"": false}]",[],stubbed_or_incomplete,"[{""kind"": ""FIXME"", ""file"": ""xgameui.c"", ""line"": 214, ""text"": ""FIXME( \""iface %p, async %p, bufferSize %Iu, buffer %p, ptrToBuffer %p, bufferUsed %p stub!\\n\"", iface, async, bufferSize, buffer, ptrToBuffer, bufferUsed );""}, {""kind"": ""stub"", ""file"": ""xgameui.c"", ""line"": 214, ""text"": ""FIXME( \""iface %p, async %p, bufferSize %Iu, buffer %p, ptrToBuffer %p, bufferUsed %p stub!\\n\"", iface, async, bufferSize, buffer, ptrToBuffer, bufferUsed );""}, {""kind"": ""E_NOTIMPL"", ""file"": ""xgameui.c"", ""line"": 215, ""text"": ""return E_NOTIMPL;""}]",False,https://learn.microsoft.com/gaming/gdk/docs/reference/system/xgameui/functions/xgameuishowwebauthenticationresult,False,[],"[{""number"": 11, ""title"": ""GDK Integration Progress."", ""url"": ""https://github.com/xodus-gaming/xgameruntime/issues/11""}, {""number"": 15, ""title"": ""XGameUi Implementation"", ""url"": ""https://github.com/xodus-gaming/xgameruntime/issues/15""}]",interface_method
4,620,XGameUI,xgameui.idl,IXGameUiImpl,6eeaa73e-9669-43ad-a2c7-d0da4e1f50a1,1,IUnknown,27,XGameUiShowWebAuthenticationWithOptionsAsync,"HRESULT XGameUiShowWebAuthenticationWithOptionsAsync([in, out] XAsyncBlock * async, [in] XUserHandle requestingUser, [in, string] const char * requestUri, [in, string] const char * completionUri, [in] XGameUiWebAuthenticationOptions options)",HRESULT,"[{""name"": ""async"", ""type"": ""XAsyncBlock *"", ""ctype"": ""XAsyncBlock *"", ""attributes"": [""in"", ""out""], ""in_param"": true, ""out_param"": true, ""optional"": false, ""string"": false, ""size_is"": null, ""length_is"": null, ""array"": null, ""sensitive"": false}, {""name"": ""requestingUser"", ""type"": ""XUserHandle"", ""ctype"": ""XUserHandle"", ""attributes"": [""in""], ""in_param"": true, ""out_param"": false, ""optional"": false, ""string"": false, ""size_is"": null, ""length_is"": null, ""array"": null, ""sensitive"": false}, {""name"": ""requestUri"", ""type"": ""const char *"", ""ctype"": ""const char *"", ""attributes"": [""in"", ""string""], ""in_param"": true, ""out_param"": false, ""optional"": false, ""string"": true, ""size_is"": null, ""length_is"": null, ""array"": null, ""sensitive"": false}, {""name"": ""completionUri"", ""type"": ""const char *"", ""ctype"": ""const char *"", ""attributes"": [""in"", ""string""], ""in_param"": true, ""out_param"": false, ""optional"": false, ""string"": true, ""size_is"": null, ""length_is"": null, ""array"": null, ""sensitive"": false}, {""name"": ""options"", ""type"": ""XGameUiWebAuthenticationOptions"", ""ctype"": ""XGameUiWebAuthenticationOptions"", ""attributes"": [""in""], ""in_param"": true, ""out_param"": false, ""optional"": false, ""string"": false, ""size_is"": null, ""length_is"": null, ""array"": null, ""sensitive"": false}]",[],stubbed_or_incomplete,"[{""kind"": ""FIXME"", ""file"": ""xgameui.c"", ""line"": 220, ""text"": ""FIXME( \""iface %p, async %p, requestingUser %p, requestUri %s, completionUri %s, options %d stub!\\n\"", iface, async, requestingUser, debugstr_a( requestUri ), debugstr_a( completionUri ), options );""}, {""kind"": ""stub"", ""file"": ""xgameui.c"", ""line"": 220, ""text"": ""FIXME( \""iface %p, async %p, requestingUser %p, requestUri %s, completionUri %s, options %d stub!\\n\"", iface, async, requestingUser, debugstr_a( requestUri ), debugstr_a( completionUri ), options );""}, {""kind"": ""E_NOTIMPL"", ""file"": ""xgameui.c"", ""line"": 221, ""text"": ""return E_NOTIMPL;""}]",False,https://learn.microsoft.com/gaming/gdk/docs/reference/system/xgameui/functions/xgameuishowwebauthenticationwithoptionsasync,False,[],"[{""number"": 11, ""title"": ""GDK Integration Progress."", ""url"": ""https://github.com/xodus-gaming/xgameruntime/issues/11""}, {""number"": 15, ""title"": ""XGameUi Implementation"", ""url"": ""https://github.com/xodus-gaming/xgameruntime/issues/15""}]",interface_method
4,620,XGameUI,xgameui.idl,IXGameUiImpl,6eeaa73e-9669-43ad-a2c7-d0da4e1f50a1,1,IUnknown,28,__PADDING_5__,HRESULT __PADDING_5__(),HRESULT,[],[],unknown_padding,"[{""kind"": ""E_NOTIMPL"", ""file"": ""xgameui.c"", ""line"": 179, ""text"": ""return E_NOTIMPL;""}]",False,,False,[],"[{""number"": 11, ""title"": ""GDK Integration Progress."", ""url"": ""https://github.com/xodus-gaming/xgameruntime/issues/11""}, {""number"": 15, ""title"": ""XGameUi Implementation"", ""url"": ""https://github.com/xodus-gaming/xgameruntime/issues/15""}]",interface_method
4,620,XGameUI,xgameui.idl,IXGameUiImpl,6eeaa73e-9669-43ad-a2c7-d0da4e1f50a1,1,IUnknown,29,__PADDING_6__,HRESULT __PADDING_6__(),HRESULT,[],[],unknown_padding,"[{""kind"": ""E_NOTIMPL"", ""file"": ""xgameui.c"", ""line"": 179, ""text"": ""return E_NOTIMPL;""}]",False,,False,[],"[{""number"": 11, ""title"": ""GDK Integration Progress."", ""url"": ""https://github.com/xodus-gaming/xgameruntime/issues/11""}, {""number"": 15, ""title"": ""XGameUi Implementation"", ""url"": ""https://github.com/xodus-gaming/xgameruntime/issues/15""}]",interface_method
4,620,XGameUI,xgameui.idl,IXGameUiImpl2,36a03122-9ea3-4a3a-a8a4-899cfd85d7db,2,IXGameUiImpl,30,XGameUiShowMultiplayerActivityGameInviteAsync,"HRESULT XGameUiShowMultiplayerActivityGameInviteAsync([in, out] XAsyncBlock * async, [in] XUserHandle requestingUser)",HRESULT,"[{""name"": ""async"", ""type"": ""XAsyncBlock *"", ""ctype"": ""XAsyncBlock *"", ""attributes"": [""in"", ""out""], ""in_param"": true, ""out_param"": true, ""optional"": false, ""string"": false, ""size_is"": null, ""length_is"": null, ""array"": null, ""sensitive"": false}, {""name"": ""requestingUser"", ""type"": ""XUserHandle"", ""ctype"": ""XUserHandle"", ""attributes"": [""in""], ""in_param"": true, ""out_param"": false, ""optional"": false, ""string"": false, ""size_is"": null, ""length_is"": null, ""array"": null, ""sensitive"": false}]",[],stubbed_or_incomplete,"[{""kind"": ""FIXME"", ""file"": ""xgameui.c"", ""line"": 238, ""text"": ""FIXME( \""iface %p, async %p, requestingUser %p stub!\\n\"", iface, async, requestingUser );""}, {""kind"": ""stub"", ""file"": ""xgameui.c"", ""line"": 238, ""text"": ""FIXME( \""iface %p, async %p, requestingUser %p stub!\\n\"", iface, async, requestingUser );""}, {""kind"": ""E_NOTIMPL"", ""file"": ""xgameui.c"", ""line"": 239, ""text"": ""return E_NOTIMPL;""}]",False,https://learn.microsoft.com/gaming/gdk/docs/reference/system/xgameui/functions/xgameuishowmultiplayeractivitygameinviteasync,False,[],"[{""number"": 11, ""title"": ""GDK Integration Progress."", ""url"": ""https://github.com/xodus-gaming/xgameruntime/issues/11""}, {""number"": 15, ""title"": ""XGameUi Implementation"", ""url"": ""https://github.com/xodus-gaming/xgameruntime/issues/15""}]",interface_method
4,620,XGameUI,xgameui.idl,IXGameUiImpl2,36a03122-9ea3-4a3a-a8a4-899cfd85d7db,2,IXGameUiImpl,31,XGameUiShowMultiplayerActivityGameInviteResult,"HRESULT XGameUiShowMultiplayerActivityGameInviteResult([in, out] XAsyncBlock * async)",HRESULT,"[{""name"": ""async"", ""type"": ""XAsyncBlock *"", ""ctype"": ""XAsyncBlock *"", ""attributes"": [""in"", ""out""], ""in_param"": true, ""out_param"": true, ""optional"": false, ""string"": false, ""size_is"": null, ""length_is"": null, ""array"": null, ""sensitive"": false}]",[],stubbed_or_incomplete,"[{""kind"": ""FIXME"", ""file"": ""xgameui.c"", ""line"": 244, ""text"": ""FIXME( \""iface %p, async %p stub!\\n\"", iface, async );""}, {""kind"": ""stub"", ""file"": ""xgameui.c"", ""line"": 244, ""text"": ""FIXME( \""iface %p, async %p stub!\\n\"", iface, async );""}, {""kind"": ""E_NOTIMPL"", ""file"": ""xgameui.c"", ""line"": 245, ""text"": ""return E_NOTIMPL;""}]",False,https://learn.microsoft.com/gaming/gdk/docs/reference/system/xgameui/functions/xgameuishowmultiplayeractivitygameinviteresult,False,[],"[{""number"": 11, ""title"": ""GDK Integration Progress."", ""url"": ""https://github.com/xodus-gaming/xgameruntime/issues/11""}, {""number"": 15, ""title"": ""XGameUi Implementation"", ""url"": ""https://github.com/xodus-gaming/xgameruntime/issues/15""}]",interface_method
4,620,XGameUI,xgameui.idl,IXGameUiImpl2,36a03122-9ea3-4a3a-a8a4-899cfd85d7db,2,IXGameUiImpl,32,__PADDING_7__,HRESULT __PADDING_7__(),HRESULT,[],[],unknown_padding,"[{""kind"": ""E_NOTIMPL"", ""file"": ""xgameui.c"", ""line"": 179, ""text"": ""return E_NOTIMPL;""}]",False,,False,[],"[{""number"": 11, ""title"": ""GDK Integration Progress."", ""url"": ""https://github.com/xodus-gaming/xgameruntime/issues/11""}, {""number"": 15, ""title"": ""XGameUi Implementation"", ""url"": ""https://github.com/xodus-gaming/xgameruntime/issues/15""}]",interface_method
4,620,XGameUI,xgameui.idl,IXGameUiImpl2,36a03122-9ea3-4a3a-a8a4-899cfd85d7db,2,IXGameUiImpl,33,__PADDING_8__,HRESULT __PADDING_8__(),HRESULT,[],[],unknown_padding,"[{""kind"": ""E_NOTIMPL"", ""file"": ""xgameui.c"", ""line"": 179, ""text"": ""return E_NOTIMPL;""}]",False,,False,[],"[{""number"": 11, ""title"": ""GDK Integration Progress."", ""url"": ""https://github.com/xodus-gaming/xgameruntime/issues/11""}, {""number"": 15, ""title"": ""XGameUi Implementation"", ""url"": ""https://github.com/xodus-gaming/xgameruntime/issues/15""}]",interface_method
4,620,XGameUI,xgameui.idl,IXGameUiImpl2,36a03122-9ea3-4a3a-a8a4-899cfd85d7db,2,IXGameUiImpl,34,XGameUiTextEntryOpen,"HRESULT XGameUiTextEntryOpen([in] const XGameUiTextEntryOptions * options, [in] UINT32 maxLength, [in, optional, string] const char * initialText, [in] UINT32 initialCursorIndex, [out] XGameUiTextEntryHandle * handle)",HRESULT,"[{""name"": ""options"", ""type"": ""const XGameUiTextEntryOptions *"", ""ctype"": ""const XGameUiTextEntryOptions *"", ""attributes"": [""in""], ""in_param"": true, ""out_param"": false, ""optional"": false, ""string"": false, ""size_is"": null, ""length_is"": null, ""array"": null, ""sensitive"": false}, {""name"": ""maxLength"", ""type"": ""UINT32"", ""ctype"": ""UINT32"", ""attributes"": [""in""], ""in_param"": true, ""out_param"": false, ""optional"": false, ""string"": false, ""size_is"": null, ""length_is"": null, ""array"": null, ""sensitive"": false}, {""name"": ""initialText"", ""type"": ""const char *"", ""ctype"": ""const char *"", ""attributes"": [""in"", ""optional"", ""string""], ""in_param"": true, ""out_param"": false, ""optional"": true, ""string"": true, ""size_is"": null, ""length_is"": null, ""array"": null, ""sensitive"": false}, {""name"": ""initialCursorIndex"", ""type"": ""UINT32"", ""ctype"": ""UINT32"", ""attributes"": [""in""], ""in_param"": true, ""out_param"": false, ""optional"": false, ""string"": false, ""size_is"": null, ""length_is"": null, ""array"": null, ""sensitive"": false}, {""name"": ""handle"", ""type"": ""XGameUiTextEntryHandle *"", ""ctype"": ""XGameUiTextEntryHandle *"", ""attributes"": [""out""], ""in_param"": false, ""out_param"": true, ""optional"": false, ""string"": false, ""size_is"": null, ""length_is"": null, ""array"": null, ""sensitive"": false}]",[],stubbed_or_incomplete,"[{""kind"": ""FIXME"", ""file"": ""xgameui.c"", ""line"": 262, ""text"": ""FIXME( \""iface %p, options %p, maxLength %u, initialText %s, initialCursorIndex %u, handle %p stub!\\n\"", iface, options, maxLength, debugstr_a( initialText ), initialCursorIndex, handle );""}, {""kind"": ""stub"", ""file"": ""xgameui.c"", ""line"": 262, ""text"": ""FIXME( \""iface %p, options %p, maxLength %u, initialText %s, initialCursorIndex %u, handle %p stub!\\n\"", iface, options, maxLength, debugstr_a( initialText ), initialCursorIndex, handle );""}, {""kind"": ""E_NOTIMPL"", ""file"": ""xgameui.c"", ""line"": 263, ""text"": ""return E_NOTIMPL;""}]",False,https://learn.microsoft.com/gaming/gdk/docs/reference/system/xgameui/functions/xgameuitextentryopen,False,[],"[{""number"": 11, ""title"": ""GDK Integration Progress."", ""url"": ""https://github.com/xodus-gaming/xgameruntime/issues/11""}, {""number"": 15, ""title"": ""XGameUi Implementation"", ""url"": ""https://github.com/xodus-gaming/xgameruntime/issues/15""}]",interface_method
4,620,XGameUI,xgameui.idl,IXGameUiImpl2,36a03122-9ea3-4a3a-a8a4-899cfd85d7db,2,IXGameUiImpl,35,XGameUiTextEntryClose,HRESULT XGameUiTextEntryClose([in] XGameUiTextEntryHandle handle),HRESULT,"[{""name"": ""handle"", ""type"": ""XGameUiTextEntryHandle"", ""ctype"": ""XGameUiTextEntryHandle"", ""attributes"": [""in""], ""in_param"": true, ""out_param"": false, ""optional"": false, ""string"": false, ""size_is"": null, ""length_is"": null, ""array"": null, ""sensitive"": false}]",[],stubbed_or_incomplete,"[{""kind"": ""FIXME"", ""file"": ""xgameui.c"", ""line"": 268, ""text"": ""FIXME( \""iface %p, handle %p stub!\\n\"", iface, handle );""}, {""kind"": ""stub"", ""file"": ""xgameui.c"", ""line"": 268, ""text"": ""FIXME( \""iface %p, handle %p stub!\\n\"", iface, handle );""}, {""kind"": ""E_NOTIMPL"", ""file"": ""xgameui.c"", ""line"": 269, ""text"": ""return E_NOTIMPL;""}]",False,https://learn.microsoft.com/gaming/gdk/docs/reference/system/xgameui/functions/xgameuitextentryclose,False,[],"[{""number"": 11, ""title"": ""GDK Integration Progress."", ""url"": ""https://github.com/xodus-gaming/xgameruntime/issues/11""}, {""number"": 15, ""title"": ""XGameUi Implementation"", ""url"": ""https://github.com/xodus-gaming/xgameruntime/issues/15""}]",interface_method
4,620,XGameUI,xgameui.idl,IXGameUiImpl2,36a03122-9ea3-4a3a-a8a4-899cfd85d7db,2,IXGameUiImpl,36,XGameUiTextEntryGetState,"HRESULT XGameUiTextEntryGetState([in] XGameUiTextEntryHandle handle, [out] XGameUiTextEntryChangeTypeFlags * changeType, [out, optional] UINT32 * cursorIndex, [out, optional] UINT32 * imeClauseStartIndex, [out, optional] UINT32 * imeClauseEndIndex, [in] UINT32 bufferSize, [out, size_is(bufferSize)] char * buffer)",HRESULT,"[{""name"": ""handle"", ""type"": ""XGameUiTextEntryHandle"", ""ctype"": ""XGameUiTextEntryHandle"", ""attributes"": [""in""], ""in_param"": true, ""out_param"": false, ""optional"": false, ""string"": false, ""size_is"": null, ""length_is"": null, ""array"": null, ""sensitive"": false}, {""name"": ""changeType"", ""type"": ""XGameUiTextEntryChangeTypeFlags *"", ""ctype"": ""XGameUiTextEntryChangeTypeFlags *"", ""attributes"": [""out""], ""in_param"": false, ""out_param"": true, ""optional"": false, ""string"": false, ""size_is"": null, ""length_is"": null, ""array"": null, ""sensitive"": false}, {""name"": ""cursorIndex"", ""type"": ""UINT32 *"", ""ctype"": ""UINT32 *"", ""attributes"": [""out"", ""optional""], ""in_param"": false, ""out_param"": true, ""optional"": true, ""string"": false, ""size_is"": null, ""length_is"": null, ""array"": null, ""sensitive"": false}, {""name"": ""imeClauseStartIndex"", ""type"": ""UINT32 *"", ""ctype"": ""UINT32 *"", ""attributes"": [""out"", ""optional""], ""in_param"": false, ""out_param"": true, ""optional"": true, ""string"": false, ""size_is"": null, ""length_is"": null, ""array"": null, ""sensitive"": false}, {""name"": ""imeClauseEndIndex"", ""type"": ""UINT32 *"", ""ctype"": ""UINT32 *"", ""attributes"": [""out"", ""optional""], ""in_param"": false, ""out_param"": true, ""optional"": true, ""string"": false, ""size_is"": null, ""length_is"": null, ""array"": null, ""sensitive"": false}, {""name"": ""bufferSize"", ""type"": ""UINT32"", ""ctype"": ""UINT32"", ""attributes"": [""in""], ""in_param"": true, ""out_param"": false, ""optional"": false, ""string"": false, ""size_is"": null, ""length_is"": null, ""array"": null, ""sensitive"": false}, {""name"": ""buffer"", ""type"": ""char *"", ""ctype"": ""char *"", ""attributes"": [""out"", ""size_is(bufferSize)""], ""in_param"": false, ""out_param"": true, ""optional"": false, ""string"": false, ""size_is"": ""bufferSize"", ""length_is"": null, ""array"": null, ""sensitive"": false}]",[],stubbed_or_incomplete,"[{""kind"": ""FIXME"", ""file"": ""xgameui.c"", ""line"": 274, ""text"": ""FIXME( \""iface %p, handle %p, changeType %p, cursorIndex %p, imeClauseStartIndex %p, imeClauseEndIndex %p, bufferSize %u, buffer %p stub!\\n\"", iface, handle, changeType, cursorIndex, imeClauseStartIndex, imeClauseEndIndex, bufferSize, buffer );""}, {""kind"": ""stub"", ""file"": ""xgameui.c"", ""line"": 274, ""text"": ""FIXME( \""iface %p, handle %p, changeType %p, cursorIndex %p, imeClauseStartIndex %p, imeClauseEndIndex %p, bufferSize %u, buffer %p stub!\\n\"", iface, handle, changeType, cursorIndex, imeClauseStartIndex, imeClauseEndIndex, bufferSize, buffer );""}, {""kind"": ""E_NOTIMPL"", ""file"": ""xgameui.c"", ""line"": 275, ""text"": ""return E_NOTIMPL;""}]",False,https://learn.microsoft.com/gaming/gdk/docs/reference/system/xgameui/functions/xgameuitextentrygetstate,False,[],"[{""number"": 11, ""title"": ""GDK Integration Progress."", ""url"": ""https://github.com/xodus-gaming/xgameruntime/issues/11""}, {""number"": 15, ""title"": ""XGameUi Implementation"", ""url"": ""https://github.com/xodus-gaming/xgameruntime/issues/15""}]",interface_method
4,620,XGameUI,xgameui.idl,IXGameUiImpl2,36a03122-9ea3-4a3a-a8a4-899cfd85d7db,2,IXGameUiImpl,37,XGameUiTextEntryGetExtents,"HRESULT XGameUiTextEntryGetExtents([in] XGameUiTextEntryHandle handle, [out] XGameUiTextEntryExtents * extents)",HRESULT,"[{""name"": ""handle"", ""type"": ""XGameUiTextEntryHandle"", ""ctype"": ""XGameUiTextEntryHandle"", ""attributes"": [""in""], ""in_param"": true, ""out_param"": false, ""optional"": false, ""string"": false, ""size_is"": null, ""length_is"": null, ""array"": null, ""sensitive"": false}, {""name"": ""extents"", ""type"": ""XGameUiTextEntryExtents *"", ""ctype"": ""XGameUiTextEntryExtents *"", ""attributes"": [""out""], ""in_param"": false, ""out_param"": true, ""optional"": false, ""string"": false, ""size_is"": null, ""length_is"": null, ""array"": null, ""sensitive"": false}]",[],stubbed_or_incomplete,"[{""kind"": ""FIXME"", ""file"": ""xgameui.c"", ""line"": 280, ""text"": ""FIXME( \""iface %p, handle %p, extents %p stub!\\n\"", iface, handle, extents );""}, {""kind"": ""stub"", ""file"": ""xgameui.c"", ""line"": 280, ""text"": ""FIXME( \""iface %p, handle %p, extents %p stub!\\n\"", iface, handle, extents );""}, {""kind"": ""E_NOTIMPL"", ""file"": ""xgameui.c"", ""line"": 281, ""text"": ""return E_NOTIMPL;""}]",False,https://learn.microsoft.com/gaming/gdk/docs/reference/system/xgameui/functions/xgameuitextentrygetextents,False,[],"[{""number"": 11, ""title"": ""GDK Integration Progress."", ""url"": ""https://github.com/xodus-gaming/xgameruntime/issues/11""}, {""number"": 15, ""title"": ""XGameUi Implementation"", ""url"": ""https://github.com/xodus-gaming/xgameruntime/issues/15""}]",interface_method
4,620,XGameUI,xgameui.idl,IXGameUiImpl2,36a03122-9ea3-4a3a-a8a4-899cfd85d7db,2,IXGameUiImpl,38,XGameUiTextEntryUpdatePositionHint,"HRESULT XGameUiTextEntryUpdatePositionHint([in] XGameUiTextEntryHandle handle, [in] XGameUiTextEntryPositionHint positionHint)",HRESULT,"[{""name"": ""handle"", ""type"": ""XGameUiTextEntryHandle"", ""ctype"": ""XGameUiTextEntryHandle"", ""attributes"": [""in""], ""in_param"": true, ""out_param"": false, ""optional"": false, ""string"": false, ""size_is"": null, ""length_is"": null, ""array"": null, ""sensitive"": false}, {""name"": ""positionHint"", ""type"": ""XGameUiTextEntryPositionHint"", ""ctype"": ""XGameUiTextEntryPositionHint"", ""attributes"": [""in""], ""in_param"": true, ""out_param"": false, ""optional"": false, ""string"": false, ""size_is"": null, ""length_is"": null, ""array"": null, ""sensitive"": false}]",[],stubbed_or_incomplete,"[{""kind"": ""FIXME"", ""file"": ""xgameui.c"", ""line"": 286, ""text"": ""FIXME( \""iface %p, handle %p, positionHint %d stub!\\n\"", iface, handle, positionHint );""}, {""kind"": ""stub"", ""file"": ""xgameui.c"", ""line"": 286, ""text"": ""FIXME( \""iface %p, handle %p, positionHint %d stub!\\n\"", iface, handle, positionHint );""}, {""kind"": ""E_NOTIMPL"", ""file"": ""xgameui.c"", ""line"": 287, ""text"": ""return E_NOTIMPL;""}]",False,https://learn.microsoft.com/gaming/gdk/docs/reference/system/xgameui/functions/xgameuitextentryupdatepositionhint,False,[],"[{""number"": 11, ""title"": ""GDK Integration Progress."", ""url"": ""https://github.com/xodus-gaming/xgameruntime/issues/11""}, {""number"": 15, ""title"": ""XGameUi Implementation"", ""url"": ""https://github.com/xodus-gaming/xgameruntime/issues/15""}]",interface_method
4,620,XGameUI,xgameui.idl,IXGameUiImpl2,36a03122-9ea3-4a3a-a8a4-899cfd85d7db,2,IXGameUiImpl,39,XGameUiTextEntryUpdateVisibility,"HRESULT XGameUiTextEntryUpdateVisibility([in] XGameUiTextEntryHandle handle, [in] XGameUiTextEntryVisibilityFlags visibilityFlags)",HRESULT,"[{""name"": ""handle"", ""type"": ""XGameUiTextEntryHandle"", ""ctype"": ""XGameUiTextEntryHandle"", ""attributes"": [""in""], ""in_param"": true, ""out_param"": false, ""optional"": false, ""string"": false, ""size_is"": null, ""length_is"": null, ""array"": null, ""sensitive"": false}, {""name"": ""visibilityFlags"", ""type"": ""XGameUiTextEntryVisibilityFlags"", ""ctype"": ""XGameUiTextEntryVisibilityFlags"", ""attributes"": [""in""], ""in_param"": true, ""out_param"": false, ""optional"": false, ""string"": false, ""size_is"": null, ""length_is"": null, ""array"": null, ""sensitive"": false}]",[],stubbed_or_incomplete,"[{""kind"": ""FIXME"", ""file"": ""xgameui.c"", ""line"": 292, ""text"": ""FIXME( \""iface %p, handle %p, visibilityFlags %d stub!\\n\"", iface, handle, visibilityFlags );""}, {""kind"": ""stub"", ""file"": ""xgameui.c"", ""line"": 292, ""text"": ""FIXME( \""iface %p, handle %p, visibilityFlags %d stub!\\n\"", iface, handle, visibilityFlags );""}, {""kind"": ""E_NOTIMPL"", ""file"": ""xgameui.c"", ""line"": 293, ""text"": ""return E_NOTIMPL;""}]",False,https://learn.microsoft.com/gaming/gdk/docs/reference/system/xgameui/functions/xgameuitextentryupdatevisibility,False,[],"[{""number"": 11, ""title"": ""GDK Integration Progress."", ""url"": ""https://github.com/xodus-gaming/xgameruntime/issues/11""}, {""number"": 15, ""title"": ""XGameUi Implementation"", ""url"": ""https://github.com/xodus-gaming/xgameruntime/issues/15""}]",interface_method
4,620,XGameUI,xgameui.idl,IXGameUiImpl3,ade7eba1-2093-42ce-a544-a523a66790e0,3,IXGameUiImpl2,40,XGameUiShowStateShareAsync,"HRESULT XGameUiShowStateShareAsync([in, out] XAsyncBlock * async, [in] XUserHandle requestingUser, [in, string] const char * linkToken)",HRESULT,"[{""name"": ""async"", ""type"": ""XAsyncBlock *"", ""ctype"": ""XAsyncBlock *"", ""attributes"": [""in"", ""out""], ""in_param"": true, ""out_param"": true, ""optional"": false, ""string"": false, ""size_is"": null, ""length_is"": null, ""array"": null, ""sensitive"": false}, {""name"": ""requestingUser"", ""type"": ""XUserHandle"", ""ctype"": ""XUserHandle"", ""attributes"": [""in""], ""in_param"": true, ""out_param"": false, ""optional"": false, ""string"": false, ""size_is"": null, ""length_is"": null, ""array"": null, ""sensitive"": false}, {""name"": ""linkToken"", ""type"": ""const char *"", ""ctype"": ""const char *"", ""attributes"": [""in"", ""string""], ""in_param"": true, ""out_param"": false, ""optional"": false, ""string"": true, ""size_is"": null, ""length_is"": null, ""array"": null, ""sensitive"": true}]",[],stubbed_or_incomplete,"[{""kind"": ""FIXME"", ""file"": ""xgameui.c"", ""line"": 298, ""text"": ""FIXME( \""iface %p, async %p, requestingUser %p, linkToken %s stub!\\n\"", iface, async, requestingUser, debugstr_a( linkToken ) );""}, {""kind"": ""stub"", ""file"": ""xgameui.c"", ""line"": 298, ""text"": ""FIXME( \""iface %p, async %p, requestingUser %p, linkToken %s stub!\\n\"", iface, async, requestingUser, debugstr_a( linkToken ) );""}, {""kind"": ""E_NOTIMPL"", ""file"": ""xgameui.c"", ""line"": 299, ""text"": ""return E_NOTIMPL;""}]",False,https://learn.microsoft.com/gaming/gdk/docs/reference/system/xgameui/functions/xgameuishowstateshareasync,False,[],"[{""number"": 11, ""title"": ""GDK Integration Progress."", ""url"": ""https://github.com/xodus-gaming/xgameruntime/issues/11""}, {""number"": 15, ""title"": ""XGameUi Implementation"", ""url"": ""https://github.com/xodus-gaming/xgameruntime/issues/15""}]",interface_method
4,620,XGameUI,xgameui.idl,IXGameUiImpl3,ade7eba1-2093-42ce-a544-a523a66790e0,3,IXGameUiImpl2,41,XGameUiShowStateShareResult,"HRESULT XGameUiShowStateShareResult([in, out] XAsyncBlock * async)",HRESULT,"[{""name"": ""async"", ""type"": ""XAsyncBlock *"", ""ctype"": ""XAsyncBlock *"", ""attributes"": [""in"", ""out""], ""in_param"": true, ""out_param"": true, ""optional"": false, ""string"": false, ""size_is"": null, ""length_is"": null, ""array"": null, ""sensitive"": false}]",[],stubbed_or_incomplete,"[{""kind"": ""FIXME"", ""file"": ""xgameui.c"", ""line"": 304, ""text"": ""FIXME( \""iface %p, async %p stub!\\n\"", iface, async );""}, {""kind"": ""stub"", ""file"": ""xgameui.c"", ""line"": 304, ""text"": ""FIXME( \""iface %p, async %p stub!\\n\"", iface, async );""}, {""kind"": ""E_NOTIMPL"", ""file"": ""xgameui.c"", ""line"": 305, ""text"": ""return E_NOTIMPL;""}]",False,https://learn.microsoft.com/gaming/gdk/docs/reference/system/xgameui/functions/xgameuishowstateshareresult,False,[],"[{""number"": 11, ""title"": ""GDK Integration Progress."", ""url"": ""https://github.com/xodus-gaming/xgameruntime/issues/11""}, {""number"": 15, ""title"": ""XGameUi Implementation"", ""url"": ""https://github.com/xodus-gaming/xgameruntime/issues/15""}]",interface_method
4,620,XGameUI,xgameui.idl,IXGameUiImpl4,eaf669df-5542-4590-99a3-8dc061f837cc,4,IXGameUiImpl3,42,XGameUiSetUiCallbacks,"HRESULT XGameUiSetUiCallbacks([in] const XGameUiUiCallbacks * callbacks, [in] BOOLEAN useSystemUiIfAvailable)",HRESULT,"[{""name"": ""callbacks"", ""type"": ""const XGameUiUiCallbacks *"", ""ctype"": ""const XGameUiUiCallbacks *"", ""attributes"": [""in""], ""in_param"": true, ""out_param"": false, ""optional"": false, ""string"": false, ""size_is"": null, ""length_is"": null, ""array"": null, ""sensitive"": false}, {""name"": ""useSystemUiIfAvailable"", ""type"": ""BOOLEAN"", ""ctype"": ""BOOLEAN"", ""attributes"": [""in""], ""in_param"": true, ""out_param"": false, ""optional"": false, ""string"": false, ""size_is"": null, ""length_is"": null, ""array"": null, ""sensitive"": false}]",[],stubbed_or_incomplete,"[{""kind"": ""FIXME"", ""file"": ""xgameui.c"", ""line"": 310, ""text"": ""FIXME( \""iface %p, callbacks %p, useSystemUiIfAvailable %d stub!\\n\"", iface, callbacks, useSystemUiIfAvailable );""}, {""kind"": ""stub"", ""file"": ""xgameui.c"", ""line"": 310, ""text"": ""FIXME( \""iface %p, callbacks %p, useSystemUiIfAvailable %d stub!\\n\"", iface, callbacks, useSystemUiIfAvailable );""}, {""kind"": ""E_NOTIMPL"", ""file"": ""xgameui.c"", ""line"": 311, ""text"": ""return E_NOTIMPL;""}]",False,https://learn.microsoft.com/gaming/gdk/docs/reference/system/xgameui/functions/xgameuisetuicallbacks,False,[],"[{""number"": 11, ""title"": ""GDK Integration Progress."", ""url"": ""https://github.com/xodus-gaming/xgameruntime/issues/11""}, {""number"": 15, ""title"": ""XGameUi Implementation"", ""url"": ""https://github.com/xodus-gaming/xgameruntime/issues/15""}]",interface_method
4,620,XGameUI,xgameui.idl,IXGameUiImpl4,eaf669df-5542-4590-99a3-8dc061f837cc,4,IXGameUiImpl3,43,XGameUiSetMessageDialogUiResponse,"HRESULT XGameUiSetMessageDialogUiResponse([in] XGameUiCallbackHandle callbackHandle, [in] XGameUiMessageDialogButton response)",HRESULT,"[{""name"": ""callbackHandle"", ""type"": ""XGameUiCallbackHandle"", ""ctype"": ""XGameUiCallbackHandle"", ""attributes"": [""in""], ""in_param"": true, ""out_param"": false, ""optional"": false, ""string"": false, ""size_is"": null, ""length_is"": null, ""array"": null, ""sensitive"": false}, {""name"": ""response"", ""type"": ""XGameUiMessageDialogButton"", ""ctype"": ""XGameUiMessageDialogButton"", ""attributes"": [""in""], ""in_param"": true, ""out_param"": false, ""optional"": false, ""string"": false, ""size_is"": null, ""length_is"": null, ""array"": null, ""sensitive"": false}]",[],stubbed_or_incomplete,"[{""kind"": ""FIXME"", ""file"": ""xgameui.c"", ""line"": 316, ""text"": ""FIXME( \""iface %p, callbackHandle %p, response %d stub!\\n\"", iface, callbackHandle, response );""}, {""kind"": ""stub"", ""file"": ""xgameui.c"", ""line"": 316, ""text"": ""FIXME( \""iface %p, callbackHandle %p, response %d stub!\\n\"", iface, callbackHandle, response );""}, {""kind"": ""E_NOTIMPL"", ""file"": ""xgameui.c"", ""line"": 317, ""text"": ""return E_NOTIMPL;""}]",False,https://learn.microsoft.com/gaming/gdk/docs/reference/system/xgameui/functions/xgameuisetmessagedialoguiresponse,False,[],"[{""number"": 11, ""title"": ""GDK Integration Progress."", ""url"": ""https://github.com/xodus-gaming/xgameruntime/issues/11""}, {""number"": 15, ""title"": ""XGameUi Implementation"", ""url"": ""https://github.com/xodus-gaming/xgameruntime/issues/15""}]",interface_method
4,620,XGameUI,xgameui.idl,IXGameUiImpl4,eaf669df-5542-4590-99a3-8dc061f837cc,4,IXGameUiImpl3,44,XGameUiSetPlayerPickerUiResponse,"HRESULT XGameUiSetPlayerPickerUiResponse([in] XGameUiCallbackHandle callbackHandle, [in] UINT32 playerCount, [in, length_is(playerCount)] const UINT64 * players)",HRESULT,"[{""name"": ""callbackHandle"", ""type"": ""XGameUiCallbackHandle"", ""ctype"": ""XGameUiCallbackHandle"", ""attributes"": [""in""], ""in_param"": true, ""out_param"": false, ""optional"": false, ""string"": false, ""size_is"": null, ""length_is"": null, ""array"": null, ""sensitive"": false}, {""name"": ""playerCount"", ""type"": ""UINT32"", ""ctype"": ""UINT32"", ""attributes"": [""in""], ""in_param"": true, ""out_param"": false, ""optional"": false, ""string"": false, ""size_is"": null, ""length_is"": null, ""array"": null, ""sensitive"": false}, {""name"": ""players"", ""type"": ""const UINT64 *"", ""ctype"": ""const UINT64 *"", ""attributes"": [""in"", ""length_is(playerCount)""], ""in_param"": true, ""out_param"": false, ""optional"": false, ""string"": false, ""size_is"": null, ""length_is"": ""playerCount"", ""array"": ""*"", ""sensitive"": false}]",[],stubbed_or_incomplete,"[{""kind"": ""FIXME"", ""file"": ""xgameui.c"", ""line"": 322, ""text"": ""FIXME( \""iface %p, callbackHandle %p, playerCount %u, players %p stub!\\n\"", iface, callbackHandle, playerCount, players );""}, {""kind"": ""stub"", ""file"": ""xgameui.c"", ""line"": 322, ""text"": ""FIXME( \""iface %p, callbackHandle %p, playerCount %u, players %p stub!\\n\"", iface, callbackHandle, playerCount, players );""}, {""kind"": ""E_NOTIMPL"", ""file"": ""xgameui.c"", ""line"": 323, ""text"": ""return E_NOTIMPL;""}]",False,https://learn.microsoft.com/gaming/gdk/docs/reference/system/xgameui/functions/xgameuisetplayerpickeruiresponse,False,[],"[{""number"": 11, ""title"": ""GDK Integration Progress."", ""url"": ""https://github.com/xodus-gaming/xgameruntime/issues/11""}, {""number"": 15, ""title"": ""XGameUi Implementation"", ""url"": ""https://github.com/xodus-gaming/xgameruntime/issues/15""}]",interface_method
4,620,XGameUI,xgameui.idl,IXGameUiImpl4,eaf669df-5542-4590-99a3-8dc061f837cc,4,IXGameUiImpl3,45,XGameUiSetTextEntryUiResponse,"HRESULT XGameUiSetTextEntryUiResponse([in] XGameUiCallbackHandle callbackHandle, [in, string] const char * response)",HRESULT,"[{""name"": ""callbackHandle"", ""type"": ""XGameUiCallbackHandle"", ""ctype"": ""XGameUiCallbackHandle"", ""attributes"": [""in""], ""in_param"": true, ""out_param"": false, ""optional"": false, ""string"": false, ""size_is"": null, ""length_is"": null, ""array"": null, ""sensitive"": false}, {""name"": ""response"", ""type"": ""const char *"", ""ctype"": ""const char *"", ""attributes"": [""in"", ""string""], ""in_param"": true, ""out_param"": false, ""optional"": false, ""string"": true, ""size_is"": null, ""length_is"": null, ""array"": null, ""sensitive"": false}]",[],stubbed_or_incomplete,"[{""kind"": ""FIXME"", ""file"": ""xgameui.c"", ""line"": 328, ""text"": ""FIXME( \""iface %p, callbackHandle %p, response %s stub!\\n\"", iface, callbackHandle, debugstr_a( response ) );""}, {""kind"": ""stub"", ""file"": ""xgameui.c"", ""line"": 328, ""text"": ""FIXME( \""iface %p, callbackHandle %p, response %s stub!\\n\"", iface, callbackHandle, debugstr_a( response ) );""}, {""kind"": ""E_NOTIMPL"", ""file"": ""xgameui.c"", ""line"": 329, ""text"": ""return E_NOTIMPL;""}]",False,https://learn.microsoft.com/gaming/gdk/docs/reference/system/xgameui/functions/xgameuisettextentryuiresponse,False,[],"[{""number"": 11, ""title"": ""GDK Integration Progress."", ""url"": ""https://github.com/xodus-gaming/xgameruntime/issues/11""}, {""number"": 15, ""title"": ""XGameUi Implementation"", ""url"": ""https://github.com/xodus-gaming/xgameruntime/issues/15""}]",interface_method
4,620,XGameUI,xgameui.idl,IXGameUiImpl4,eaf669df-5542-4590-99a3-8dc061f837cc,4,IXGameUiImpl3,46,XGameUiSetPlayerProfileCardUiResponse,HRESULT XGameUiSetPlayerProfileCardUiResponse([in] XGameUiCallbackHandle callbackHandle),HRESULT,"[{""name"": ""callbackHandle"", ""type"": ""XGameUiCallbackHandle"", ""ctype"": ""XGameUiCallbackHandle"", ""attributes"": [""in""], ""in_param"": true, ""out_param"": false, ""optional"": false, ""string"": false, ""size_is"": null, ""length_is"": null, ""array"": null, ""sensitive"": false}]",[],stubbed_or_incomplete,"[{""kind"": ""FIXME"", ""file"": ""xgameui.c"", ""line"": 334, ""text"": ""FIXME( \""iface %p, callbackHandle %p stub!\\n\"", iface, callbackHandle );""}, {""kind"": ""stub"", ""file"": ""xgameui.c"", ""line"": 334, ""text"": ""FIXME( \""iface %p, callbackHandle %p stub!\\n\"", iface, callbackHandle );""}, {""kind"": ""E_NOTIMPL"", ""file"": ""xgameui.c"", ""line"": 335, ""text"": ""return E_NOTIMPL;""}]",False,https://learn.microsoft.com/gaming/gdk/docs/reference/system/xgameui/functions/xgameuisetplayerprofilecarduiresponse,False,[],"[{""number"": 11, ""title"": ""GDK Integration Progress."", ""url"": ""https://github.com/xodus-gaming/xgameruntime/issues/11""}, {""number"": 15, ""title"": ""XGameUi Implementation"", ""url"": ""https://github.com/xodus-gaming/xgameruntime/issues/15""}]",interface_method
4,620,XGameUI,xgameui.idl,IXGameUiImpl4,eaf669df-5542-4590-99a3-8dc061f837cc,4,IXGameUiImpl3,47,XGameUiSetSendGameInviteUiResponse,HRESULT XGameUiSetSendGameInviteUiResponse([in] XGameUiCallbackHandle callbackHandle),HRESULT,"[{""name"": ""callbackHandle"", ""type"": ""XGameUiCallbackHandle"", ""ctype"": ""XGameUiCallbackHandle"", ""attributes"": [""in""], ""in_param"": true, ""out_param"": false, ""optional"": false, ""string"": false, ""size_is"": null, ""length_is"": null, ""array"": null, ""sensitive"": false}]",[],stubbed_or_incomplete,"[{""kind"": ""FIXME"", ""file"": ""xgameui.c"", ""line"": 340, ""text"": ""FIXME( \""iface %p, callbackHandle %p stub!\\n\"", iface, callbackHandle );""}, {""kind"": ""stub"", ""file"": ""xgameui.c"", ""line"": 340, ""text"": ""FIXME( \""iface %p, callbackHandle %p stub!\\n\"", iface, callbackHandle );""}, {""kind"": ""E_NOTIMPL"", ""file"": ""xgameui.c"", ""line"": 341, ""text"": ""return E_NOTIMPL;""}]",False,https://learn.microsoft.com/gaming/gdk/docs/reference/system/xgameui/functions/xgameuisetsendgameinviteuiresponse,False,[],"[{""number"": 11, ""title"": ""GDK Integration Progress."", ""url"": ""https://github.com/xodus-gaming/xgameruntime/issues/11""}, {""number"": 15, ""title"": ""XGameUi Implementation"", ""url"": ""https://github.com/xodus-gaming/xgameruntime/issues/15""}]",interface_method
4,620,XGameUI,xgameui.idl,IXGameUiImpl4,eaf669df-5542-4590-99a3-8dc061f837cc,4,IXGameUiImpl3,48,XGameUiSetAchievementsUiResponse,HRESULT XGameUiSetAchievementsUiResponse([in] XGameUiCallbackHandle callbackHandle),HRESULT,"[{""name"": ""callbackHandle"", ""type"": ""XGameUiCallbackHandle"", ""ctype"": ""XGameUiCallbackHandle"", ""attributes"": [""in""], ""in_param"": true, ""out_param"": false, ""optional"": false, ""string"": false, ""size_is"": null, ""length_is"": null, ""array"": null, ""sensitive"": false}]",[],stubbed_or_incomplete,"[{""kind"": ""FIXME"", ""file"": ""xgameui.c"", ""line"": 346, ""text"": ""FIXME( \""iface %p, callbackHandle %p stub!\\n\"", iface, callbackHandle );""}, {""kind"": ""stub"", ""file"": ""xgameui.c"", ""line"": 346, ""text"": ""FIXME( \""iface %p, callbackHandle %p stub!\\n\"", iface, callbackHandle );""}, {""kind"": ""E_NOTIMPL"", ""file"": ""xgameui.c"", ""line"": 347, ""text"": ""return E_NOTIMPL;""}]",False,https://learn.microsoft.com/gaming/gdk/docs/reference/system/xgameui/functions/xgameuisetachievementsuiresponse,False,[],"[{""number"": 11, ""title"": ""GDK Integration Progress."", ""url"": ""https://github.com/xodus-gaming/xgameruntime/issues/11""}, {""number"": 15, ""title"": ""XGameUi Implementation"", ""url"": ""https://github.com/xodus-gaming/xgameruntime/issues/15""}]",interface_method
4,620,XGameUI,xgameui.idl,IXGameUiImpl4,eaf669df-5542-4590-99a3-8dc061f837cc,4,IXGameUiImpl3,49,XGameUiSetMultiplayerActivityGameInviteUiResponse,HRESULT XGameUiSetMultiplayerActivityGameInviteUiResponse([in] XGameUiCallbackHandle callbackHandle),HRESULT,"[{""name"": ""callbackHandle"", ""type"": ""XGameUiCallbackHandle"", ""ctype"": ""XGameUiCallbackHandle"", ""attributes"": [""in""], ""in_param"": true, ""out_param"": false, ""optional"": false, ""string"": false, ""size_is"": null, ""length_is"": null, ""array"": null, ""sensitive"": false}]",[],stubbed_or_incomplete,"[{""kind"": ""FIXME"", ""file"": ""xgameui.c"", ""line"": 352, ""text"": ""FIXME( \""iface %p, callbackHandle %p stub!\\n\"", iface, callbackHandle );""}, {""kind"": ""stub"", ""file"": ""xgameui.c"", ""line"": 352, ""text"": ""FIXME( \""iface %p, callbackHandle %p stub!\\n\"", iface, callbackHandle );""}, {""kind"": ""E_NOTIMPL"", ""file"": ""xgameui.c"", ""line"": 353, ""text"": ""return E_NOTIMPL;""}]",False,https://learn.microsoft.com/gaming/gdk/docs/reference/system/xgameui/functions/xgameuisetmultiplayeractivitygameinviteuiresponse,False,[],"[{""number"": 11, ""title"": ""GDK Integration Progress."", ""url"": ""https://github.com/xodus-gaming/xgameruntime/issues/11""}, {""number"": 15, ""title"": ""XGameUi Implementation"", ""url"": ""https://github.com/xodus-gaming/xgameruntime/issues/15""}]",interface_method
4,620,XGameUI,xgameui.idl,IXGameUiImpl4,eaf669df-5542-4590-99a3-8dc061f837cc,4,IXGameUiImpl3,50,XGameUiSetErrorDialogUiResponse,HRESULT XGameUiSetErrorDialogUiResponse([in] XGameUiCallbackHandle callbackHandle),HRESULT,"[{""name"": ""callbackHandle"", ""type"": ""XGameUiCallbackHandle"", ""ctype"": ""XGameUiCallbackHandle"", ""attributes"": [""in""], ""in_param"": true, ""out_param"": false, ""optional"": false, ""string"": false, ""size_is"": null, ""length_is"": null, ""array"": null, ""sensitive"": false}]",[],stubbed_or_incomplete,"[{""kind"": ""FIXME"", ""file"": ""xgameui.c"", ""line"": 358, ""text"": ""FIXME( \""iface %p, callbackHandle %p stub!\\n\"", iface, callbackHandle );""}, {""kind"": ""stub"", ""file"": ""xgameui.c"", ""line"": 358, ""text"": ""FIXME( \""iface %p, callbackHandle %p stub!\\n\"", iface, callbackHandle );""}, {""kind"": ""E_NOTIMPL"", ""file"": ""xgameui.c"", ""line"": 359, ""text"": ""return E_NOTIMPL;""}]",False,https://learn.microsoft.com/gaming/gdk/docs/reference/system/xgameui/functions/xgameuiseterrordialoguiresponse,False,[],"[{""number"": 11, ""title"": ""GDK Integration Progress."", ""url"": ""https://github.com/xodus-gaming/xgameruntime/issues/11""}, {""number"": 15, ""title"": ""XGameUi Implementation"", ""url"": ""https://github.com/xodus-gaming/xgameruntime/issues/15""}]",interface_method
5,520,XAccessibility,xaccessibility.idl,IXAccessibilityImpl,3e241977-6237-41e9-8559-102c2d9983f1,1,IUnknown,3,XClosedCaptionGetProperties,HRESULT XClosedCaptionGetProperties([out] XClosedCaptionProperties * props),HRESULT,"[{""name"": ""props"", ""type"": ""XClosedCaptionProperties *"", ""ctype"": ""XClosedCaptionProperties *"", ""attributes"": [""out""], ""in_param"": false, ""out_param"": true, ""optional"": false, ""string"": false, ""size_is"": null, ""length_is"": null, ""array"": null, ""sensitive"": false}]",[],stubbed_or_incomplete,"[{""kind"": ""FIXME"", ""file"": ""xaccessibility.c"", ""line"": 74, ""text"": ""FIXME( \""iface %p, properties %p stub!\\n\"", iface, properties );""}, {""kind"": ""stub"", ""file"": ""xaccessibility.c"", ""line"": 74, ""text"": ""FIXME( \""iface %p, properties %p stub!\\n\"", iface, properties );""}, {""kind"": ""E_NOTIMPL"", ""file"": ""xaccessibility.c"", ""line"": 75, ""text"": ""return E_NOTIMPL;""}]",False,https://learn.microsoft.com/gaming/gdk/docs/reference/system/xaccessibility/functions/xclosedcaptiongetproperties,False,[],"[{""number"": 11, ""title"": ""GDK Integration Progress."", ""url"": ""https://github.com/xodus-gaming/xgameruntime/issues/11""}, {""number"": 17, ""title"": ""XAccessibility/XSpeechSynthesizer Implementation"", ""url"": ""https://github.com/xodus-gaming/xgameruntime/issues/17""}]",interface_method
5,520,XAccessibility,xaccessibility.idl,IXAccessibilityImpl,3e241977-6237-41e9-8559-102c2d9983f1,1,IUnknown,4,XClosedCaptionSetEnabled,HRESULT XClosedCaptionSetEnabled([in] BOOLEAN enabled),HRESULT,"[{""name"": ""enabled"", ""type"": ""BOOLEAN"", ""ctype"": ""BOOLEAN"", ""attributes"": [""in""], ""in_param"": true, ""out_param"": false, ""optional"": false, ""string"": false, ""size_is"": null, ""length_is"": null, ""array"": null, ""sensitive"": false}]",[],stubbed_or_incomplete,"[{""kind"": ""FIXME"", ""file"": ""xaccessibility.c"", ""line"": 80, ""text"": ""FIXME( \""iface %p, enabled %d stub!\\n\"", iface, enabled );""}, {""kind"": ""stub"", ""file"": ""xaccessibility.c"", ""line"": 80, ""text"": ""FIXME( \""iface %p, enabled %d stub!\\n\"", iface, enabled );""}, {""kind"": ""E_NOTIMPL"", ""file"": ""xaccessibility.c"", ""line"": 81, ""text"": ""return E_NOTIMPL;""}]",False,https://learn.microsoft.com/gaming/gdk/docs/reference/system/xaccessibility/functions/xclosedcaptionsetenabled,False,[],"[{""number"": 11, ""title"": ""GDK Integration Progress."", ""url"": ""https://github.com/xodus-gaming/xgameruntime/issues/11""}, {""number"": 17, ""title"": ""XAccessibility/XSpeechSynthesizer Implementation"", ""url"": ""https://github.com/xodus-gaming/xgameruntime/issues/17""}]",interface_method
5,520,XAccessibility,xaccessibility.idl,IXAccessibilityImpl,3e241977-6237-41e9-8559-102c2d9983f1,1,IUnknown,5,XHighContrastGetMode,HRESULT XHighContrastGetMode([out] XHighContrastMode * mode),HRESULT,"[{""name"": ""mode"", ""type"": ""XHighContrastMode *"", ""ctype"": ""XHighContrastMode *"", ""attributes"": [""out""], ""in_param"": false, ""out_param"": true, ""optional"": false, ""string"": false, ""size_is"": null, ""length_is"": null, ""array"": null, ""sensitive"": false}]",[],stubbed_or_incomplete,"[{""kind"": ""FIXME"", ""file"": ""xaccessibility.c"", ""line"": 86, ""text"": ""FIXME( \""iface %p, mode %p stub!\\n\"", iface, mode );""}, {""kind"": ""stub"", ""file"": ""xaccessibility.c"", ""line"": 86, ""text"": ""FIXME( \""iface %p, mode %p stub!\\n\"", iface, mode );""}, {""kind"": ""E_NOTIMPL"", ""file"": ""xaccessibility.c"", ""line"": 87, ""text"": ""return E_NOTIMPL;""}]",False,https://learn.microsoft.com/gaming/gdk/docs/reference/system/xaccessibility/functions/xhighcontrastgetmode,False,[],"[{""number"": 11, ""title"": ""GDK Integration Progress."", ""url"": ""https://github.com/xodus-gaming/xgameruntime/issues/11""}, {""number"": 17, ""title"": ""XAccessibility/XSpeechSynthesizer Implementation"", ""url"": ""https://github.com/xodus-gaming/xgameruntime/issues/17""}]",interface_method
5,520,XAccessibility,xaccessibility.idl,IXAccessibilityImpl,3e241977-6237-41e9-8559-102c2d9983f1,1,IUnknown,6,XSpeechToTextSetPositionHint,HRESULT XSpeechToTextSetPositionHint([in] XSpeechToTextPositionHint position),HRESULT,"[{""name"": ""position"", ""type"": ""XSpeechToTextPositionHint"", ""ctype"": ""XSpeechToTextPositionHint"", ""attributes"": [""in""], ""in_param"": true, ""out_param"": false, ""optional"": false, ""string"": false, ""size_is"": null, ""length_is"": null, ""array"": null, ""sensitive"": false}]",[],stubbed_or_incomplete,"[{""kind"": ""FIXME"", ""file"": ""xaccessibility.c"", ""line"": 92, ""text"": ""FIXME( \""iface %p, position %d stub!\\n\"", iface, position );""}, {""kind"": ""stub"", ""file"": ""xaccessibility.c"", ""line"": 92, ""text"": ""FIXME( \""iface %p, position %d stub!\\n\"", iface, position );""}, {""kind"": ""E_NOTIMPL"", ""file"": ""xaccessibility.c"", ""line"": 93, ""text"": ""return E_NOTIMPL;""}]",False,https://learn.microsoft.com/gaming/gdk/docs/reference/system/xaccessibility/functions/xspeechtotextsetpositionhint,False,[],"[{""number"": 11, ""title"": ""GDK Integration Progress."", ""url"": ""https://github.com/xodus-gaming/xgameruntime/issues/11""}, {""number"": 17, ""title"": ""XAccessibility/XSpeechSynthesizer Implementation"", ""url"": ""https://github.com/xodus-gaming/xgameruntime/issues/17""}]",interface_method
5,520,XAccessibility,xaccessibility.idl,IXAccessibilityImpl,3e241977-6237-41e9-8559-102c2d9983f1,1,IUnknown,7,XSpeechToTextSendString,"HRESULT XSpeechToTextSendString([in, string] const char * speakerName, [in, string] const char * content, [in] XSpeechToTextType type)",HRESULT,"[{""name"": ""speakerName"", ""type"": ""const char *"", ""ctype"": ""const char *"", ""attributes"": [""in"", ""string""], ""in_param"": true, ""out_param"": false, ""optional"": false, ""string"": true, ""size_is"": null, ""length_is"": null, ""array"": null, ""sensitive"": false}, {""name"": ""content"", ""type"": ""const char *"", ""ctype"": ""const char *"", ""attributes"": [""in"", ""string""], ""in_param"": true, ""out_param"": false, ""optional"": false, ""string"": true, ""size_is"": null, ""length_is"": null, ""array"": null, ""sensitive"": false}, {""name"": ""type"", ""type"": ""XSpeechToTextType"", ""ctype"": ""XSpeechToTextType"", ""attributes"": [""in""], ""in_param"": true, ""out_param"": false, ""optional"": false, ""string"": false, ""size_is"": null, ""length_is"": null, ""array"": null, ""sensitive"": false}]",[],stubbed_or_incomplete,"[{""kind"": ""FIXME"", ""file"": ""xaccessibility.c"", ""line"": 98, ""text"": ""FIXME( \""iface %p, speakerName %s, content %s, type %d stub!\\n\"", iface, debugstr_a( speakerName ), debugstr_a( content ), type );""}, {""kind"": ""stub"", ""file"": ""xaccessibility.c"", ""line"": 98, ""text"": ""FIXME( \""iface %p, speakerName %s, content %s, type %d stub!\\n\"", iface, debugstr_a( speakerName ), debugstr_a( content ), type );""}, {""kind"": ""E_NOTIMPL"", ""file"": ""xaccessibility.c"", ""line"": 99, ""text"": ""return E_NOTIMPL;""}]",False,https://learn.microsoft.com/gaming/gdk/docs/reference/system/xaccessibility/functions/xspeechtotextsendstring,False,[],"[{""number"": 11, ""title"": ""GDK Integration Progress."", ""url"": ""https://github.com/xodus-gaming/xgameruntime/issues/11""}, {""number"": 17, ""title"": ""XAccessibility/XSpeechSynthesizer Implementation"", ""url"": ""https://github.com/xodus-gaming/xgameruntime/issues/17""}]",interface_method
5,520,XAccessibility,xaccessibility.idl,IXAccessibilityImpl,3e241977-6237-41e9-8559-102c2d9983f1,1,IUnknown,8,XSpeechSynthesizerEnumerateInstalledVoices,"HRESULT XSpeechSynthesizerEnumerateInstalledVoices([in, optional] void * context, [in] XSpeechSynthesizerInstalledVoicesCallback * callback)",HRESULT,"[{""name"": ""context"", ""type"": ""void *"", ""ctype"": ""void *"", ""attributes"": [""in"", ""optional""], ""in_param"": true, ""out_param"": false, ""optional"": true, ""string"": false, ""size_is"": null, ""length_is"": null, ""array"": null, ""sensitive"": false}, {""name"": ""callback"", ""type"": ""XSpeechSynthesizerInstalledVoicesCallback *"", ""ctype"": ""XSpeechSynthesizerInstalledVoicesCallback *"", ""attributes"": [""in""], ""in_param"": true, ""out_param"": false, ""optional"": false, ""string"": false, ""size_is"": null, ""length_is"": null, ""array"": null, ""sensitive"": false}]",[],stubbed_or_incomplete,"[{""kind"": ""FIXME"", ""file"": ""xaccessibility.c"", ""line"": 104, ""text"": ""FIXME( \""iface %p, context %p, callback %p stub!\\n\"", iface, context, callback );""}, {""kind"": ""stub"", ""file"": ""xaccessibility.c"", ""line"": 104, ""text"": ""FIXME( \""iface %p, context %p, callback %p stub!\\n\"", iface, context, callback );""}, {""kind"": ""E_NOTIMPL"", ""file"": ""xaccessibility.c"", ""line"": 105, ""text"": ""return E_NOTIMPL;""}]",False,https://learn.microsoft.com/gaming/gdk/docs/reference/system/xspeechsynthesizer/functions/xspeechsynthesizerenumerateinstalledvoices,False,[],"[{""number"": 11, ""title"": ""GDK Integration Progress."", ""url"": ""https://github.com/xodus-gaming/xgameruntime/issues/11""}, {""number"": 17, ""title"": ""XAccessibility/XSpeechSynthesizer Implementation"", ""url"": ""https://github.com/xodus-gaming/xgameruntime/issues/17""}]",interface_method
5,520,XAccessibility,xaccessibility.idl,IXAccessibilityImpl,3e241977-6237-41e9-8559-102c2d9983f1,1,IUnknown,9,XSpeechSynthesizerCreate,HRESULT XSpeechSynthesizerCreate([out] XSpeechSynthesizerHandle * speechSynthesizer),HRESULT,"[{""name"": ""speechSynthesizer"", ""type"": ""XSpeechSynthesizerHandle *"", ""ctype"": ""XSpeechSynthesizerHandle *"", ""attributes"": [""out""], ""in_param"": false, ""out_param"": true, ""optional"": false, ""string"": false, ""size_is"": null, ""length_is"": null, ""array"": null, ""sensitive"": false}]",[],stubbed_or_incomplete,"[{""kind"": ""FIXME"", ""file"": ""xaccessibility.c"", ""line"": 110, ""text"": ""FIXME( \""iface %p, speechSynthesizer %p stub!\\n\"", iface, speechSynthesizer );""}, {""kind"": ""stub"", ""file"": ""xaccessibility.c"", ""line"": 110, ""text"": ""FIXME( \""iface %p, speechSynthesizer %p stub!\\n\"", iface, speechSynthesizer );""}, {""kind"": ""E_NOTIMPL"", ""file"": ""xaccessibility.c"", ""line"": 111, ""text"": ""return E_NOTIMPL;""}]",False,https://learn.microsoft.com/gaming/gdk/docs/reference/system/xspeechsynthesizer/functions/xspeechsynthesizercreate,False,[],"[{""number"": 11, ""title"": ""GDK Integration Progress."", ""url"": ""https://github.com/xodus-gaming/xgameruntime/issues/11""}, {""number"": 17, ""title"": ""XAccessibility/XSpeechSynthesizer Implementation"", ""url"": ""https://github.com/xodus-gaming/xgameruntime/issues/17""}]",interface_method
5,520,XAccessibility,xaccessibility.idl,IXAccessibilityImpl,3e241977-6237-41e9-8559-102c2d9983f1,1,IUnknown,10,XSpeechSynthesizerCloseHandle,"HRESULT XSpeechSynthesizerCloseHandle([in, optional] XSpeechSynthesizerHandle speechSynthesizer)",HRESULT,"[{""name"": ""speechSynthesizer"", ""type"": ""XSpeechSynthesizerHandle"", ""ctype"": ""XSpeechSynthesizerHandle"", ""attributes"": [""in"", ""optional""], ""in_param"": true, ""out_param"": false, ""optional"": true, ""string"": false, ""size_is"": null, ""length_is"": null, ""array"": null, ""sensitive"": false}]",[],stubbed_or_incomplete,"[{""kind"": ""FIXME"", ""file"": ""xaccessibility.c"", ""line"": 116, ""text"": ""FIXME( \""iface %p, speechSynthesizer %p stub!\\n\"", iface, speechSynthesizer );""}, {""kind"": ""stub"", ""file"": ""xaccessibility.c"", ""line"": 116, ""text"": ""FIXME( \""iface %p, speechSynthesizer %p stub!\\n\"", iface, speechSynthesizer );""}, {""kind"": ""E_NOTIMPL"", ""file"": ""xaccessibility.c"", ""line"": 117, ""text"": ""return E_NOTIMPL;""}]",False,https://learn.microsoft.com/gaming/gdk/docs/reference/system/xspeechsynthesizer/functions/xspeechsynthesizerclosehandle,False,[],"[{""number"": 11, ""title"": ""GDK Integration Progress."", ""url"": ""https://github.com/xodus-gaming/xgameruntime/issues/11""}, {""number"": 17, ""title"": ""XAccessibility/XSpeechSynthesizer Implementation"", ""url"": ""https://github.com/xodus-gaming/xgameruntime/issues/17""}]",interface_method
5,520,XAccessibility,xaccessibility.idl,IXAccessibilityImpl,3e241977-6237-41e9-8559-102c2d9983f1,1,IUnknown,11,XSpeechSynthesizerSetDefaultVoice,HRESULT XSpeechSynthesizerSetDefaultVoice([in] XSpeechSynthesizerHandle speechSynthesizer),HRESULT,"[{""name"": ""speechSynthesizer"", ""type"": ""XSpeechSynthesizerHandle"", ""ctype"": ""XSpeechSynthesizerHandle"", ""attributes"": [""in""], ""in_param"": true, ""out_param"": false, ""optional"": false, ""string"": false, ""size_is"": null, ""length_is"": null, ""array"": null, ""sensitive"": false}]",[],stubbed_or_incomplete,"[{""kind"": ""FIXME"", ""file"": ""xaccessibility.c"", ""line"": 122, ""text"": ""FIXME( \""iface %p, speechSynthesizer %p stub!\\n\"", iface, speechSynthesizer );""}, {""kind"": ""stub"", ""file"": ""xaccessibility.c"", ""line"": 122, ""text"": ""FIXME( \""iface %p, speechSynthesizer %p stub!\\n\"", iface, speechSynthesizer );""}, {""kind"": ""E_NOTIMPL"", ""file"": ""xaccessibility.c"", ""line"": 123, ""text"": ""return E_NOTIMPL;""}]",False,https://learn.microsoft.com/gaming/gdk/docs/reference/system/xspeechsynthesizer/functions/xspeechsynthesizersetdefaultvoice,False,[],"[{""number"": 11, ""title"": ""GDK Integration Progress."", ""url"": ""https://github.com/xodus-gaming/xgameruntime/issues/11""}, {""number"": 17, ""title"": ""XAccessibility/XSpeechSynthesizer Implementation"", ""url"": ""https://github.com/xodus-gaming/xgameruntime/issues/17""}]",interface_method
5,520,XAccessibility,xaccessibility.idl,IXAccessibilityImpl,3e241977-6237-41e9-8559-102c2d9983f1,1,IUnknown,12,XSpeechSynthesizerSetCustomVoice,"HRESULT XSpeechSynthesizerSetCustomVoice([in] XSpeechSynthesizerHandle speechSynthesizer, [in, string] const char * voiceId)",HRESULT,"[{""name"": ""speechSynthesizer"", ""type"": ""XSpeechSynthesizerHandle"", ""ctype"": ""XSpeechSynthesizerHandle"", ""attributes"": [""in""], ""in_param"": true, ""out_param"": false, ""optional"": false, ""string"": false, ""size_is"": null, ""length_is"": null, ""array"": null, ""sensitive"": false}, {""name"": ""voiceId"", ""type"": ""const char *"", ""ctype"": ""const char *"", ""attributes"": [""in"", ""string""], ""in_param"": true, ""out_param"": false, ""optional"": false, ""string"": true, ""size_is"": null, ""length_is"": null, ""array"": null, ""sensitive"": false}]",[],stubbed_or_incomplete,"[{""kind"": ""FIXME"", ""file"": ""xaccessibility.c"", ""line"": 128, ""text"": ""FIXME( \""iface %p, speechSynthesizer %p, voiceId %s stub!\\n\"", iface, speechSynthesizer, debugstr_a( voiceId ) );""}, {""kind"": ""stub"", ""file"": ""xaccessibility.c"", ""line"": 128, ""text"": ""FIXME( \""iface %p, speechSynthesizer %p, voiceId %s stub!\\n\"", iface, speechSynthesizer, debugstr_a( voiceId ) );""}, {""kind"": ""E_NOTIMPL"", ""file"": ""xaccessibility.c"", ""line"": 129, ""text"": ""return E_NOTIMPL;""}]",False,https://learn.microsoft.com/gaming/gdk/docs/reference/system/xspeechsynthesizer/functions/xspeechsynthesizersetcustomvoice,False,[],"[{""number"": 11, ""title"": ""GDK Integration Progress."", ""url"": ""https://github.com/xodus-gaming/xgameruntime/issues/11""}, {""number"": 17, ""title"": ""XAccessibility/XSpeechSynthesizer Implementation"", ""url"": ""https://github.com/xodus-gaming/xgameruntime/issues/17""}]",interface_method
5,520,XAccessibility,xaccessibility.idl,IXAccessibilityImpl,3e241977-6237-41e9-8559-102c2d9983f1,1,IUnknown,13,XSpeechSynthesizerCreateStreamFromText,"HRESULT XSpeechSynthesizerCreateStreamFromText([in] XSpeechSynthesizerHandle speechSynthesizer, [in, string] const char * text, [out] XSpeechSynthesizerStreamHandle * speechSynthesisStream)",HRESULT,"[{""name"": ""speechSynthesizer"", ""type"": ""XSpeechSynthesizerHandle"", ""ctype"": ""XSpeechSynthesizerHandle"", ""attributes"": [""in""], ""in_param"": true, ""out_param"": false, ""optional"": false, ""string"": false, ""size_is"": null, ""length_is"": null, ""array"": null, ""sensitive"": false}, {""name"": ""text"", ""type"": ""const char *"", ""ctype"": ""const char *"", ""attributes"": [""in"", ""string""], ""in_param"": true, ""out_param"": false, ""optional"": false, ""string"": true, ""size_is"": null, ""length_is"": null, ""array"": null, ""sensitive"": false}, {""name"": ""speechSynthesisStream"", ""type"": ""XSpeechSynthesizerStreamHandle *"", ""ctype"": ""XSpeechSynthesizerStreamHandle *"", ""attributes"": [""out""], ""in_param"": false, ""out_param"": true, ""optional"": false, ""string"": false, ""size_is"": null, ""length_is"": null, ""array"": null, ""sensitive"": false}]",[],stubbed_or_incomplete,"[{""kind"": ""FIXME"", ""file"": ""xaccessibility.c"", ""line"": 134, ""text"": ""FIXME( \""iface %p, speechSynthesizer %p, text %s, speechSynthesisStream %p stub!\\n\"", iface, speechSynthesizer, debugstr_a( text ), speechSynthesisStream );""}, {""kind"": ""stub"", ""file"": ""xaccessibility.c"", ""line"": 134, ""text"": ""FIXME( \""iface %p, speechSynthesizer %p, text %s, speechSynthesisStream %p stub!\\n\"", iface, speechSynthesizer, debugstr_a( text ), speechSynthesisStream );""}, {""kind"": ""E_NOTIMPL"", ""file"": ""xaccessibility.c"", ""line"": 135, ""text"": ""return E_NOTIMPL;""}]",False,https://learn.microsoft.com/gaming/gdk/docs/reference/system/xspeechsynthesizer/functions/xspeechsynthesizercreatestreamfromtext,False,[],"[{""number"": 11, ""title"": ""GDK Integration Progress."", ""url"": ""https://github.com/xodus-gaming/xgameruntime/issues/11""}, {""number"": 17, ""title"": ""XAccessibility/XSpeechSynthesizer Implementation"", ""url"": ""https://github.com/xodus-gaming/xgameruntime/issues/17""}]",interface_method
5,520,XAccessibility,xaccessibility.idl,IXAccessibilityImpl,3e241977-6237-41e9-8559-102c2d9983f1,1,IUnknown,14,XSpeechSynthesizerCloseStreamHandle,HRESULT XSpeechSynthesizerCloseStreamHandle([in] XSpeechSynthesizerStreamHandle speechSynthesisStream),HRESULT,"[{""name"": ""speechSynthesisStream"", ""type"": ""XSpeechSynthesizerStreamHandle"", ""ctype"": ""XSpeechSynthesizerStreamHandle"", ""attributes"": [""in""], ""in_param"": true, ""out_param"": false, ""optional"": false, ""string"": false, ""size_is"": null, ""length_is"": null, ""array"": null, ""sensitive"": false}]",[],stubbed_or_incomplete,"[{""kind"": ""FIXME"", ""file"": ""xaccessibility.c"", ""line"": 140, ""text"": ""FIXME( \""iface %p, speechSynthesisStream %p stub!\\n\"", iface, speechSynthesisStream );""}, {""kind"": ""stub"", ""file"": ""xaccessibility.c"", ""line"": 140, ""text"": ""FIXME( \""iface %p, speechSynthesisStream %p stub!\\n\"", iface, speechSynthesisStream );""}, {""kind"": ""E_NOTIMPL"", ""file"": ""xaccessibility.c"", ""line"": 141, ""text"": ""return E_NOTIMPL;""}]",False,https://learn.microsoft.com/gaming/gdk/docs/reference/system/xspeechsynthesizer/functions/xspeechsynthesizerclosestreamhandle,False,[],"[{""number"": 11, ""title"": ""GDK Integration Progress."", ""url"": ""https://github.com/xodus-gaming/xgameruntime/issues/11""}, {""number"": 17, ""title"": ""XAccessibility/XSpeechSynthesizer Implementation"", ""url"": ""https://github.com/xodus-gaming/xgameruntime/issues/17""}]",interface_method
5,520,XAccessibility,xaccessibility.idl,IXAccessibilityImpl,3e241977-6237-41e9-8559-102c2d9983f1,1,IUnknown,15,XSpeechSynthesizerGetStreamDataSize,"HRESULT XSpeechSynthesizerGetStreamDataSize([in] XSpeechSynthesizerStreamHandle speechSynthesisStream, [out] SIZE_T * bufferSize)",HRESULT,"[{""name"": ""speechSynthesisStream"", ""type"": ""XSpeechSynthesizerStreamHandle"", ""ctype"": ""XSpeechSynthesizerStreamHandle"", ""attributes"": [""in""], ""in_param"": true, ""out_param"": false, ""optional"": false, ""string"": false, ""size_is"": null, ""length_is"": null, ""array"": null, ""sensitive"": false}, {""name"": ""bufferSize"", ""type"": ""SIZE_T *"", ""ctype"": ""SIZE_T *"", ""attributes"": [""out""], ""in_param"": false, ""out_param"": true, ""optional"": false, ""string"": false, ""size_is"": null, ""length_is"": null, ""array"": null, ""sensitive"": false}]",[],stubbed_or_incomplete,"[{""kind"": ""FIXME"", ""file"": ""xaccessibility.c"", ""line"": 146, ""text"": ""FIXME( \""iface %p, speechSynthesisStream %p, bufferSize %p stub!\\n\"", iface, speechSynthesisStream, bufferSize );""}, {""kind"": ""stub"", ""file"": ""xaccessibility.c"", ""line"": 146, ""text"": ""FIXME( \""iface %p, speechSynthesisStream %p, bufferSize %p stub!\\n\"", iface, speechSynthesisStream, bufferSize );""}, {""kind"": ""E_NOTIMPL"", ""file"": ""xaccessibility.c"", ""line"": 147, ""text"": ""return E_NOTIMPL;""}]",False,https://learn.microsoft.com/gaming/gdk/docs/reference/system/xspeechsynthesizer/functions/xspeechsynthesizergetstreamdatasize,False,[],"[{""number"": 11, ""title"": ""GDK Integration Progress."", ""url"": ""https://github.com/xodus-gaming/xgameruntime/issues/11""}, {""number"": 17, ""title"": ""XAccessibility/XSpeechSynthesizer Implementation"", ""url"": ""https://github.com/xodus-gaming/xgameruntime/issues/17""}]",interface_method
5,520,XAccessibility,xaccessibility.idl,IXAccessibilityImpl,3e241977-6237-41e9-8559-102c2d9983f1,1,IUnknown,16,XSpeechSynthesizerGetStreamData,"HRESULT XSpeechSynthesizerGetStreamData([in] XSpeechSynthesizerStreamHandle speechSynthesisStream, [in] SIZE_T bufferSize, [out, size_is(bufferSize)] void * buffer, [out, optional] SIZE_T * bufferUsed)",HRESULT,"[{""name"": ""speechSynthesisStream"", ""type"": ""XSpeechSynthesizerStreamHandle"", ""ctype"": ""XSpeechSynthesizerStreamHandle"", ""attributes"": [""in""], ""in_param"": true, ""out_param"": false, ""optional"": false, ""string"": false, ""size_is"": null, ""length_is"": null, ""array"": null, ""sensitive"": false}, {""name"": ""bufferSize"", ""type"": ""SIZE_T"", ""ctype"": ""SIZE_T"", ""attributes"": [""in""], ""in_param"": true, ""out_param"": false, ""optional"": false, ""string"": false, ""size_is"": null, ""length_is"": null, ""array"": null, ""sensitive"": false}, {""name"": ""buffer"", ""type"": ""void *"", ""ctype"": ""void *"", ""attributes"": [""out"", ""size_is(bufferSize)""], ""in_param"": false, ""out_param"": true, ""optional"": false, ""string"": false, ""size_is"": ""bufferSize"", ""length_is"": null, ""array"": null, ""sensitive"": false}, {""name"": ""bufferUsed"", ""type"": ""SIZE_T *"", ""ctype"": ""SIZE_T *"", ""attributes"": [""out"", ""optional""], ""in_param"": false, ""out_param"": true, ""optional"": true, ""string"": false, ""size_is"": null, ""length_is"": null, ""array"": null, ""sensitive"": false}]",[],stubbed_or_incomplete,"[{""kind"": ""FIXME"", ""file"": ""xaccessibility.c"", ""line"": 152, ""text"": ""FIXME( \""iface %p, speechSynthesisStream %p, bufferSize %Iu, buffer %p, bufferUsed %p stub!\\n\"", iface, speechSynthesisStream, bufferSize, buffer, bufferUsed );""}, {""kind"": ""stub"", ""file"": ""xaccessibility.c"", ""line"": 152, ""text"": ""FIXME( \""iface %p, speechSynthesisStream %p, bufferSize %Iu, buffer %p, bufferUsed %p stub!\\n\"", iface, speechSynthesisStream, bufferSize, buffer, bufferUsed );""}, {""kind"": ""E_NOTIMPL"", ""file"": ""xaccessibility.c"", ""line"": 153, ""text"": ""return E_NOTIMPL;""}]",False,https://learn.microsoft.com/gaming/gdk/docs/reference/system/xspeechsynthesizer/functions/xspeechsynthesizergetstreamdata,False,[],"[{""number"": 11, ""title"": ""GDK Integration Progress."", ""url"": ""https://github.com/xodus-gaming/xgameruntime/issues/11""}, {""number"": 17, ""title"": ""XAccessibility/XSpeechSynthesizer Implementation"", ""url"": ""https://github.com/xodus-gaming/xgameruntime/issues/17""}]",interface_method
5,520,XAccessibility,xaccessibility.idl,IXAccessibilityImpl,3e241977-6237-41e9-8559-102c2d9983f1,1,IUnknown,17,XSpeechToTextBeginHypothesisString,"HRESULT XSpeechToTextBeginHypothesisString([in, string] const char * speakerName, [in, string] const char * content, [in] XSpeechToTextType type, [out] UINT32 * hypothesisId)",HRESULT,"[{""name"": ""speakerName"", ""type"": ""const char *"", ""ctype"": ""const char *"", ""attributes"": [""in"", ""string""], ""in_param"": true, ""out_param"": false, ""optional"": false, ""string"": true, ""size_is"": null, ""length_is"": null, ""array"": null, ""sensitive"": false}, {""name"": ""content"", ""type"": ""const char *"", ""ctype"": ""const char *"", ""attributes"": [""in"", ""string""], ""in_param"": true, ""out_param"": false, ""optional"": false, ""string"": true, ""size_is"": null, ""length_is"": null, ""array"": null, ""sensitive"": false}, {""name"": ""type"", ""type"": ""XSpeechToTextType"", ""ctype"": ""XSpeechToTextType"", ""attributes"": [""in""], ""in_param"": true, ""out_param"": false, ""optional"": false, ""string"": false, ""size_is"": null, ""length_is"": null, ""array"": null, ""sensitive"": false}, {""name"": ""hypothesisId"", ""type"": ""UINT32 *"", ""ctype"": ""UINT32 *"", ""attributes"": [""out""], ""in_param"": false, ""out_param"": true, ""optional"": false, ""string"": false, ""size_is"": null, ""length_is"": null, ""array"": null, ""sensitive"": false}]",[],stubbed_or_incomplete,"[{""kind"": ""FIXME"", ""file"": ""xaccessibility.c"", ""line"": 158, ""text"": ""FIXME( \""iface %p, speakerName %s, content %s, type %d, hypothesisId %p stub!\\n\"", iface, debugstr_a( speakerName ), debugstr_a( content ), type, hypothesisId );""}, {""kind"": ""stub"", ""file"": ""xaccessibility.c"", ""line"": 158, ""text"": ""FIXME( \""iface %p, speakerName %s, content %s, type %d, hypothesisId %p stub!\\n\"", iface, debugstr_a( speakerName ), debugstr_a( content ), type, hypothesisId );""}, {""kind"": ""E_NOTIMPL"", ""file"": ""xaccessibility.c"", ""line"": 159, ""text"": ""return E_NOTIMPL;""}]",False,https://learn.microsoft.com/gaming/gdk/docs/reference/system/xaccessibility/functions/xspeechtotextbeginhypothesisstring,False,[],"[{""number"": 11, ""title"": ""GDK Integration Progress."", ""url"": ""https://github.com/xodus-gaming/xgameruntime/issues/11""}, {""number"": 17, ""title"": ""XAccessibility/XSpeechSynthesizer Implementation"", ""url"": ""https://github.com/xodus-gaming/xgameruntime/issues/17""}]",interface_method
5,520,XAccessibility,xaccessibility.idl,IXAccessibilityImpl,3e241977-6237-41e9-8559-102c2d9983f1,1,IUnknown,18,XSpeechToTextUpdateHypothesisString,"HRESULT XSpeechToTextUpdateHypothesisString([in] UINT32 hypothesisId, [in, string] const char * content)",HRESULT,"[{""name"": ""hypothesisId"", ""type"": ""UINT32"", ""ctype"": ""UINT32"", ""attributes"": [""in""], ""in_param"": true, ""out_param"": false, ""optional"": false, ""string"": false, ""size_is"": null, ""length_is"": null, ""array"": null, ""sensitive"": false}, {""name"": ""content"", ""type"": ""const char *"", ""ctype"": ""const char *"", ""attributes"": [""in"", ""string""], ""in_param"": true, ""out_param"": false, ""optional"": false, ""string"": true, ""size_is"": null, ""length_is"": null, ""array"": null, ""sensitive"": false}]",[],stubbed_or_incomplete,"[{""kind"": ""FIXME"", ""file"": ""xaccessibility.c"", ""line"": 164, ""text"": ""FIXME( \""iface %p, hypothesisId %u, content %s stub!\\n\"", iface, hypothesisId, debugstr_a( content ) );""}, {""kind"": ""stub"", ""file"": ""xaccessibility.c"", ""line"": 164, ""text"": ""FIXME( \""iface %p, hypothesisId %u, content %s stub!\\n\"", iface, hypothesisId, debugstr_a( content ) );""}, {""kind"": ""E_NOTIMPL"", ""file"": ""xaccessibility.c"", ""line"": 165, ""text"": ""return E_NOTIMPL;""}]",False,https://learn.microsoft.com/gaming/gdk/docs/reference/system/xaccessibility/functions/xspeechtotextupdatehypothesisstring,False,[],"[{""number"": 11, ""title"": ""GDK Integration Progress."", ""url"": ""https://github.com/xodus-gaming/xgameruntime/issues/11""}, {""number"": 17, ""title"": ""XAccessibility/XSpeechSynthesizer Implementation"", ""url"": ""https://github.com/xodus-gaming/xgameruntime/issues/17""}]",interface_method
5,520,XAccessibility,xaccessibility.idl,IXAccessibilityImpl,3e241977-6237-41e9-8559-102c2d9983f1,1,IUnknown,19,XSpeechToTextFinalizeHypothesisString,"HRESULT XSpeechToTextFinalizeHypothesisString([in] UINT32 hypothesisId, [in, string] const char * content)",HRESULT,"[{""name"": ""hypothesisId"", ""type"": ""UINT32"", ""ctype"": ""UINT32"", ""attributes"": [""in""], ""in_param"": true, ""out_param"": false, ""optional"": false, ""string"": false, ""size_is"": null, ""length_is"": null, ""array"": null, ""sensitive"": false}, {""name"": ""content"", ""type"": ""const char *"", ""ctype"": ""const char *"", ""attributes"": [""in"", ""string""], ""in_param"": true, ""out_param"": false, ""optional"": false, ""string"": true, ""size_is"": null, ""length_is"": null, ""array"": null, ""sensitive"": false}]",[],stubbed_or_incomplete,"[{""kind"": ""FIXME"", ""file"": ""xaccessibility.c"", ""line"": 170, ""text"": ""FIXME( \""iface %p, hypothesisId %u, content %s stub!\\n\"", iface, hypothesisId, debugstr_a( content ) );""}, {""kind"": ""stub"", ""file"": ""xaccessibility.c"", ""line"": 170, ""text"": ""FIXME( \""iface %p, hypothesisId %u, content %s stub!\\n\"", iface, hypothesisId, debugstr_a( content ) );""}, {""kind"": ""E_NOTIMPL"", ""file"": ""xaccessibility.c"", ""line"": 171, ""text"": ""return E_NOTIMPL;""}]",False,https://learn.microsoft.com/gaming/gdk/docs/reference/system/xaccessibility/functions/xspeechtotextfinalizehypothesisstring,False,[],"[{""number"": 11, ""title"": ""GDK Integration Progress."", ""url"": ""https://github.com/xodus-gaming/xgameruntime/issues/11""}, {""number"": 17, ""title"": ""XAccessibility/XSpeechSynthesizer Implementation"", ""url"": ""https://github.com/xodus-gaming/xgameruntime/issues/17""}]",interface_method
5,520,XAccessibility,xaccessibility.idl,IXAccessibilityImpl,3e241977-6237-41e9-8559-102c2d9983f1,1,IUnknown,20,XSpeechToTextCancelHypothesisString,HRESULT XSpeechToTextCancelHypothesisString([in] UINT32 hypothesisId),HRESULT,"[{""name"": ""hypothesisId"", ""type"": ""UINT32"", ""ctype"": ""UINT32"", ""attributes"": [""in""], ""in_param"": true, ""out_param"": false, ""optional"": false, ""string"": false, ""size_is"": null, ""length_is"": null, ""array"": null, ""sensitive"": false}]",[],stubbed_or_incomplete,"[{""kind"": ""FIXME"", ""file"": ""xaccessibility.c"", ""line"": 176, ""text"": ""FIXME( \""iface %p, hypothesisId %u stub!\\n\"", iface, hypothesisId );""}, {""kind"": ""stub"", ""file"": ""xaccessibility.c"", ""line"": 176, ""text"": ""FIXME( \""iface %p, hypothesisId %u stub!\\n\"", iface, hypothesisId );""}, {""kind"": ""E_NOTIMPL"", ""file"": ""xaccessibility.c"", ""line"": 177, ""text"": ""return E_NOTIMPL;""}]",False,https://learn.microsoft.com/gaming/gdk/docs/reference/system/xaccessibility/functions/xspeechtotextcancelhypothesisstring,False,[],"[{""number"": 11, ""title"": ""GDK Integration Progress."", ""url"": ""https://github.com/xodus-gaming/xgameruntime/issues/11""}, {""number"": 17, ""title"": ""XAccessibility/XSpeechSynthesizer Implementation"", ""url"": ""https://github.com/xodus-gaming/xgameruntime/issues/17""}]",interface_method
5,520,XAccessibility,xaccessibility.idl,IXAccessibilityImpl,3e241977-6237-41e9-8559-102c2d9983f1,1,IUnknown,21,XSpeechSynthesizerCreateStreamFromSsml,"HRESULT XSpeechSynthesizerCreateStreamFromSsml([in] XSpeechSynthesizerHandle speechSynthesizer, [in, string] const char * ssml, [out] XSpeechSynthesizerStreamHandle * speechSynthesisStream)",HRESULT,"[{""name"": ""speechSynthesizer"", ""type"": ""XSpeechSynthesizerHandle"", ""ctype"": ""XSpeechSynthesizerHandle"", ""attributes"": [""in""], ""in_param"": true, ""out_param"": false, ""optional"": false, ""string"": false, ""size_is"": null, ""length_is"": null, ""array"": null, ""sensitive"": false}, {""name"": ""ssml"", ""type"": ""const char *"", ""ctype"": ""const char *"", ""attributes"": [""in"", ""string""], ""in_param"": true, ""out_param"": false, ""optional"": false, ""string"": true, ""size_is"": null, ""length_is"": null, ""array"": null, ""sensitive"": false}, {""name"": ""speechSynthesisStream"", ""type"": ""XSpeechSynthesizerStreamHandle *"", ""ctype"": ""XSpeechSynthesizerStreamHandle *"", ""attributes"": [""out""], ""in_param"": false, ""out_param"": true, ""optional"": false, ""string"": false, ""size_is"": null, ""length_is"": null, ""array"": null, ""sensitive"": false}]",[],stubbed_or_incomplete,"[{""kind"": ""FIXME"", ""file"": ""xaccessibility.c"", ""line"": 182, ""text"": ""FIXME( \""iface %p, speechSynthesizer %p, ssml %s, speechSynthesisStream %p stub!\\n\"", iface, speechSynthesizer, debugstr_a( ssml ), speechSynthesisStream );""}, {""kind"": ""stub"", ""file"": ""xaccessibility.c"", ""line"": 182, ""text"": ""FIXME( \""iface %p, speechSynthesizer %p, ssml %s, speechSynthesisStream %p stub!\\n\"", iface, speechSynthesizer, debugstr_a( ssml ), speechSynthesisStream );""}, {""kind"": ""E_NOTIMPL"", ""file"": ""xaccessibility.c"", ""line"": 183, ""text"": ""return E_NOTIMPL;""}]",False,https://learn.microsoft.com/gaming/gdk/docs/reference/system/xspeechsynthesizer/functions/xspeechsynthesizercreatestreamfromssml,False,[],"[{""number"": 11, ""title"": ""GDK Integration Progress."", ""url"": ""https://github.com/xodus-gaming/xgameruntime/issues/11""}, {""number"": 17, ""title"": ""XAccessibility/XSpeechSynthesizer Implementation"", ""url"": ""https://github.com/xodus-gaming/xgameruntime/issues/17""}]",interface_method
5,520,XAppCapture,xappcapture.idl,IXAppCaptureImpl,a4f1aee2-4bf1-4485-b008-a7c26d52ac27,1,IUnknown,3,XAppCaptureTakeDiagnosticScreenshot,"HRESULT XAppCaptureTakeDiagnosticScreenshot([in] BOOLEAN gamescreenOnly, [in] XAppCaptureScreenshotFormatFlag captureFlags, [in, optional, string] const char * filenamePrefix, [out] XAppCaptureDiagnosticScreenshotResult * result)",HRESULT,"[{""name"": ""gamescreenOnly"", ""type"": ""BOOLEAN"", ""ctype"": ""BOOLEAN"", ""attributes"": [""in""], ""in_param"": true, ""out_param"": false, ""optional"": false, ""string"": false, ""size_is"": null, ""length_is"": null, ""array"": null, ""sensitive"": false}, {""name"": ""captureFlags"", ""type"": ""XAppCaptureScreenshotFormatFlag"", ""ctype"": ""XAppCaptureScreenshotFormatFlag"", ""attributes"": [""in""], ""in_param"": true, ""out_param"": false, ""optional"": false, ""string"": false, ""size_is"": null, ""length_is"": null, ""array"": null, ""sensitive"": false}, {""name"": ""filenamePrefix"", ""type"": ""const char *"", ""ctype"": ""const char *"", ""attributes"": [""in"", ""optional"", ""string""], ""in_param"": true, ""out_param"": false, ""optional"": true, ""string"": true, ""size_is"": null, ""length_is"": null, ""array"": null, ""sensitive"": false}, {""name"": ""result"", ""type"": ""XAppCaptureDiagnosticScreenshotResult *"", ""ctype"": ""XAppCaptureDiagnosticScreenshotResult *"", ""attributes"": [""out""], ""in_param"": false, ""out_param"": true, ""optional"": false, ""string"": false, ""size_is"": null, ""length_is"": null, ""array"": null, ""sensitive"": false}]",[],stubbed_or_incomplete,"[{""kind"": ""FIXME"", ""file"": ""xappcapture.c"", ""line"": 77, ""text"": ""FIXME( \""iface %p, gamescreenOnly %d, captureFlags %x, filenamePrefix %s, result %p stub!\\n\"", iface, gamescreenOnly, captureFlags, debugstr_a( filenamePrefix ), result );""}, {""kind"": ""stub"", ""file"": ""xappcapture.c"", ""line"": 77, ""text"": ""FIXME( \""iface %p, gamescreenOnly %d, captureFlags %x, filenamePrefix %s, result %p stub!\\n\"", iface, gamescreenOnly, captureFlags, debugstr_a( filenamePrefix ), result );""}, {""kind"": ""E_NOTIMPL"", ""file"": ""xappcapture.c"", ""line"": 78, ""text"": ""return E_NOTIMPL;""}]",False,https://learn.microsoft.com/gaming/gdk/docs/reference/system/xappcapture/functions/xappcapturetakediagnosticscreenshot,False,[],"[{""number"": 11, ""title"": ""GDK Integration Progress."", ""url"": ""https://github.com/xodus-gaming/xgameruntime/issues/11""}]",interface_method
5,520,XAppCapture,xappcapture.idl,IXAppCaptureImpl,a4f1aee2-4bf1-4485-b008-a7c26d52ac27,1,IUnknown,4,XAppCaptureRecordDiagnosticClip,"HRESULT XAppCaptureRecordDiagnosticClip([in] time_t startTime, [in] UINT32 durationInMs, [in, optional, string] const char * filenamePrefix, [out] XAppCaptureRecordClipResult * result)",HRESULT,"[{""name"": ""startTime"", ""type"": ""time_t"", ""ctype"": ""time_t"", ""attributes"": [""in""], ""in_param"": true, ""out_param"": false, ""optional"": false, ""string"": false, ""size_is"": null, ""length_is"": null, ""array"": null, ""sensitive"": false}, {""name"": ""durationInMs"", ""type"": ""UINT32"", ""ctype"": ""UINT32"", ""attributes"": [""in""], ""in_param"": true, ""out_param"": false, ""optional"": false, ""string"": false, ""size_is"": null, ""length_is"": null, ""array"": null, ""sensitive"": false}, {""name"": ""filenamePrefix"", ""type"": ""const char *"", ""ctype"": ""const char *"", ""attributes"": [""in"", ""optional"", ""string""], ""in_param"": true, ""out_param"": false, ""optional"": true, ""string"": true, ""size_is"": null, ""length_is"": null, ""array"": null, ""sensitive"": false}, {""name"": ""result"", ""type"": ""XAppCaptureRecordClipResult *"", ""ctype"": ""XAppCaptureRecordClipResult *"", ""attributes"": [""out""], ""in_param"": false, ""out_param"": true, ""optional"": false, ""string"": false, ""size_is"": null, ""length_is"": null, ""array"": null, ""sensitive"": false}]",[],stubbed_or_incomplete,"[{""kind"": ""FIXME"", ""file"": ""xappcapture.c"", ""line"": 83, ""text"": ""FIXME( \""iface %p, startTime %Iu, durationInMs %u, filenamePrefix %s, result %p stub!\\n\"", iface, startTime, durationInMs, debugstr_a( filenamePrefix ), result );""}, {""kind"": ""stub"", ""file"": ""xappcapture.c"", ""line"": 83, ""text"": ""FIXME( \""iface %p, startTime %Iu, durationInMs %u, filenamePrefix %s, result %p stub!\\n\"", iface, startTime, durationInMs, debugstr_a( filenamePrefix ), result );""}, {""kind"": ""E_NOTIMPL"", ""file"": ""xappcapture.c"", ""line"": 84, ""text"": ""return E_NOTIMPL;""}]",False,https://learn.microsoft.com/gaming/gdk/docs/reference/system/xappcapture/functions/xappcapturerecorddiagnosticclip,False,[],"[{""number"": 11, ""title"": ""GDK Integration Progress."", ""url"": ""https://github.com/xodus-gaming/xgameruntime/issues/11""}]",interface_method
5,520,XAppCapture,xappcapture.idl,IXAppCaptureImpl,a4f1aee2-4bf1-4485-b008-a7c26d52ac27,1,IUnknown,5,XAppCaptureTakeScreenshot,"HRESULT XAppCaptureTakeScreenshot([in] XUserHandle requestingUser, [out] XAppCaptureTakeScreenshotResult * result)",HRESULT,"[{""name"": ""requestingUser"", ""type"": ""XUserHandle"", ""ctype"": ""XUserHandle"", ""attributes"": [""in""], ""in_param"": true, ""out_param"": false, ""optional"": false, ""string"": false, ""size_is"": null, ""length_is"": null, ""array"": null, ""sensitive"": false}, {""name"": ""result"", ""type"": ""XAppCaptureTakeScreenshotResult *"", ""ctype"": ""XAppCaptureTakeScreenshotResult *"", ""attributes"": [""out""], ""in_param"": false, ""out_param"": true, ""optional"": false, ""string"": false, ""size_is"": null, ""length_is"": null, ""array"": null, ""sensitive"": false}]",[],stubbed_or_incomplete,"[{""kind"": ""FIXME"", ""file"": ""xappcapture.c"", ""line"": 89, ""text"": ""FIXME( \""iface %p, requestingUser %p, result %p stub!\\n\"", iface, requestingUser, result );""}, {""kind"": ""stub"", ""file"": ""xappcapture.c"", ""line"": 89, ""text"": ""FIXME( \""iface %p, requestingUser %p, result %p stub!\\n\"", iface, requestingUser, result );""}, {""kind"": ""E_NOTIMPL"", ""file"": ""xappcapture.c"", ""line"": 90, ""text"": ""return E_NOTIMPL;""}]",False,https://learn.microsoft.com/gaming/gdk/docs/reference/system/xappcapture/functions/xappcapturetakescreenshot,False,[],"[{""number"": 11, ""title"": ""GDK Integration Progress."", ""url"": ""https://github.com/xodus-gaming/xgameruntime/issues/11""}]",interface_method
5,520,XAppCapture,xappcapture.idl,IXAppCaptureImpl,a4f1aee2-4bf1-4485-b008-a7c26d52ac27,1,IUnknown,6,XAppCaptureOpenScreenshotStream,"HRESULT XAppCaptureOpenScreenshotStream([in, string] const char * localId, [in] XAppCaptureScreenshotFormatFlag screenshotFormat, [out] XAppCaptureScreenshotStreamHandle * handle, [out, optional] UINT64 * totalBytes)",HRESULT,"[{""name"": ""localId"", ""type"": ""const char *"", ""ctype"": ""const char *"", ""attributes"": [""in"", ""string""], ""in_param"": true, ""out_param"": false, ""optional"": false, ""string"": true, ""size_is"": null, ""length_is"": null, ""array"": null, ""sensitive"": false}, {""name"": ""screenshotFormat"", ""type"": ""XAppCaptureScreenshotFormatFlag"", ""ctype"": ""XAppCaptureScreenshotFormatFlag"", ""attributes"": [""in""], ""in_param"": true, ""out_param"": false, ""optional"": false, ""string"": false, ""size_is"": null, ""length_is"": null, ""array"": null, ""sensitive"": false}, {""name"": ""handle"", ""type"": ""XAppCaptureScreenshotStreamHandle *"", ""ctype"": ""XAppCaptureScreenshotStreamHandle *"", ""attributes"": [""out""], ""in_param"": false, ""out_param"": true, ""optional"": false, ""string"": false, ""size_is"": null, ""length_is"": null, ""array"": null, ""sensitive"": false}, {""name"": ""totalBytes"", ""type"": ""UINT64 *"", ""ctype"": ""UINT64 *"", ""attributes"": [""out"", ""optional""], ""in_param"": false, ""out_param"": true, ""optional"": true, ""string"": false, ""size_is"": null, ""length_is"": null, ""array"": null, ""sensitive"": false}]",[],stubbed_or_incomplete,"[{""kind"": ""FIXME"", ""file"": ""xappcapture.c"", ""line"": 95, ""text"": ""FIXME( \""iface %p, localId %s, screenshotFormat %d, handle %p, totalBytes %p stub!\\n\"", iface, debugstr_a( localId ), screenshotFormat, handle, totalBytes );""}, {""kind"": ""stub"", ""file"": ""xappcapture.c"", ""line"": 95, ""text"": ""FIXME( \""iface %p, localId %s, screenshotFormat %d, handle %p, totalBytes %p stub!\\n\"", iface, debugstr_a( localId ), screenshotFormat, handle, totalBytes );""}, {""kind"": ""E_NOTIMPL"", ""file"": ""xappcapture.c"", ""line"": 96, ""text"": ""return E_NOTIMPL;""}]",False,https://learn.microsoft.com/gaming/gdk/docs/reference/system/xappcapture/functions/xappcaptureopenscreenshotstream,False,[],"[{""number"": 11, ""title"": ""GDK Integration Progress."", ""url"": ""https://github.com/xodus-gaming/xgameruntime/issues/11""}]",interface_method
5,520,XAppCapture,xappcapture.idl,IXAppCaptureImpl,a4f1aee2-4bf1-4485-b008-a7c26d52ac27,1,IUnknown,7,XAppCaptureReadScreenshotStream,"HRESULT XAppCaptureReadScreenshotStream([in] XAppCaptureScreenshotStreamHandle handle, [in] UINT64 startPosition, [in] UINT32 bytesToRead, [out, size_is(bytesToRead)] UINT8 * buffer, [out] UINT32 * bytesWritten)",HRESULT,"[{""name"": ""handle"", ""type"": ""XAppCaptureScreenshotStreamHandle"", ""ctype"": ""XAppCaptureScreenshotStreamHandle"", ""attributes"": [""in""], ""in_param"": true, ""out_param"": false, ""optional"": false, ""string"": false, ""size_is"": null, ""length_is"": null, ""array"": null, ""sensitive"": false}, {""name"": ""startPosition"", ""type"": ""UINT64"", ""ctype"": ""UINT64"", ""attributes"": [""in""], ""in_param"": true, ""out_param"": false, ""optional"": false, ""string"": false, ""size_is"": null, ""length_is"": null, ""array"": null, ""sensitive"": false}, {""name"": ""bytesToRead"", ""type"": ""UINT32"", ""ctype"": ""UINT32"", ""attributes"": [""in""], ""in_param"": true, ""out_param"": false, ""optional"": false, ""string"": false, ""size_is"": null, ""length_is"": null, ""array"": null, ""sensitive"": false}, {""name"": ""buffer"", ""type"": ""UINT8 *"", ""ctype"": ""UINT8 *"", ""attributes"": [""out"", ""size_is(bytesToRead)""], ""in_param"": false, ""out_param"": true, ""optional"": false, ""string"": false, ""size_is"": ""bytesToRead"", ""length_is"": null, ""array"": null, ""sensitive"": false}, {""name"": ""bytesWritten"", ""type"": ""UINT32 *"", ""ctype"": ""UINT32 *"", ""attributes"": [""out""], ""in_param"": false, ""out_param"": true, ""optional"": false, ""string"": false, ""size_is"": null, ""length_is"": null, ""array"": null, ""sensitive"": false}]",[],stubbed_or_incomplete,"[{""kind"": ""FIXME"", ""file"": ""xappcapture.c"", ""line"": 101, ""text"": ""FIXME( \""iface %p, handle %p, startPosition %llu, bytesToRead %u, bytes %p, bytesWritten %p stub!\\n\"", iface, handle, startPosition, bytesToRead, bytes, bytesWritten );""}, {""kind"": ""stub"", ""file"": ""xappcapture.c"", ""line"": 101, ""text"": ""FIXME( \""iface %p, handle %p, startPosition %llu, bytesToRead %u, bytes %p, bytesWritten %p stub!\\n\"", iface, handle, startPosition, bytesToRead, bytes, bytesWritten );""}, {""kind"": ""E_NOTIMPL"", ""file"": ""xappcapture.c"", ""line"": 102, ""text"": ""return E_NOTIMPL;""}]",False,https://learn.microsoft.com/gaming/gdk/docs/reference/system/xappcapture/functions/xappcapturereadscreenshotstream,False,[],"[{""number"": 11, ""title"": ""GDK Integration Progress."", ""url"": ""https://github.com/xodus-gaming/xgameruntime/issues/11""}]",interface_method
5,520,XAppCapture,xappcapture.idl,IXAppCaptureImpl,a4f1aee2-4bf1-4485-b008-a7c26d52ac27,1,IUnknown,8,XAppCaptureCloseScreenshotStream,HRESULT XAppCaptureCloseScreenshotStream([in] XAppCaptureScreenshotStreamHandle handle),HRESULT,"[{""name"": ""handle"", ""type"": ""XAppCaptureScreenshotStreamHandle"", ""ctype"": ""XAppCaptureScreenshotStreamHandle"", ""attributes"": [""in""], ""in_param"": true, ""out_param"": false, ""optional"": false, ""string"": false, ""size_is"": null, ""length_is"": null, ""array"": null, ""sensitive"": false}]",[],stubbed_or_incomplete,"[{""kind"": ""FIXME"", ""file"": ""xappcapture.c"", ""line"": 107, ""text"": ""FIXME( \""iface %p, handle %p stub!\\n\"", iface, handle );""}, {""kind"": ""stub"", ""file"": ""xappcapture.c"", ""line"": 107, ""text"": ""FIXME( \""iface %p, handle %p stub!\\n\"", iface, handle );""}, {""kind"": ""E_NOTIMPL"", ""file"": ""xappcapture.c"", ""line"": 108, ""text"": ""return E_NOTIMPL;""}]",False,https://learn.microsoft.com/gaming/gdk/docs/reference/system/xappcapture/functions/xappcaptureclosescreenshotstream,False,[],"[{""number"": 11, ""title"": ""GDK Integration Progress."", ""url"": ""https://github.com/xodus-gaming/xgameruntime/issues/11""}]",interface_method
5,520,XAppCapture,xappcapture.idl,IXAppCaptureImpl,a4f1aee2-4bf1-4485-b008-a7c26d52ac27,1,IUnknown,9,XAppCaptureEnableRecord,HRESULT XAppCaptureEnableRecord(),HRESULT,[],[],stubbed_or_incomplete,"[{""kind"": ""FIXME"", ""file"": ""xappcapture.c"", ""line"": 113, ""text"": ""FIXME( \""iface %p stub!\\n\"", iface );""}, {""kind"": ""stub"", ""file"": ""xappcapture.c"", ""line"": 113, ""text"": ""FIXME( \""iface %p stub!\\n\"", iface );""}, {""kind"": ""E_NOTIMPL"", ""file"": ""xappcapture.c"", ""line"": 114, ""text"": ""return E_NOTIMPL;""}]",False,https://learn.microsoft.com/gaming/gdk/docs/reference/system/xappcapture/functions/xappcaptureenablerecord,False,[],"[{""number"": 11, ""title"": ""GDK Integration Progress."", ""url"": ""https://github.com/xodus-gaming/xgameruntime/issues/11""}]",interface_method
5,520,XAppCapture,xappcapture.idl,IXAppCaptureImpl,a4f1aee2-4bf1-4485-b008-a7c26d52ac27,1,IUnknown,10,XAppCaptureDisableRecord,HRESULT XAppCaptureDisableRecord(),HRESULT,[],[],stubbed_or_incomplete,"[{""kind"": ""FIXME"", ""file"": ""xappcapture.c"", ""line"": 119, ""text"": ""FIXME( \""iface %p stub!\\n\"", iface );""}, {""kind"": ""stub"", ""file"": ""xappcapture.c"", ""line"": 119, ""text"": ""FIXME( \""iface %p stub!\\n\"", iface );""}, {""kind"": ""E_NOTIMPL"", ""file"": ""xappcapture.c"", ""line"": 120, ""text"": ""return E_NOTIMPL;""}]",False,https://learn.microsoft.com/gaming/gdk/docs/reference/system/xappcapture/functions/xappcapturedisablerecord,False,[],"[{""number"": 11, ""title"": ""GDK Integration Progress."", ""url"": ""https://github.com/xodus-gaming/xgameruntime/issues/11""}]",interface_method
5,520,XAppCapture,xappcapture.idl,IXAppCaptureImpl2,3a949778-772e-4799-bdea-0a6639e96baa,2,IXAppCaptureImpl,11,XAppCaptureGetVideoCaptureSettings,HRESULT XAppCaptureGetVideoCaptureSettings([out] XAppCaptureVideoCaptureSettings * userCaptureSettings),HRESULT,"[{""name"": ""userCaptureSettings"", ""type"": ""XAppCaptureVideoCaptureSettings *"", ""ctype"": ""XAppCaptureVideoCaptureSettings *"", ""attributes"": [""out""], ""in_param"": false, ""out_param"": true, ""optional"": false, ""string"": false, ""size_is"": null, ""length_is"": null, ""array"": null, ""sensitive"": false}]",[],stubbed_or_incomplete,"[{""kind"": ""FIXME"", ""file"": ""xappcapture.c"", ""line"": 125, ""text"": ""FIXME( \""iface %p, userCaptureSettings %p stub!\\n\"", iface, userCaptureSettings );""}, {""kind"": ""stub"", ""file"": ""xappcapture.c"", ""line"": 125, ""text"": ""FIXME( \""iface %p, userCaptureSettings %p stub!\\n\"", iface, userCaptureSettings );""}, {""kind"": ""E_NOTIMPL"", ""file"": ""xappcapture.c"", ""line"": 126, ""text"": ""return E_NOTIMPL;""}]",False,https://learn.microsoft.com/gaming/gdk/docs/reference/system/xappcapture/functions/xappcapturegetvideocapturesettings,False,[],"[{""number"": 11, ""title"": ""GDK Integration Progress."", ""url"": ""https://github.com/xodus-gaming/xgameruntime/issues/11""}]",interface_method
5,520,XAppCapture,xappcapture.idl,IXAppCaptureImpl2,3a949778-772e-4799-bdea-0a6639e96baa,2,IXAppCaptureImpl,12,XAppCaptureRecordTimespan,"HRESULT XAppCaptureRecordTimespan([in, optional] const SYSTEMTIME * startTimestamp, [in] UINT64 durationInMilliseconds, [out] XAppCaptureLocalResult * result)",HRESULT,"[{""name"": ""startTimestamp"", ""type"": ""const SYSTEMTIME *"", ""ctype"": ""const SYSTEMTIME *"", ""attributes"": [""in"", ""optional""], ""in_param"": true, ""out_param"": false, ""optional"": true, ""string"": false, ""size_is"": null, ""length_is"": null, ""array"": null, ""sensitive"": false}, {""name"": ""durationInMilliseconds"", ""type"": ""UINT64"", ""ctype"": ""UINT64"", ""attributes"": [""in""], ""in_param"": true, ""out_param"": false, ""optional"": false, ""string"": false, ""size_is"": null, ""length_is"": null, ""array"": null, ""sensitive"": false}, {""name"": ""result"", ""type"": ""XAppCaptureLocalResult *"", ""ctype"": ""XAppCaptureLocalResult *"", ""attributes"": [""out""], ""in_param"": false, ""out_param"": true, ""optional"": false, ""string"": false, ""size_is"": null, ""length_is"": null, ""array"": null, ""sensitive"": false}]",[],stubbed_or_incomplete,"[{""kind"": ""FIXME"", ""file"": ""xappcapture.c"", ""line"": 131, ""text"": ""FIXME( \""iface %p, startTimestamp %p, durationInMilliseconds %llu, result %p stub!\\n\"", iface, startTimestamp, durationInMilliseconds, result );""}, {""kind"": ""stub"", ""file"": ""xappcapture.c"", ""line"": 131, ""text"": ""FIXME( \""iface %p, startTimestamp %p, durationInMilliseconds %llu, result %p stub!\\n\"", iface, startTimestamp, durationInMilliseconds, result );""}, {""kind"": ""E_NOTIMPL"", ""file"": ""xappcapture.c"", ""line"": 132, ""text"": ""return E_NOTIMPL;""}]",False,https://learn.microsoft.com/gaming/gdk/docs/reference/system/xappcapture/functions/xappcapturerecordtimespan,False,[],"[{""number"": 11, ""title"": ""GDK Integration Progress."", ""url"": ""https://github.com/xodus-gaming/xgameruntime/issues/11""}]",interface_method
5,520,XAppCapture,xappcapture.idl,IXAppCaptureImpl2,3a949778-772e-4799-bdea-0a6639e96baa,2,IXAppCaptureImpl,13,XAppCaptureReadLocalStream,"HRESULT XAppCaptureReadLocalStream([in] XAppCaptureLocalStreamHandle handle, [in] SIZE_T startPosition, [in] UINT32 bytesToRead, [out, size_is(bytesToRead)] UINT8 * buffer, [out] UINT32 * bytesWritten)",HRESULT,"[{""name"": ""handle"", ""type"": ""XAppCaptureLocalStreamHandle"", ""ctype"": ""XAppCaptureLocalStreamHandle"", ""attributes"": [""in""], ""in_param"": true, ""out_param"": false, ""optional"": false, ""string"": false, ""size_is"": null, ""length_is"": null, ""array"": null, ""sensitive"": false}, {""name"": ""startPosition"", ""type"": ""SIZE_T"", ""ctype"": ""SIZE_T"", ""attributes"": [""in""], ""in_param"": true, ""out_param"": false, ""optional"": false, ""string"": false, ""size_is"": null, ""length_is"": null, ""array"": null, ""sensitive"": false}, {""name"": ""bytesToRead"", ""type"": ""UINT32"", ""ctype"": ""UINT32"", ""attributes"": [""in""], ""in_param"": true, ""out_param"": false, ""optional"": false, ""string"": false, ""size_is"": null, ""length_is"": null, ""array"": null, ""sensitive"": false}, {""name"": ""buffer"", ""type"": ""UINT8 *"", ""ctype"": ""UINT8 *"", ""attributes"": [""out"", ""size_is(bytesToRead)""], ""in_param"": false, ""out_param"": true, ""optional"": false, ""string"": false, ""size_is"": ""bytesToRead"", ""length_is"": null, ""array"": null, ""sensitive"": false}, {""name"": ""bytesWritten"", ""type"": ""UINT32 *"", ""ctype"": ""UINT32 *"", ""attributes"": [""out""], ""in_param"": false, ""out_param"": true, ""optional"": false, ""string"": false, ""size_is"": null, ""length_is"": null, ""array"": null, ""sensitive"": false}]",[],stubbed_or_incomplete,"[{""kind"": ""FIXME"", ""file"": ""xappcapture.c"", ""line"": 137, ""text"": ""FIXME( \""iface %p, handle %p, startPosition %Iu, bytesToRead %u, bytes %p, bytesWritten %p stub!\\n\"", iface, handle, startPosition, bytesToRead, bytes, bytesWritten );""}, {""kind"": ""stub"", ""file"": ""xappcapture.c"", ""line"": 137, ""text"": ""FIXME( \""iface %p, handle %p, startPosition %Iu, bytesToRead %u, bytes %p, bytesWritten %p stub!\\n\"", iface, handle, startPosition, bytesToRead, bytes, bytesWritten );""}, {""kind"": ""E_NOTIMPL"", ""file"": ""xappcapture.c"", ""line"": 138, ""text"": ""return E_NOTIMPL;""}]",False,https://learn.microsoft.com/gaming/gdk/docs/reference/system/xappcapture/functions/xappcapturereadlocalstream,False,[],"[{""number"": 11, ""title"": ""GDK Integration Progress."", ""url"": ""https://github.com/xodus-gaming/xgameruntime/issues/11""}]",interface_method
5,520,XAppCapture,xappcapture.idl,IXAppCaptureImpl2,3a949778-772e-4799-bdea-0a6639e96baa,2,IXAppCaptureImpl,14,XAppCaptureCloseLocalStream,HRESULT XAppCaptureCloseLocalStream([in] XAppCaptureLocalStreamHandle handle),HRESULT,"[{""name"": ""handle"", ""type"": ""XAppCaptureLocalStreamHandle"", ""ctype"": ""XAppCaptureLocalStreamHandle"", ""attributes"": [""in""], ""in_param"": true, ""out_param"": false, ""optional"": false, ""string"": false, ""size_is"": null, ""length_is"": null, ""array"": null, ""sensitive"": false}]",[],stubbed_or_incomplete,"[{""kind"": ""FIXME"", ""file"": ""xappcapture.c"", ""line"": 143, ""text"": ""FIXME( \""iface %p, handle %p stub!\\n\"", iface, handle );""}, {""kind"": ""stub"", ""file"": ""xappcapture.c"", ""line"": 143, ""text"": ""FIXME( \""iface %p, handle %p stub!\\n\"", iface, handle );""}, {""kind"": ""E_NOTIMPL"", ""file"": ""xappcapture.c"", ""line"": 144, ""text"": ""return E_NOTIMPL;""}]",False,https://learn.microsoft.com/gaming/gdk/docs/reference/system/xappcapture/functions/xappcapturecloselocalstream,False,[],"[{""number"": 11, ""title"": ""GDK Integration Progress."", ""url"": ""https://github.com/xodus-gaming/xgameruntime/issues/11""}]",interface_method
5,520,XAppCapture,xappcapture.idl,IXAppCaptureImpl3,2bbca60a-619c-4fe1-812e-fb5c1dbdcf51,3,IXAppCaptureImpl2,15,XAppCaptureStartUserRecord,"HRESULT XAppCaptureStartUserRecord([in] XUserHandle requestingUser, [in] UINT32 localIdBufferLength, [out, string, size_is(localIdBufferLength)] char * localIdBuffer)",HRESULT,"[{""name"": ""requestingUser"", ""type"": ""XUserHandle"", ""ctype"": ""XUserHandle"", ""attributes"": [""in""], ""in_param"": true, ""out_param"": false, ""optional"": false, ""string"": false, ""size_is"": null, ""length_is"": null, ""array"": null, ""sensitive"": false}, {""name"": ""localIdBufferLength"", ""type"": ""UINT32"", ""ctype"": ""UINT32"", ""attributes"": [""in""], ""in_param"": true, ""out_param"": false, ""optional"": false, ""string"": false, ""size_is"": null, ""length_is"": null, ""array"": null, ""sensitive"": false}, {""name"": ""localIdBuffer"", ""type"": ""char *"", ""ctype"": ""char *"", ""attributes"": [""out"", ""string"", ""size_is(localIdBufferLength)""], ""in_param"": false, ""out_param"": true, ""optional"": false, ""string"": true, ""size_is"": ""localIdBufferLength"", ""length_is"": null, ""array"": null, ""sensitive"": false}]",[],stubbed_or_incomplete,"[{""kind"": ""FIXME"", ""file"": ""xappcapture.c"", ""line"": 149, ""text"": ""FIXME( \""iface %p, requestingUser %p, localIdBufferLength %u, localIdBuffer %p stub!\\n\"", iface, requestingUser, localIdBufferLength, localIdBuffer );""}, {""kind"": ""stub"", ""file"": ""xappcapture.c"", ""line"": 149, ""text"": ""FIXME( \""iface %p, requestingUser %p, localIdBufferLength %u, localIdBuffer %p stub!\\n\"", iface, requestingUser, localIdBufferLength, localIdBuffer );""}, {""kind"": ""E_NOTIMPL"", ""file"": ""xappcapture.c"", ""line"": 150, ""text"": ""return E_NOTIMPL;""}]",False,https://learn.microsoft.com/gaming/gdk/docs/reference/system/xappcapture/functions/xappcapturestartuserrecord,False,[],"[{""number"": 11, ""title"": ""GDK Integration Progress."", ""url"": ""https://github.com/xodus-gaming/xgameruntime/issues/11""}]",interface_method
5,520,XAppCapture,xappcapture.idl,IXAppCaptureImpl3,2bbca60a-619c-4fe1-812e-fb5c1dbdcf51,3,IXAppCaptureImpl2,16,XAppCaptureStopUserRecord,"HRESULT XAppCaptureStopUserRecord([in, string] const char * localId, [out] XAppCaptureUserRecordingResult * result)",HRESULT,"[{""name"": ""localId"", ""type"": ""const char *"", ""ctype"": ""const char *"", ""attributes"": [""in"", ""string""], ""in_param"": true, ""out_param"": false, ""optional"": false, ""string"": true, ""size_is"": null, ""length_is"": null, ""array"": null, ""sensitive"": false}, {""name"": ""result"", ""type"": ""XAppCaptureUserRecordingResult *"", ""ctype"": ""XAppCaptureUserRecordingResult *"", ""attributes"": [""out""], ""in_param"": false, ""out_param"": true, ""optional"": false, ""string"": false, ""size_is"": null, ""length_is"": null, ""array"": null, ""sensitive"": false}]",[],stubbed_or_incomplete,"[{""kind"": ""FIXME"", ""file"": ""xappcapture.c"", ""line"": 155, ""text"": ""FIXME( \""iface %p, localId %s, result %p stub!\\n\"", iface, debugstr_a( localId ), result );""}, {""kind"": ""stub"", ""file"": ""xappcapture.c"", ""line"": 155, ""text"": ""FIXME( \""iface %p, localId %s, result %p stub!\\n\"", iface, debugstr_a( localId ), result );""}, {""kind"": ""E_NOTIMPL"", ""file"": ""xappcapture.c"", ""line"": 156, ""text"": ""return E_NOTIMPL;""}]",False,https://learn.microsoft.com/gaming/gdk/docs/reference/system/xappcapture/functions/xappcapturestopuserrecord,False,[],"[{""number"": 11, ""title"": ""GDK Integration Progress."", ""url"": ""https://github.com/xodus-gaming/xgameruntime/issues/11""}]",interface_method
5,520,XAppCapture,xappcapture.idl,IXAppCaptureImpl4,22e672d7-b4e3-406c-bd50-8f0d25236f9e,4,IXAppCaptureImpl3,17,XAppCaptureCancelUserRecord,"HRESULT XAppCaptureCancelUserRecord([in, string] const char * localId)",HRESULT,"[{""name"": ""localId"", ""type"": ""const char *"", ""ctype"": ""const char *"", ""attributes"": [""in"", ""string""], ""in_param"": true, ""out_param"": false, ""optional"": false, ""string"": true, ""size_is"": null, ""length_is"": null, ""array"": null, ""sensitive"": false}]",[],stubbed_or_incomplete,"[{""kind"": ""FIXME"", ""file"": ""xappcapture.c"", ""line"": 161, ""text"": ""FIXME( \""iface %p, localId %s stub!\\n\"", iface, debugstr_a( localId ) );""}, {""kind"": ""stub"", ""file"": ""xappcapture.c"", ""line"": 161, ""text"": ""FIXME( \""iface %p, localId %s stub!\\n\"", iface, debugstr_a( localId ) );""}, {""kind"": ""E_NOTIMPL"", ""file"": ""xappcapture.c"", ""line"": 162, ""text"": ""return E_NOTIMPL;""}]",False,https://learn.microsoft.com/gaming/gdk/docs/reference/system/xappcapture/functions/xappcapturecanceluserrecord,False,[],"[{""number"": 11, ""title"": ""GDK Integration Progress."", ""url"": ""https://github.com/xodus-gaming/xgameruntime/issues/11""}]",interface_method
5,520,XAppCaptureMetadata,xappcapture.idl,IXAppCaptureMetadataImpl,186d5592-a72d-45fb-9560-11aed0e6647a,1,IUnknown,3,XAppBroadcastIsAppBroadcasting,BOOLEAN XAppBroadcastIsAppBroadcasting(),BOOLEAN,[],[],stubbed_or_incomplete,"[{""kind"": ""FIXME"", ""file"": ""xappcapture.c"", ""line"": 228, ""text"": ""FIXME( \""iface %p stub!\\n\"", iface );""}, {""kind"": ""stub"", ""file"": ""xappcapture.c"", ""line"": 228, ""text"": ""FIXME( \""iface %p stub!\\n\"", iface );""}]",False,https://learn.microsoft.com/gaming/gdk/docs/reference/system/xappcapture/functions/xappbroadcastisappbroadcasting,False,[],"[{""number"": 11, ""title"": ""GDK Integration Progress."", ""url"": ""https://github.com/xodus-gaming/xgameruntime/issues/11""}]",interface_method
5,520,XAppCaptureMetadata,xappcapture.idl,IXAppCaptureMetadataImpl,186d5592-a72d-45fb-9560-11aed0e6647a,1,IUnknown,4,XAppBroadcastShowUI,HRESULT XAppBroadcastShowUI([in] XUserHandle requestingUser),HRESULT,"[{""name"": ""requestingUser"", ""type"": ""XUserHandle"", ""ctype"": ""XUserHandle"", ""attributes"": [""in""], ""in_param"": true, ""out_param"": false, ""optional"": false, ""string"": false, ""size_is"": null, ""length_is"": null, ""array"": null, ""sensitive"": false}]",[],stubbed_or_incomplete,"[{""kind"": ""FIXME"", ""file"": ""xappcapture.c"", ""line"": 234, ""text"": ""FIXME( \""iface %p requestingUser %p stub!\\n\"", iface, requestingUser );""}, {""kind"": ""stub"", ""file"": ""xappcapture.c"", ""line"": 234, ""text"": ""FIXME( \""iface %p requestingUser %p stub!\\n\"", iface, requestingUser );""}, {""kind"": ""E_NOTIMPL"", ""file"": ""xappcapture.c"", ""line"": 235, ""text"": ""return E_NOTIMPL;""}]",False,https://learn.microsoft.com/gaming/gdk/docs/reference/system/xappcapture/functions/xappbroadcastshowui,False,[],"[{""number"": 11, ""title"": ""GDK Integration Progress."", ""url"": ""https://github.com/xodus-gaming/xgameruntime/issues/11""}]",interface_method
5,520,XAppCaptureMetadata,xappcapture.idl,IXAppCaptureMetadataImpl,186d5592-a72d-45fb-9560-11aed0e6647a,1,IUnknown,5,XAppBroadcastGetStatus,"HRESULT XAppBroadcastGetStatus([in] XUserHandle requestingUser, [out] XAppBroadcastStatus * appBroadcastStatus)",HRESULT,"[{""name"": ""requestingUser"", ""type"": ""XUserHandle"", ""ctype"": ""XUserHandle"", ""attributes"": [""in""], ""in_param"": true, ""out_param"": false, ""optional"": false, ""string"": false, ""size_is"": null, ""length_is"": null, ""array"": null, ""sensitive"": false}, {""name"": ""appBroadcastStatus"", ""type"": ""XAppBroadcastStatus *"", ""ctype"": ""XAppBroadcastStatus *"", ""attributes"": [""out""], ""in_param"": false, ""out_param"": true, ""optional"": false, ""string"": false, ""size_is"": null, ""length_is"": null, ""array"": null, ""sensitive"": false}]",[],stubbed_or_incomplete,"[{""kind"": ""FIXME"", ""file"": ""xappcapture.c"", ""line"": 240, ""text"": ""FIXME( \""iface %p, requestingUser %p, appBroadcastStatus %p stub!\\n\"", iface, requestingUser, appBroadcastStatus );""}, {""kind"": ""stub"", ""file"": ""xappcapture.c"", ""line"": 240, ""text"": ""FIXME( \""iface %p, requestingUser %p, appBroadcastStatus %p stub!\\n\"", iface, requestingUser, appBroadcastStatus );""}, {""kind"": ""E_NOTIMPL"", ""file"": ""xappcapture.c"", ""line"": 241, ""text"": ""return E_NOTIMPL;""}]",False,https://learn.microsoft.com/gaming/gdk/docs/reference/system/xappcapture/functions/xappbroadcastgetstatus,False,[],"[{""number"": 11, ""title"": ""GDK Integration Progress."", ""url"": ""https://github.com/xodus-gaming/xgameruntime/issues/11""}]",interface_method
5,520,XAppCaptureMetadata,xappcapture.idl,IXAppCaptureMetadataImpl,186d5592-a72d-45fb-9560-11aed0e6647a,1,IUnknown,6,XAppBroadcastRegisterIsAppBroadcastingChanged,"HRESULT XAppBroadcastRegisterIsAppBroadcastingChanged([in, optional] XTaskQueueHandle queue, [in, optional] void * context, [in] XAppBroadcastMonitorCallback * appBroadcastMonitorCallback, [out] XTaskQueueRegistrationToken * token)",HRESULT,"[{""name"": ""queue"", ""type"": ""XTaskQueueHandle"", ""ctype"": ""XTaskQueueHandle"", ""attributes"": [""in"", ""optional""], ""in_param"": true, ""out_param"": false, ""optional"": true, ""string"": false, ""size_is"": null, ""length_is"": null, ""array"": null, ""sensitive"": false}, {""name"": ""context"", ""type"": ""void *"", ""ctype"": ""void *"", ""attributes"": [""in"", ""optional""], ""in_param"": true, ""out_param"": false, ""optional"": true, ""string"": false, ""size_is"": null, ""length_is"": null, ""array"": null, ""sensitive"": false}, {""name"": ""appBroadcastMonitorCallback"", ""type"": ""XAppBroadcastMonitorCallback *"", ""ctype"": ""XAppBroadcastMonitorCallback *"", ""attributes"": [""in""], ""in_param"": true, ""out_param"": false, ""optional"": false, ""string"": false, ""size_is"": null, ""length_is"": null, ""array"": null, ""sensitive"": false}, {""name"": ""token"", ""type"": ""XTaskQueueRegistrationToken *"", ""ctype"": ""XTaskQueueRegistrationToken *"", ""attributes"": [""out""], ""in_param"": false, ""out_param"": true, ""optional"": false, ""string"": false, ""size_is"": null, ""length_is"": null, ""array"": null, ""sensitive"": true}]",[],stubbed_or_incomplete,"[{""kind"": ""FIXME"", ""file"": ""xappcapture.c"", ""line"": 246, ""text"": ""FIXME( \""iface %p, queue %p, context %p, appBroadcastMonitorCallback %p, token %p stub!\\n\"", iface, queue, context, appBroadcastMonitorCallback, token );""}, {""kind"": ""stub"", ""file"": ""xappcapture.c"", ""line"": 246, ""text"": ""FIXME( \""iface %p, queue %p, context %p, appBroadcastMonitorCallback %p, token %p stub!\\n\"", iface, queue, context, appBroadcastMonitorCallback, token );""}, {""kind"": ""E_NOTIMPL"", ""file"": ""xappcapture.c"", ""line"": 247, ""text"": ""return E_NOTIMPL;""}]",False,https://learn.microsoft.com/gaming/gdk/docs/reference/system/xappcapture/functions/xappbroadcastregisterisappbroadcastingchanged,False,[],"[{""number"": 11, ""title"": ""GDK Integration Progress."", ""url"": ""https://github.com/xodus-gaming/xgameruntime/issues/11""}]",interface_method
5,520,XAppCaptureMetadata,xappcapture.idl,IXAppCaptureMetadataImpl,186d5592-a72d-45fb-9560-11aed0e6647a,1,IUnknown,7,XAppBroadcastUnregisterIsAppBroadcastingChanged,"BOOLEAN XAppBroadcastUnregisterIsAppBroadcastingChanged([in] XTaskQueueRegistrationToken token, [in] BOOLEAN wait)",BOOLEAN,"[{""name"": ""token"", ""type"": ""XTaskQueueRegistrationToken"", ""ctype"": ""XTaskQueueRegistrationToken"", ""attributes"": [""in""], ""in_param"": true, ""out_param"": false, ""optional"": false, ""string"": false, ""size_is"": null, ""length_is"": null, ""array"": null, ""sensitive"": true}, {""name"": ""wait"", ""type"": ""BOOLEAN"", ""ctype"": ""BOOLEAN"", ""attributes"": [""in""], ""in_param"": true, ""out_param"": false, ""optional"": false, ""string"": false, ""size_is"": null, ""length_is"": null, ""array"": null, ""sensitive"": false}]",[],stubbed_or_incomplete,"[{""kind"": ""FIXME"", ""file"": ""xappcapture.c"", ""line"": 252, ""text"": ""FIXME( \""iface %p, token %p, wait %d stub!\\n\"", iface, &token, wait );""}, {""kind"": ""stub"", ""file"": ""xappcapture.c"", ""line"": 252, ""text"": ""FIXME( \""iface %p, token %p, wait %d stub!\\n\"", iface, &token, wait );""}]",False,https://learn.microsoft.com/gaming/gdk/docs/reference/system/xappcapture/functions/xappbroadcastunregisterisappbroadcastingchanged,False,[],"[{""number"": 11, ""title"": ""GDK Integration Progress."", ""url"": ""https://github.com/xodus-gaming/xgameruntime/issues/11""}]",interface_method
5,520,XAppCaptureMetadata,xappcapture.idl,IXAppCaptureMetadataImpl,186d5592-a72d-45fb-9560-11aed0e6647a,1,IUnknown,8,XAppCaptureMetadataAddStringEvent,"HRESULT XAppCaptureMetadataAddStringEvent([in, string] const char * name, [in, string] const char * value, [in] XAppCaptureMetadataPriority priority)",HRESULT,"[{""name"": ""name"", ""type"": ""const char *"", ""ctype"": ""const char *"", ""attributes"": [""in"", ""string""], ""in_param"": true, ""out_param"": false, ""optional"": false, ""string"": true, ""size_is"": null, ""length_is"": null, ""array"": null, ""sensitive"": false}, {""name"": ""value"", ""type"": ""const char *"", ""ctype"": ""const char *"", ""attributes"": [""in"", ""string""], ""in_param"": true, ""out_param"": false, ""optional"": false, ""string"": true, ""size_is"": null, ""length_is"": null, ""array"": null, ""sensitive"": false}, {""name"": ""priority"", ""type"": ""XAppCaptureMetadataPriority"", ""ctype"": ""XAppCaptureMetadataPriority"", ""attributes"": [""in""], ""in_param"": true, ""out_param"": false, ""optional"": false, ""string"": false, ""size_is"": null, ""length_is"": null, ""array"": null, ""sensitive"": false}]",[],stubbed_or_incomplete,"[{""kind"": ""FIXME"", ""file"": ""xappcapture.c"", ""line"": 258, ""text"": ""FIXME( \""iface %p, name %s, value %s, priority %d stub!\\n\"", iface, debugstr_a( name ), debugstr_a( value ), priority );""}, {""kind"": ""stub"", ""file"": ""xappcapture.c"", ""line"": 258, ""text"": ""FIXME( \""iface %p, name %s, value %s, priority %d stub!\\n\"", iface, debugstr_a( name ), debugstr_a( value ), priority );""}, {""kind"": ""E_NOTIMPL"", ""file"": ""xappcapture.c"", ""line"": 259, ""text"": ""return E_NOTIMPL;""}]",False,https://learn.microsoft.com/gaming/gdk/docs/reference/system/xappcapture/functions/xappcapturemetadataaddstringevent,False,[],"[{""number"": 11, ""title"": ""GDK Integration Progress."", ""url"": ""https://github.com/xodus-gaming/xgameruntime/issues/11""}]",interface_method
5,520,XAppCaptureMetadata,xappcapture.idl,IXAppCaptureMetadataImpl,186d5592-a72d-45fb-9560-11aed0e6647a,1,IUnknown,9,XAppCaptureMetadataAddInt32Event,"HRESULT XAppCaptureMetadataAddInt32Event([in, string] const char * name, [in] INT32 value, [in] XAppCaptureMetadataPriority priority)",HRESULT,"[{""name"": ""name"", ""type"": ""const char *"", ""ctype"": ""const char *"", ""attributes"": [""in"", ""string""], ""in_param"": true, ""out_param"": false, ""optional"": false, ""string"": true, ""size_is"": null, ""length_is"": null, ""array"": null, ""sensitive"": false}, {""name"": ""value"", ""type"": ""INT32"", ""ctype"": ""INT32"", ""attributes"": [""in""], ""in_param"": true, ""out_param"": false, ""optional"": false, ""string"": false, ""size_is"": null, ""length_is"": null, ""array"": null, ""sensitive"": false}, {""name"": ""priority"", ""type"": ""XAppCaptureMetadataPriority"", ""ctype"": ""XAppCaptureMetadataPriority"", ""attributes"": [""in""], ""in_param"": true, ""out_param"": false, ""optional"": false, ""string"": false, ""size_is"": null, ""length_is"": null, ""array"": null, ""sensitive"": false}]",[],stubbed_or_incomplete,"[{""kind"": ""FIXME"", ""file"": ""xappcapture.c"", ""line"": 264, ""text"": ""FIXME( \""iface %p, name %s, value %d, priority %d stub!\\n\"", iface, debugstr_a( name ), value, priority );""}, {""kind"": ""stub"", ""file"": ""xappcapture.c"", ""line"": 264, ""text"": ""FIXME( \""iface %p, name %s, value %d, priority %d stub!\\n\"", iface, debugstr_a( name ), value, priority );""}, {""kind"": ""E_NOTIMPL"", ""file"": ""xappcapture.c"", ""line"": 265, ""text"": ""return E_NOTIMPL;""}]",False,https://learn.microsoft.com/gaming/gdk/docs/reference/system/xappcapture/functions/xappcapturemetadataaddint32event,False,[],"[{""number"": 11, ""title"": ""GDK Integration Progress."", ""url"": ""https://github.com/xodus-gaming/xgameruntime/issues/11""}]",interface_method
5,520,XAppCaptureMetadata,xappcapture.idl,IXAppCaptureMetadataImpl,186d5592-a72d-45fb-9560-11aed0e6647a,1,IUnknown,10,XAppCaptureMetadataAddDoubleEvent,"HRESULT XAppCaptureMetadataAddDoubleEvent([in, string] const char * name, [in] double value, [in] XAppCaptureMetadataPriority priority)",HRESULT,"[{""name"": ""name"", ""type"": ""const char *"", ""ctype"": ""const char *"", ""attributes"": [""in"", ""string""], ""in_param"": true, ""out_param"": false, ""optional"": false, ""string"": true, ""size_is"": null, ""length_is"": null, ""array"": null, ""sensitive"": false}, {""name"": ""value"", ""type"": ""double"", ""ctype"": ""double"", ""attributes"": [""in""], ""in_param"": true, ""out_param"": false, ""optional"": false, ""string"": false, ""size_is"": null, ""length_is"": null, ""array"": null, ""sensitive"": false}, {""name"": ""priority"", ""type"": ""XAppCaptureMetadataPriority"", ""ctype"": ""XAppCaptureMetadataPriority"", ""attributes"": [""in""], ""in_param"": true, ""out_param"": false, ""optional"": false, ""string"": false, ""size_is"": null, ""length_is"": null, ""array"": null, ""sensitive"": false}]",[],stubbed_or_incomplete,"[{""kind"": ""FIXME"", ""file"": ""xappcapture.c"", ""line"": 270, ""text"": ""FIXME( \""iface %p, name %s, value %e, priority %d stub!\\n\"", iface, debugstr_a( name ), value, priority );""}, {""kind"": ""stub"", ""file"": ""xappcapture.c"", ""line"": 270, ""text"": ""FIXME( \""iface %p, name %s, value %e, priority %d stub!\\n\"", iface, debugstr_a( name ), value, priority );""}, {""kind"": ""E_NOTIMPL"", ""file"": ""xappcapture.c"", ""line"": 271, ""text"": ""return E_NOTIMPL;""}]",False,https://learn.microsoft.com/gaming/gdk/docs/reference/system/xappcapture/functions/xappcapturemetadataadddoubleevent,False,[],"[{""number"": 11, ""title"": ""GDK Integration Progress."", ""url"": ""https://github.com/xodus-gaming/xgameruntime/issues/11""}]",interface_method
5,520,XAppCaptureMetadata,xappcapture.idl,IXAppCaptureMetadataImpl,186d5592-a72d-45fb-9560-11aed0e6647a,1,IUnknown,11,XAppCaptureMetadataStartStringState,"HRESULT XAppCaptureMetadataStartStringState([in, string] const char * name, [in, string] const char * value, [in] XAppCaptureMetadataPriority priority)",HRESULT,"[{""name"": ""name"", ""type"": ""const char *"", ""ctype"": ""const char *"", ""attributes"": [""in"", ""string""], ""in_param"": true, ""out_param"": false, ""optional"": false, ""string"": true, ""size_is"": null, ""length_is"": null, ""array"": null, ""sensitive"": false}, {""name"": ""value"", ""type"": ""const char *"", ""ctype"": ""const char *"", ""attributes"": [""in"", ""string""], ""in_param"": true, ""out_param"": false, ""optional"": false, ""string"": true, ""size_is"": null, ""length_is"": null, ""array"": null, ""sensitive"": false}, {""name"": ""priority"", ""type"": ""XAppCaptureMetadataPriority"", ""ctype"": ""XAppCaptureMetadataPriority"", ""attributes"": [""in""], ""in_param"": true, ""out_param"": false, ""optional"": false, ""string"": false, ""size_is"": null, ""length_is"": null, ""array"": null, ""sensitive"": false}]",[],stubbed_or_incomplete,"[{""kind"": ""FIXME"", ""file"": ""xappcapture.c"", ""line"": 276, ""text"": ""FIXME( \""iface %p, name %s, value %s, priority %d stub!\\n\"", iface, debugstr_a( name ), debugstr_a( value ), priority );""}, {""kind"": ""stub"", ""file"": ""xappcapture.c"", ""line"": 276, ""text"": ""FIXME( \""iface %p, name %s, value %s, priority %d stub!\\n\"", iface, debugstr_a( name ), debugstr_a( value ), priority );""}, {""kind"": ""E_NOTIMPL"", ""file"": ""xappcapture.c"", ""line"": 277, ""text"": ""return E_NOTIMPL;""}]",False,https://learn.microsoft.com/gaming/gdk/docs/reference/system/xappcapture/functions/xappcapturemetadatastartstringstate,False,[],"[{""number"": 11, ""title"": ""GDK Integration Progress."", ""url"": ""https://github.com/xodus-gaming/xgameruntime/issues/11""}]",interface_method
5,520,XAppCaptureMetadata,xappcapture.idl,IXAppCaptureMetadataImpl,186d5592-a72d-45fb-9560-11aed0e6647a,1,IUnknown,12,XAppCaptureMetadataStartInt32State,"HRESULT XAppCaptureMetadataStartInt32State([in, string] const char * name, [in] INT32 value, [in] XAppCaptureMetadataPriority priority)",HRESULT,"[{""name"": ""name"", ""type"": ""const char *"", ""ctype"": ""const char *"", ""attributes"": [""in"", ""string""], ""in_param"": true, ""out_param"": false, ""optional"": false, ""string"": true, ""size_is"": null, ""length_is"": null, ""array"": null, ""sensitive"": false}, {""name"": ""value"", ""type"": ""INT32"", ""ctype"": ""INT32"", ""attributes"": [""in""], ""in_param"": true, ""out_param"": false, ""optional"": false, ""string"": false, ""size_is"": null, ""length_is"": null, ""array"": null, ""sensitive"": false}, {""name"": ""priority"", ""type"": ""XAppCaptureMetadataPriority"", ""ctype"": ""XAppCaptureMetadataPriority"", ""attributes"": [""in""], ""in_param"": true, ""out_param"": false, ""optional"": false, ""string"": false, ""size_is"": null, ""length_is"": null, ""array"": null, ""sensitive"": false}]",[],stubbed_or_incomplete,"[{""kind"": ""FIXME"", ""file"": ""xappcapture.c"", ""line"": 282, ""text"": ""FIXME( \""iface %p, name %s, value %d, priority %d stub!\\n\"", iface, debugstr_a( name ), value, priority );""}, {""kind"": ""stub"", ""file"": ""xappcapture.c"", ""line"": 282, ""text"": ""FIXME( \""iface %p, name %s, value %d, priority %d stub!\\n\"", iface, debugstr_a( name ), value, priority );""}, {""kind"": ""E_NOTIMPL"", ""file"": ""xappcapture.c"", ""line"": 283, ""text"": ""return E_NOTIMPL;""}]",False,https://learn.microsoft.com/gaming/gdk/docs/reference/system/xappcapture/functions/xappcapturemetadatastartint32state,False,[],"[{""number"": 11, ""title"": ""GDK Integration Progress."", ""url"": ""https://github.com/xodus-gaming/xgameruntime/issues/11""}]",interface_method
5,520,XAppCaptureMetadata,xappcapture.idl,IXAppCaptureMetadataImpl,186d5592-a72d-45fb-9560-11aed0e6647a,1,IUnknown,13,XAppCaptureMetadataStartDoubleState,"HRESULT XAppCaptureMetadataStartDoubleState([in, string] const char * name, [in] double value, [in] XAppCaptureMetadataPriority priority)",HRESULT,"[{""name"": ""name"", ""type"": ""const char *"", ""ctype"": ""const char *"", ""attributes"": [""in"", ""string""], ""in_param"": true, ""out_param"": false, ""optional"": false, ""string"": true, ""size_is"": null, ""length_is"": null, ""array"": null, ""sensitive"": false}, {""name"": ""value"", ""type"": ""double"", ""ctype"": ""double"", ""attributes"": [""in""], ""in_param"": true, ""out_param"": false, ""optional"": false, ""string"": false, ""size_is"": null, ""length_is"": null, ""array"": null, ""sensitive"": false}, {""name"": ""priority"", ""type"": ""XAppCaptureMetadataPriority"", ""ctype"": ""XAppCaptureMetadataPriority"", ""attributes"": [""in""], ""in_param"": true, ""out_param"": false, ""optional"": false, ""string"": false, ""size_is"": null, ""length_is"": null, ""array"": null, ""sensitive"": false}]",[],stubbed_or_incomplete,"[{""kind"": ""FIXME"", ""file"": ""xappcapture.c"", ""line"": 288, ""text"": ""FIXME( \""iface %p, name %s, value %e, priority %d stub!\\n\"", iface, debugstr_a( name ), value, priority );""}, {""kind"": ""stub"", ""file"": ""xappcapture.c"", ""line"": 288, ""text"": ""FIXME( \""iface %p, name %s, value %e, priority %d stub!\\n\"", iface, debugstr_a( name ), value, priority );""}, {""kind"": ""E_NOTIMPL"", ""file"": ""xappcapture.c"", ""line"": 289, ""text"": ""return E_NOTIMPL;""}]",False,https://learn.microsoft.com/gaming/gdk/docs/reference/system/xappcapture/functions/xappcapturemetadatastartdoublestate,False,[],"[{""number"": 11, ""title"": ""GDK Integration Progress."", ""url"": ""https://github.com/xodus-gaming/xgameruntime/issues/11""}]",interface_method
5,520,XAppCaptureMetadata,xappcapture.idl,IXAppCaptureMetadataImpl,186d5592-a72d-45fb-9560-11aed0e6647a,1,IUnknown,14,XAppCaptureMetadataStopState,"HRESULT XAppCaptureMetadataStopState([in, string] const char * name)",HRESULT,"[{""name"": ""name"", ""type"": ""const char *"", ""ctype"": ""const char *"", ""attributes"": [""in"", ""string""], ""in_param"": true, ""out_param"": false, ""optional"": false, ""string"": true, ""size_is"": null, ""length_is"": null, ""array"": null, ""sensitive"": false}]",[],stubbed_or_incomplete,"[{""kind"": ""FIXME"", ""file"": ""xappcapture.c"", ""line"": 294, ""text"": ""FIXME( \""iface %p, name %s stub!\\n\"", iface, debugstr_a( name ) );""}, {""kind"": ""stub"", ""file"": ""xappcapture.c"", ""line"": 294, ""text"": ""FIXME( \""iface %p, name %s stub!\\n\"", iface, debugstr_a( name ) );""}, {""kind"": ""E_NOTIMPL"", ""file"": ""xappcapture.c"", ""line"": 295, ""text"": ""return E_NOTIMPL;""}]",False,https://learn.microsoft.com/gaming/gdk/docs/reference/system/xappcapture/functions/xappcapturemetadatastopstate,False,[],"[{""number"": 11, ""title"": ""GDK Integration Progress."", ""url"": ""https://github.com/xodus-gaming/xgameruntime/issues/11""}]",interface_method
5,520,XAppCaptureMetadata,xappcapture.idl,IXAppCaptureMetadataImpl,186d5592-a72d-45fb-9560-11aed0e6647a,1,IUnknown,15,XAppCaptureMetadataStopAllStates,HRESULT XAppCaptureMetadataStopAllStates(),HRESULT,[],[],stubbed_or_incomplete,"[{""kind"": ""FIXME"", ""file"": ""xappcapture.c"", ""line"": 300, ""text"": ""FIXME( \""iface %p stub!\\n\"", iface );""}, {""kind"": ""stub"", ""file"": ""xappcapture.c"", ""line"": 300, ""text"": ""FIXME( \""iface %p stub!\\n\"", iface );""}, {""kind"": ""E_NOTIMPL"", ""file"": ""xappcapture.c"", ""line"": 301, ""text"": ""return E_NOTIMPL;""}]",False,https://learn.microsoft.com/gaming/gdk/docs/reference/system/xappcapture/functions/xappcapturemetadatastopallstates,False,[],"[{""number"": 11, ""title"": ""GDK Integration Progress."", ""url"": ""https://github.com/xodus-gaming/xgameruntime/issues/11""}]",interface_method
5,520,XAppCaptureMetadata,xappcapture.idl,IXAppCaptureMetadataImpl,186d5592-a72d-45fb-9560-11aed0e6647a,1,IUnknown,16,XAppCaptureMetadataRemainingStorageBytesAvailable,HRESULT XAppCaptureMetadataRemainingStorageBytesAvailable([out] UINT64 * value),HRESULT,"[{""name"": ""value"", ""type"": ""UINT64 *"", ""ctype"": ""UINT64 *"", ""attributes"": [""out""], ""in_param"": false, ""out_param"": true, ""optional"": false, ""string"": false, ""size_is"": null, ""length_is"": null, ""array"": null, ""sensitive"": false}]",[],stubbed_or_incomplete,"[{""kind"": ""FIXME"", ""file"": ""xappcapture.c"", ""line"": 306, ""text"": ""FIXME( \""iface %p, value %p stub!\\n\"", iface, value );""}, {""kind"": ""stub"", ""file"": ""xappcapture.c"", ""line"": 306, ""text"": ""FIXME( \""iface %p, value %p stub!\\n\"", iface, value );""}, {""kind"": ""E_NOTIMPL"", ""file"": ""xappcapture.c"", ""line"": 307, ""text"": ""return E_NOTIMPL;""}]",False,https://learn.microsoft.com/gaming/gdk/docs/reference/system/xappcapture/functions/xappcapturemetadataremainingstoragebytesavailable,False,[],"[{""number"": 11, ""title"": ""GDK Integration Progress."", ""url"": ""https://github.com/xodus-gaming/xgameruntime/issues/11""}]",interface_method
5,520,XAppCaptureMetadata,xappcapture.idl,IXAppCaptureMetadataImpl,186d5592-a72d-45fb-9560-11aed0e6647a,1,IUnknown,17,XAppCaptureRegisterMetadataPurged,"HRESULT XAppCaptureRegisterMetadataPurged([in, optional] XTaskQueueHandle queue, [in] void * context, [in] XAppCaptureMetadataPurgedCallback * callback, [out] XTaskQueueRegistrationToken * token)",HRESULT,"[{""name"": ""queue"", ""type"": ""XTaskQueueHandle"", ""ctype"": ""XTaskQueueHandle"", ""attributes"": [""in"", ""optional""], ""in_param"": true, ""out_param"": false, ""optional"": true, ""string"": false, ""size_is"": null, ""length_is"": null, ""array"": null, ""sensitive"": false}, {""name"": ""context"", ""type"": ""void *"", ""ctype"": ""void *"", ""attributes"": [""in""], ""in_param"": true, ""out_param"": false, ""optional"": false, ""string"": false, ""size_is"": null, ""length_is"": null, ""array"": null, ""sensitive"": false}, {""name"": ""callback"", ""type"": ""XAppCaptureMetadataPurgedCallback *"", ""ctype"": ""XAppCaptureMetadataPurgedCallback *"", ""attributes"": [""in""], ""in_param"": true, ""out_param"": false, ""optional"": false, ""string"": false, ""size_is"": null, ""length_is"": null, ""array"": null, ""sensitive"": false}, {""name"": ""token"", ""type"": ""XTaskQueueRegistrationToken *"", ""ctype"": ""XTaskQueueRegistrationToken *"", ""attributes"": [""out""], ""in_param"": false, ""out_param"": true, ""optional"": false, ""string"": false, ""size_is"": null, ""length_is"": null, ""array"": null, ""sensitive"": true}]",[],stubbed_or_incomplete,"[{""kind"": ""FIXME"", ""file"": ""xappcapture.c"", ""line"": 312, ""text"": ""FIXME( \""iface %p, queue %p, context %p, callback %p, token %p stub!\\n\"", iface, queue, context, callback, token );""}, {""kind"": ""stub"", ""file"": ""xappcapture.c"", ""line"": 312, ""text"": ""FIXME( \""iface %p, queue %p, context %p, callback %p, token %p stub!\\n\"", iface, queue, context, callback, token );""}, {""kind"": ""E_NOTIMPL"", ""file"": ""xappcapture.c"", ""line"": 313, ""text"": ""return E_NOTIMPL;""}]",False,https://learn.microsoft.com/gaming/gdk/docs/reference/system/xappcapture/functions/xappcaptureregistermetadatapurged,False,[],"[{""number"": 11, ""title"": ""GDK Integration Progress."", ""url"": ""https://github.com/xodus-gaming/xgameruntime/issues/11""}]",interface_method
5,520,XAppCaptureMetadata,xappcapture.idl,IXAppCaptureMetadataImpl,186d5592-a72d-45fb-9560-11aed0e6647a,1,IUnknown,18,XAppCaptureUnRegisterMetadataPurged,"BOOLEAN XAppCaptureUnRegisterMetadataPurged([in] XTaskQueueRegistrationToken token, [in] BOOLEAN wait)",BOOLEAN,"[{""name"": ""token"", ""type"": ""XTaskQueueRegistrationToken"", ""ctype"": ""XTaskQueueRegistrationToken"", ""attributes"": [""in""], ""in_param"": true, ""out_param"": false, ""optional"": false, ""string"": false, ""size_is"": null, ""length_is"": null, ""array"": null, ""sensitive"": true}, {""name"": ""wait"", ""type"": ""BOOLEAN"", ""ctype"": ""BOOLEAN"", ""attributes"": [""in""], ""in_param"": true, ""out_param"": false, ""optional"": false, ""string"": false, ""size_is"": null, ""length_is"": null, ""array"": null, ""sensitive"": false}]",[],stubbed_or_incomplete,"[{""kind"": ""FIXME"", ""file"": ""xappcapture.c"", ""line"": 318, ""text"": ""FIXME( \""iface %p, token %p, wait %d stub!\\n\"", iface, &token, wait );""}, {""kind"": ""stub"", ""file"": ""xappcapture.c"", ""line"": 318, ""text"": ""FIXME( \""iface %p, token %p, wait %d stub!\\n\"", iface, &token, wait );""}]",False,https://learn.microsoft.com/gaming/gdk/docs/reference/system/xappcapture/functions/xappcaptureunregistermetadatapurged,False,[],"[{""number"": 11, ""title"": ""GDK Integration Progress."", ""url"": ""https://github.com/xodus-gaming/xgameruntime/issues/11""}]",interface_method
5,520,XError,xerror.idl,IXErrorImpl,8ca467f7-22e8-4096-8456-bb8aa13f79d8,1,IUnknown,3,__PADDING__,HRESULT __PADDING__(),HRESULT,[],[],unknown_padding,"[{""kind"": ""E_NOTIMPL"", ""file"": ""xerror.c"", ""line"": 74, ""text"": ""return E_NOTIMPL;""}]",False,,False,[],"[{""number"": 11, ""title"": ""GDK Integration Progress."", ""url"": ""https://github.com/xodus-gaming/xgameruntime/issues/11""}]",interface_method
5,520,XError,xerror.idl,IXErrorImpl,8ca467f7-22e8-4096-8456-bb8aa13f79d8,1,IUnknown,4,XErrorSetCallback,"void XErrorSetCallback([in] XErrorCallback * callback, [in] void * context)",void,"[{""name"": ""callback"", ""type"": ""XErrorCallback *"", ""ctype"": ""XErrorCallback *"", ""attributes"": [""in""], ""in_param"": true, ""out_param"": false, ""optional"": false, ""string"": false, ""size_is"": null, ""length_is"": null, ""array"": null, ""sensitive"": false}, {""name"": ""context"", ""type"": ""void *"", ""ctype"": ""void *"", ""attributes"": [""in""], ""in_param"": true, ""out_param"": false, ""optional"": false, ""string"": false, ""size_is"": null, ""length_is"": null, ""array"": null, ""sensitive"": false}]",[],stubbed_or_incomplete,"[{""kind"": ""FIXME"", ""file"": ""xerror.c"", ""line"": 79, ""text"": ""FIXME( \""iface %p, callback %p, context %p stub!\\n\"", iface, callback, context );""}, {""kind"": ""stub"", ""file"": ""xerror.c"", ""line"": 79, ""text"": ""FIXME( \""iface %p, callback %p, context %p stub!\\n\"", iface, callback, context );""}]",False,https://learn.microsoft.com/gaming/gdk/docs/reference/system/xerror/functions/xerrorsetcallback,False,[],"[{""number"": 11, ""title"": ""GDK Integration Progress."", ""url"": ""https://github.com/xodus-gaming/xgameruntime/issues/11""}]",interface_method
5,520,XError,xerror.idl,IXErrorImpl,8ca467f7-22e8-4096-8456-bb8aa13f79d8,1,IUnknown,5,XErrorSetOptions,"void XErrorSetOptions(XErrorOptions optionsDebuggerPresent, XErrorOptions optionsDebuggerNotPresent)",void,"[{""name"": ""optionsDebuggerPresent"", ""type"": ""XErrorOptions"", ""ctype"": ""XErrorOptions"", ""attributes"": [], ""in_param"": true, ""out_param"": false, ""optional"": false, ""string"": false, ""size_is"": null, ""length_is"": null, ""array"": null, ""sensitive"": false}, {""name"": ""optionsDebuggerNotPresent"", ""type"": ""XErrorOptions"", ""ctype"": ""XErrorOptions"", ""attributes"": [], ""in_param"": true, ""out_param"": false, ""optional"": false, ""string"": false, ""size_is"": null, ""length_is"": null, ""array"": null, ""sensitive"": false}]",[],stubbed_or_incomplete,"[{""kind"": ""FIXME"", ""file"": ""xerror.c"", ""line"": 84, ""text"": ""FIXME( \""iface %p, optionsDebuggerPresent %#x, optionsDebuggerNotPresent %#x stub!\\n\"", iface, optionsDebuggerPresent, optionsDebuggerNotPresent );""}, {""kind"": ""stub"", ""file"": ""xerror.c"", ""line"": 84, ""text"": ""FIXME( \""iface %p, optionsDebuggerPresent %#x, optionsDebuggerNotPresent %#x stub!\\n\"", iface, optionsDebuggerPresent, optionsDebuggerNotPresent );""}]",False,https://learn.microsoft.com/gaming/gdk/docs/reference/system/xerror/functions/xerrorsetoptions,False,[],"[{""number"": 11, ""title"": ""GDK Integration Progress."", ""url"": ""https://github.com/xodus-gaming/xgameruntime/issues/11""}]",interface_method
5,520,XGameStreaming,xgamestreaming.idl,IXGameStreamingImpl,8aff07f5-a1bf-4db8-80a5-31cca0de51b7,1,IUnknown,3,XGameStreamingInitialize,HRESULT XGameStreamingInitialize(),HRESULT,[],[],stubbed_or_incomplete,"[{""kind"": ""FIXME"", ""file"": ""xgamestreaming.c"", ""line"": 75, ""text"": ""FIXME( \""iface %p stub!\\n\"", iface );""}, {""kind"": ""stub"", ""file"": ""xgamestreaming.c"", ""line"": 75, ""text"": ""FIXME( \""iface %p stub!\\n\"", iface );""}, {""kind"": ""E_NOTIMPL"", ""file"": ""xgamestreaming.c"", ""line"": 76, ""text"": ""return E_NOTIMPL;""}]",False,https://learn.microsoft.com/gaming/gdk/docs/reference/system/xgamestreaming/functions/xgamestreaminginitialize,False,[],"[{""number"": 11, ""title"": ""GDK Integration Progress."", ""url"": ""https://github.com/xodus-gaming/xgameruntime/issues/11""}]",interface_method
5,520,XGameStreaming,xgamestreaming.idl,IXGameStreamingImpl,8aff07f5-a1bf-4db8-80a5-31cca0de51b7,1,IUnknown,4,XGameStreamingUninitialize,void XGameStreamingUninitialize(),void,[],[],stubbed_or_incomplete,"[{""kind"": ""FIXME"", ""file"": ""xgamestreaming.c"", ""line"": 81, ""text"": ""FIXME( \""iface %p stub!\\n\"", iface );""}, {""kind"": ""stub"", ""file"": ""xgamestreaming.c"", ""line"": 81, ""text"": ""FIXME( \""iface %p stub!\\n\"", iface );""}]",False,https://learn.microsoft.com/gaming/gdk/docs/reference/system/xgamestreaming/functions/xgamestreaminguninitialize,False,[],"[{""number"": 11, ""title"": ""GDK Integration Progress."", ""url"": ""https://github.com/xodus-gaming/xgameruntime/issues/11""}]",interface_method
5,520,XGameStreaming,xgamestreaming.idl,IXGameStreamingImpl,8aff07f5-a1bf-4db8-80a5-31cca0de51b7,1,IUnknown,5,XGameStreamingIsStreaming,BOOLEAN XGameStreamingIsStreaming(),BOOLEAN,[],[],stubbed_or_incomplete,"[{""kind"": ""FIXME"", ""file"": ""xgamestreaming.c"", ""line"": 86, ""text"": ""FIXME( \""iface %p stub!\\n\"", iface );""}, {""kind"": ""stub"", ""file"": ""xgamestreaming.c"", ""line"": 86, ""text"": ""FIXME( \""iface %p stub!\\n\"", iface );""}]",False,https://learn.microsoft.com/gaming/gdk/docs/reference/system/xgamestreaming/functions/xgamestreamingisstreaming,False,[],"[{""number"": 11, ""title"": ""GDK Integration Progress."", ""url"": ""https://github.com/xodus-gaming/xgameruntime/issues/11""}]",interface_method
5,520,XGameStreaming,xgamestreaming.idl,IXGameStreamingImpl,8aff07f5-a1bf-4db8-80a5-31cca0de51b7,1,IUnknown,6,XGameStreamingRegisterClientPropertiesChanged,"HRESULT XGameStreamingRegisterClientPropertiesChanged([in] XGameStreamingClientId client, [in, optional] XTaskQueueHandle queue, [in, optional] void * context, [in] XGameStreamingClientPropertiesChangedCallback * callback, [out] XTaskQueueRegistrationToken * token)",HRESULT,"[{""name"": ""client"", ""type"": ""XGameStreamingClientId"", ""ctype"": ""XGameStreamingClientId"", ""attributes"": [""in""], ""in_param"": true, ""out_param"": false, ""optional"": false, ""string"": false, ""size_is"": null, ""length_is"": null, ""array"": null, ""sensitive"": false}, {""name"": ""queue"", ""type"": ""XTaskQueueHandle"", ""ctype"": ""XTaskQueueHandle"", ""attributes"": [""in"", ""optional""], ""in_param"": true, ""out_param"": false, ""optional"": true, ""string"": false, ""size_is"": null, ""length_is"": null, ""array"": null, ""sensitive"": false}, {""name"": ""context"", ""type"": ""void *"", ""ctype"": ""void *"", ""attributes"": [""in"", ""optional""], ""in_param"": true, ""out_param"": false, ""optional"": true, ""string"": false, ""size_is"": null, ""length_is"": null, ""array"": null, ""sensitive"": false}, {""name"": ""callback"", ""type"": ""XGameStreamingClientPropertiesChangedCallback *"", ""ctype"": ""XGameStreamingClientPropertiesChangedCallback *"", ""attributes"": [""in""], ""in_param"": true, ""out_param"": false, ""optional"": false, ""string"": false, ""size_is"": null, ""length_is"": null, ""array"": null, ""sensitive"": false}, {""name"": ""token"", ""type"": ""XTaskQueueRegistrationToken *"", ""ctype"": ""XTaskQueueRegistrationToken *"", ""attributes"": [""out""], ""in_param"": false, ""out_param"": true, ""optional"": false, ""string"": false, ""size_is"": null, ""length_is"": null, ""array"": null, ""sensitive"": true}]",[],stubbed_or_incomplete,"[{""kind"": ""FIXME"", ""file"": ""xgamestreaming.c"", ""line"": 92, ""text"": ""FIXME( \""iface %p, client %llu, queue %p, context %p, callback %p, token %p stub!\\n\"", iface, client, queue, context, callback, token );""}, {""kind"": ""stub"", ""file"": ""xgamestreaming.c"", ""line"": 92, ""text"": ""FIXME( \""iface %p, client %llu, queue %p, context %p, callback %p, token %p stub!\\n\"", iface, client, queue, context, callback, token );""}, {""kind"": ""E_NOTIMPL"", ""file"": ""xgamestreaming.c"", ""line"": 93, ""text"": ""return E_NOTIMPL;""}]",False,https://learn.microsoft.com/gaming/gdk/docs/reference/system/xgamestreaming/functions/xgamestreamingregisterclientpropertieschanged,False,[],"[{""number"": 11, ""title"": ""GDK Integration Progress."", ""url"": ""https://github.com/xodus-gaming/xgameruntime/issues/11""}]",interface_method
5,520,XGameStreaming,xgamestreaming.idl,IXGameStreamingImpl,8aff07f5-a1bf-4db8-80a5-31cca0de51b7,1,IUnknown,7,XGameStreamingUnregisterClientPropertiesChanged,"BOOLEAN XGameStreamingUnregisterClientPropertiesChanged([in] XGameStreamingClientId client, [in] XTaskQueueRegistrationToken token, [in] BOOLEAN wait)",BOOLEAN,"[{""name"": ""client"", ""type"": ""XGameStreamingClientId"", ""ctype"": ""XGameStreamingClientId"", ""attributes"": [""in""], ""in_param"": true, ""out_param"": false, ""optional"": false, ""string"": false, ""size_is"": null, ""length_is"": null, ""array"": null, ""sensitive"": false}, {""name"": ""token"", ""type"": ""XTaskQueueRegistrationToken"", ""ctype"": ""XTaskQueueRegistrationToken"", ""attributes"": [""in""], ""in_param"": true, ""out_param"": false, ""optional"": false, ""string"": false, ""size_is"": null, ""length_is"": null, ""array"": null, ""sensitive"": true}, {""name"": ""wait"", ""type"": ""BOOLEAN"", ""ctype"": ""BOOLEAN"", ""attributes"": [""in""], ""in_param"": true, ""out_param"": false, ""optional"": false, ""string"": false, ""size_is"": null, ""length_is"": null, ""array"": null, ""sensitive"": false}]",[],stubbed_or_incomplete,"[{""kind"": ""FIXME"", ""file"": ""xgamestreaming.c"", ""line"": 98, ""text"": ""FIXME( \""iface %p, client %llu, token %p, wait %d stub!\\n\"", iface, client, &token, wait );""}, {""kind"": ""stub"", ""file"": ""xgamestreaming.c"", ""line"": 98, ""text"": ""FIXME( \""iface %p, client %llu, token %p, wait %d stub!\\n\"", iface, client, &token, wait );""}]",False,https://learn.microsoft.com/gaming/gdk/docs/reference/system/xgamestreaming/functions/xgamestreamingunregisterclientpropertieschanged,False,[],"[{""number"": 11, ""title"": ""GDK Integration Progress."", ""url"": ""https://github.com/xodus-gaming/xgameruntime/issues/11""}]",interface_method
5,520,XGameStreaming,xgamestreaming.idl,IXGameStreamingImpl,8aff07f5-a1bf-4db8-80a5-31cca0de51b7,1,IUnknown,8,XGameStreamingGetStreamPhysicalDimensions,"HRESULT XGameStreamingGetStreamPhysicalDimensions([in] XGameStreamingClientId client, [out] UINT32 * horizontalMm, [out] UINT32 * verticalMm)",HRESULT,"[{""name"": ""client"", ""type"": ""XGameStreamingClientId"", ""ctype"": ""XGameStreamingClientId"", ""attributes"": [""in""], ""in_param"": true, ""out_param"": false, ""optional"": false, ""string"": false, ""size_is"": null, ""length_is"": null, ""array"": null, ""sensitive"": false}, {""name"": ""horizontalMm"", ""type"": ""UINT32 *"", ""ctype"": ""UINT32 *"", ""attributes"": [""out""], ""in_param"": false, ""out_param"": true, ""optional"": false, ""string"": false, ""size_is"": null, ""length_is"": null, ""array"": null, ""sensitive"": false}, {""name"": ""verticalMm"", ""type"": ""UINT32 *"", ""ctype"": ""UINT32 *"", ""attributes"": [""out""], ""in_param"": false, ""out_param"": true, ""optional"": false, ""string"": false, ""size_is"": null, ""length_is"": null, ""array"": null, ""sensitive"": false}]",[],stubbed_or_incomplete,"[{""kind"": ""FIXME"", ""file"": ""xgamestreaming.c"", ""line"": 104, ""text"": ""FIXME( \""iface %p, client %llu, horizontalMm %p, verticalMm %p stub!\\n\"", iface, client, horizontalMm, verticalMm );""}, {""kind"": ""stub"", ""file"": ""xgamestreaming.c"", ""line"": 104, ""text"": ""FIXME( \""iface %p, client %llu, horizontalMm %p, verticalMm %p stub!\\n\"", iface, client, horizontalMm, verticalMm );""}, {""kind"": ""E_NOTIMPL"", ""file"": ""xgamestreaming.c"", ""line"": 105, ""text"": ""return E_NOTIMPL;""}]",False,https://learn.microsoft.com/gaming/gdk/docs/reference/system/xgamestreaming/functions/xgamestreaminggetstreamphysicaldimensions,False,[],"[{""number"": 11, ""title"": ""GDK Integration Progress."", ""url"": ""https://github.com/xodus-gaming/xgameruntime/issues/11""}]",interface_method
5,520,XGameStreaming,xgamestreaming.idl,IXGameStreamingImpl,8aff07f5-a1bf-4db8-80a5-31cca0de51b7,1,IUnknown,9,XGameStreamingGetClientCount,UINT32 XGameStreamingGetClientCount(),UINT32,[],[],stubbed_or_incomplete,"[{""kind"": ""FIXME"", ""file"": ""xgamestreaming.c"", ""line"": 110, ""text"": ""FIXME( \""iface %p stub!\\n\"", iface );""}, {""kind"": ""stub"", ""file"": ""xgamestreaming.c"", ""line"": 110, ""text"": ""FIXME( \""iface %p stub!\\n\"", iface );""}]",False,https://learn.microsoft.com/gaming/gdk/docs/reference/system/xgamestreaming/functions/xgamestreaminggetclientcount,False,[],"[{""number"": 11, ""title"": ""GDK Integration Progress."", ""url"": ""https://github.com/xodus-gaming/xgameruntime/issues/11""}]",interface_method
5,520,XGameStreaming,xgamestreaming.idl,IXGameStreamingImpl,8aff07f5-a1bf-4db8-80a5-31cca0de51b7,1,IUnknown,10,XGameStreamingGetClients,"HRESULT XGameStreamingGetClients([in] UINT32 clientCount, [out, length_is(clientCount)] XGameStreamingClientId * clients, [out, optional] UINT32 * clientsUsed)",HRESULT,"[{""name"": ""clientCount"", ""type"": ""UINT32"", ""ctype"": ""UINT32"", ""attributes"": [""in""], ""in_param"": true, ""out_param"": false, ""optional"": false, ""string"": false, ""size_is"": null, ""length_is"": null, ""array"": null, ""sensitive"": false}, {""name"": ""clients"", ""type"": ""XGameStreamingClientId *"", ""ctype"": ""XGameStreamingClientId *"", ""attributes"": [""out"", ""length_is(clientCount)""], ""in_param"": false, ""out_param"": true, ""optional"": false, ""string"": false, ""size_is"": null, ""length_is"": ""clientCount"", ""array"": ""*"", ""sensitive"": false}, {""name"": ""clientsUsed"", ""type"": ""UINT32 *"", ""ctype"": ""UINT32 *"", ""attributes"": [""out"", ""optional""], ""in_param"": false, ""out_param"": true, ""optional"": true, ""string"": false, ""size_is"": null, ""length_is"": null, ""array"": null, ""sensitive"": false}]",[],stubbed_or_incomplete,"[{""kind"": ""FIXME"", ""file"": ""xgamestreaming.c"", ""line"": 116, ""text"": ""FIXME( \""iface %p, clientCount %u, clients %p, clientsUsed %p stub!\\n\"", iface, clientCount, clients, clientsUsed );""}, {""kind"": ""stub"", ""file"": ""xgamestreaming.c"", ""line"": 116, ""text"": ""FIXME( \""iface %p, clientCount %u, clients %p, clientsUsed %p stub!\\n\"", iface, clientCount, clients, clientsUsed );""}, {""kind"": ""E_NOTIMPL"", ""file"": ""xgamestreaming.c"", ""line"": 117, ""text"": ""return E_NOTIMPL;""}]",False,https://learn.microsoft.com/gaming/gdk/docs/reference/system/xgamestreaming/functions/xgamestreaminggetclients,False,[],"[{""number"": 11, ""title"": ""GDK Integration Progress."", ""url"": ""https://github.com/xodus-gaming/xgameruntime/issues/11""}]",interface_method
5,520,XGameStreaming,xgamestreaming.idl,IXGameStreamingImpl,8aff07f5-a1bf-4db8-80a5-31cca0de51b7,1,IUnknown,11,XGameStreamingGetConnectionState,XGameStreamingConnectionState XGameStreamingGetConnectionState([in] XGameStreamingClientId client),XGameStreamingConnectionState,"[{""name"": ""client"", ""type"": ""XGameStreamingClientId"", ""ctype"": ""XGameStreamingClientId"", ""attributes"": [""in""], ""in_param"": true, ""out_param"": false, ""optional"": false, ""string"": false, ""size_is"": null, ""length_is"": null, ""array"": null, ""sensitive"": false}]",[],stubbed_or_incomplete,"[{""kind"": ""FIXME"", ""file"": ""xgamestreaming.c"", ""line"": 122, ""text"": ""FIXME( \""iface %p, client %llu stub!\\n\"", iface, client );""}, {""kind"": ""stub"", ""file"": ""xgamestreaming.c"", ""line"": 122, ""text"": ""FIXME( \""iface %p, client %llu stub!\\n\"", iface, client );""}]",False,https://learn.microsoft.com/gaming/gdk/docs/reference/system/xgamestreaming/functions/xgamestreaminggetconnectionstate,False,[],"[{""number"": 11, ""title"": ""GDK Integration Progress."", ""url"": ""https://github.com/xodus-gaming/xgameruntime/issues/11""}]",interface_method
5,520,XGameStreaming,xgamestreaming.idl,IXGameStreamingImpl,8aff07f5-a1bf-4db8-80a5-31cca0de51b7,1,IUnknown,12,XGameStreamingRegisterConnectionStateChanged,"HRESULT XGameStreamingRegisterConnectionStateChanged([in] XTaskQueueHandle queue, [in, optional] void * context, [in] XGameStreamingConnectionStateChangedCallback * callback, [out] XTaskQueueRegistrationToken * token)",HRESULT,"[{""name"": ""queue"", ""type"": ""XTaskQueueHandle"", ""ctype"": ""XTaskQueueHandle"", ""attributes"": [""in""], ""in_param"": true, ""out_param"": false, ""optional"": false, ""string"": false, ""size_is"": null, ""length_is"": null, ""array"": null, ""sensitive"": false}, {""name"": ""context"", ""type"": ""void *"", ""ctype"": ""void *"", ""attributes"": [""in"", ""optional""], ""in_param"": true, ""out_param"": false, ""optional"": true, ""string"": false, ""size_is"": null, ""length_is"": null, ""array"": null, ""sensitive"": false}, {""name"": ""callback"", ""type"": ""XGameStreamingConnectionStateChangedCallback *"", ""ctype"": ""XGameStreamingConnectionStateChangedCallback *"", ""attributes"": [""in""], ""in_param"": true, ""out_param"": false, ""optional"": false, ""string"": false, ""size_is"": null, ""length_is"": null, ""array"": null, ""sensitive"": false}, {""name"": ""token"", ""type"": ""XTaskQueueRegistrationToken *"", ""ctype"": ""XTaskQueueRegistrationToken *"", ""attributes"": [""out""], ""in_param"": false, ""out_param"": true, ""optional"": false, ""string"": false, ""size_is"": null, ""length_is"": null, ""array"": null, ""sensitive"": true}]",[],stubbed_or_incomplete,"[{""kind"": ""FIXME"", ""file"": ""xgamestreaming.c"", ""line"": 128, ""text"": ""FIXME( \""iface %p, queue %p, context %p, callback %p, token %p stub!\\n\"", iface, queue, context, callback, token );""}, {""kind"": ""stub"", ""file"": ""xgamestreaming.c"", ""line"": 128, ""text"": ""FIXME( \""iface %p, queue %p, context %p, callback %p, token %p stub!\\n\"", iface, queue, context, callback, token );""}, {""kind"": ""E_NOTIMPL"", ""file"": ""xgamestreaming.c"", ""line"": 129, ""text"": ""return E_NOTIMPL;""}]",False,https://learn.microsoft.com/gaming/gdk/docs/reference/system/xgamestreaming/functions/xgamestreamingregisterconnectionstatechanged,False,[],"[{""number"": 11, ""title"": ""GDK Integration Progress."", ""url"": ""https://github.com/xodus-gaming/xgameruntime/issues/11""}]",interface_method
5,520,XGameStreaming,xgamestreaming.idl,IXGameStreamingImpl,8aff07f5-a1bf-4db8-80a5-31cca0de51b7,1,IUnknown,13,XGameStreamingUnregisterConnectionStateChanged,"BOOLEAN XGameStreamingUnregisterConnectionStateChanged([in] XTaskQueueRegistrationToken token, [in] BOOLEAN wait)",BOOLEAN,"[{""name"": ""token"", ""type"": ""XTaskQueueRegistrationToken"", ""ctype"": ""XTaskQueueRegistrationToken"", ""attributes"": [""in""], ""in_param"": true, ""out_param"": false, ""optional"": false, ""string"": false, ""size_is"": null, ""length_is"": null, ""array"": null, ""sensitive"": true}, {""name"": ""wait"", ""type"": ""BOOLEAN"", ""ctype"": ""BOOLEAN"", ""attributes"": [""in""], ""in_param"": true, ""out_param"": false, ""optional"": false, ""string"": false, ""size_is"": null, ""length_is"": null, ""array"": null, ""sensitive"": false}]",[],stubbed_or_incomplete,"[{""kind"": ""FIXME"", ""file"": ""xgamestreaming.c"", ""line"": 134, ""text"": ""FIXME( \""iface %p, token %p, wait %d stub!\\n\"", iface, &token, wait );""}, {""kind"": ""stub"", ""file"": ""xgamestreaming.c"", ""line"": 134, ""text"": ""FIXME( \""iface %p, token %p, wait %d stub!\\n\"", iface, &token, wait );""}]",False,https://learn.microsoft.com/gaming/gdk/docs/reference/system/xgamestreaming/functions/xgamestreamingunregisterconnectionstatechanged,False,[],"[{""number"": 11, ""title"": ""GDK Integration Progress."", ""url"": ""https://github.com/xodus-gaming/xgameruntime/issues/11""}]",interface_method
5,520,XGameStreaming,xgamestreaming.idl,IXGameStreamingImpl,8aff07f5-a1bf-4db8-80a5-31cca0de51b7,1,IUnknown,14,XGameStreamingGetStreamAddedLatency,"HRESULT XGameStreamingGetStreamAddedLatency([in] XGameStreamingClientId client, [out] UINT32 * averageInputLatencyUs, [out] UINT32 * averageOutputLatencyUs, [out] UINT32 * standardDeviationUs)",HRESULT,"[{""name"": ""client"", ""type"": ""XGameStreamingClientId"", ""ctype"": ""XGameStreamingClientId"", ""attributes"": [""in""], ""in_param"": true, ""out_param"": false, ""optional"": false, ""string"": false, ""size_is"": null, ""length_is"": null, ""array"": null, ""sensitive"": false}, {""name"": ""averageInputLatencyUs"", ""type"": ""UINT32 *"", ""ctype"": ""UINT32 *"", ""attributes"": [""out""], ""in_param"": false, ""out_param"": true, ""optional"": false, ""string"": false, ""size_is"": null, ""length_is"": null, ""array"": null, ""sensitive"": false}, {""name"": ""averageOutputLatencyUs"", ""type"": ""UINT32 *"", ""ctype"": ""UINT32 *"", ""attributes"": [""out""], ""in_param"": false, ""out_param"": true, ""optional"": false, ""string"": false, ""size_is"": null, ""length_is"": null, ""array"": null, ""sensitive"": false}, {""name"": ""standardDeviationUs"", ""type"": ""UINT32 *"", ""ctype"": ""UINT32 *"", ""attributes"": [""out""], ""in_param"": false, ""out_param"": true, ""optional"": false, ""string"": false, ""size_is"": null, ""length_is"": null, ""array"": null, ""sensitive"": false}]",[],stubbed_or_incomplete,"[{""kind"": ""FIXME"", ""file"": ""xgamestreaming.c"", ""line"": 140, ""text"": ""FIXME( \""iface %p, client %llu, averageInputLatencyUs %p, averageOutputLatencyUs %p, standardDeviationUs %p stub!\\n\"", iface, client, averageInputLatencyUs, averageOutputLatencyUs, standardDeviationUs );""}, {""kind"": ""stub"", ""file"": ""xgamestreaming.c"", ""line"": 140, ""text"": ""FIXME( \""iface %p, client %llu, averageInputLatencyUs %p, averageOutputLatencyUs %p, standardDeviationUs %p stub!\\n\"", iface, client, averageInputLatencyUs, averageOutputLatencyUs, standardDeviationUs );""}, {""kind"": ""E_NOTIMPL"", ""file"": ""xgamestreaming.c"", ""line"": 141, ""text"": ""return E_NOTIMPL;""}]",False,https://learn.microsoft.com/gaming/gdk/docs/reference/system/xgamestreaming/functions/xgamestreaminggetstreamaddedlatency,False,[],"[{""number"": 11, ""title"": ""GDK Integration Progress."", ""url"": ""https://github.com/xodus-gaming/xgameruntime/issues/11""}]",interface_method
5,520,XGameStreaming,xgamestreaming.idl,IXGameStreamingImpl,8aff07f5-a1bf-4db8-80a5-31cca0de51b7,1,IUnknown,15,XGameStreamingGetServerLocationNameSize,SIZE_T XGameStreamingGetServerLocationNameSize(),SIZE_T,[],[],stubbed_or_incomplete,"[{""kind"": ""FIXME"", ""file"": ""xgamestreaming.c"", ""line"": 146, ""text"": ""FIXME( \""iface %p stub!\\n\"", iface );""}, {""kind"": ""stub"", ""file"": ""xgamestreaming.c"", ""line"": 146, ""text"": ""FIXME( \""iface %p stub!\\n\"", iface );""}]",False,https://learn.microsoft.com/gaming/gdk/docs/reference/system/xgamestreaming/functions/xgamestreaminggetserverlocationnamesize,False,[],"[{""number"": 11, ""title"": ""GDK Integration Progress."", ""url"": ""https://github.com/xodus-gaming/xgameruntime/issues/11""}]",interface_method
5,520,XGameStreaming,xgamestreaming.idl,IXGameStreamingImpl,8aff07f5-a1bf-4db8-80a5-31cca0de51b7,1,IUnknown,16,XGameStreamingGetServerLocationName,"HRESULT XGameStreamingGetServerLocationName([in] SIZE_T serverLocationNameSize, [out, string, size_is(serverLocationNameSize)] char * serverLocationName)",HRESULT,"[{""name"": ""serverLocationNameSize"", ""type"": ""SIZE_T"", ""ctype"": ""SIZE_T"", ""attributes"": [""in""], ""in_param"": true, ""out_param"": false, ""optional"": false, ""string"": false, ""size_is"": null, ""length_is"": null, ""array"": null, ""sensitive"": false}, {""name"": ""serverLocationName"", ""type"": ""char *"", ""ctype"": ""char *"", ""attributes"": [""out"", ""string"", ""size_is(serverLocationNameSize)""], ""in_param"": false, ""out_param"": true, ""optional"": false, ""string"": true, ""size_is"": ""serverLocationNameSize"", ""length_is"": null, ""array"": null, ""sensitive"": false}]",[],stubbed_or_incomplete,"[{""kind"": ""FIXME"", ""file"": ""xgamestreaming.c"", ""line"": 152, ""text"": ""FIXME( \""iface %p, serverLocationNameSize %Iu, serverLocationName %p stub!\\n\"", iface, serverLocationNameSize, serverLocationName );""}, {""kind"": ""stub"", ""file"": ""xgamestreaming.c"", ""line"": 152, ""text"": ""FIXME( \""iface %p, serverLocationNameSize %Iu, serverLocationName %p stub!\\n\"", iface, serverLocationNameSize, serverLocationName );""}, {""kind"": ""E_NOTIMPL"", ""file"": ""xgamestreaming.c"", ""line"": 153, ""text"": ""return E_NOTIMPL;""}]",False,https://learn.microsoft.com/gaming/gdk/docs/reference/system/xgamestreaming/functions/xgamestreaminggetserverlocationname,False,[],"[{""number"": 11, ""title"": ""GDK Integration Progress."", ""url"": ""https://github.com/xodus-gaming/xgameruntime/issues/11""}]",interface_method
5,520,XGameStreaming,xgamestreaming.idl,IXGameStreamingImpl,8aff07f5-a1bf-4db8-80a5-31cca0de51b7,1,IUnknown,17,XGameStreamingHideTouchControls,void XGameStreamingHideTouchControls(),void,[],[],stubbed_or_incomplete,"[{""kind"": ""FIXME"", ""file"": ""xgamestreaming.c"", ""line"": 158, ""text"": ""FIXME( \""iface %p stub!\\n\"", iface );""}, {""kind"": ""stub"", ""file"": ""xgamestreaming.c"", ""line"": 158, ""text"": ""FIXME( \""iface %p stub!\\n\"", iface );""}]",False,https://learn.microsoft.com/gaming/gdk/docs/reference/system/xgamestreaming/functions/xgamestreaminghidetouchcontrols,False,[],"[{""number"": 11, ""title"": ""GDK Integration Progress."", ""url"": ""https://github.com/xodus-gaming/xgameruntime/issues/11""}]",interface_method
5,520,XGameStreaming,xgamestreaming.idl,IXGameStreamingImpl,8aff07f5-a1bf-4db8-80a5-31cca0de51b7,1,IUnknown,18,XGameStreamingShowTouchControlLayout,"void XGameStreamingShowTouchControlLayout([in, optional, string] const char * layout)",void,"[{""name"": ""layout"", ""type"": ""const char *"", ""ctype"": ""const char *"", ""attributes"": [""in"", ""optional"", ""string""], ""in_param"": true, ""out_param"": false, ""optional"": true, ""string"": true, ""size_is"": null, ""length_is"": null, ""array"": null, ""sensitive"": false}]",[],stubbed_or_incomplete,"[{""kind"": ""FIXME"", ""file"": ""xgamestreaming.c"", ""line"": 163, ""text"": ""FIXME( \""iface %p, layout %s stub!\\n\"", iface, debugstr_a( layout ) );""}, {""kind"": ""stub"", ""file"": ""xgamestreaming.c"", ""line"": 163, ""text"": ""FIXME( \""iface %p, layout %s stub!\\n\"", iface, debugstr_a( layout ) );""}]",False,https://learn.microsoft.com/gaming/gdk/docs/reference/system/xgamestreaming/functions/xgamestreamingshowtouchcontrollayout,False,[],"[{""number"": 11, ""title"": ""GDK Integration Progress."", ""url"": ""https://github.com/xodus-gaming/xgameruntime/issues/11""}]",interface_method
5,520,XGameStreaming,xgamestreaming.idl,IXGameStreamingImpl,8aff07f5-a1bf-4db8-80a5-31cca0de51b7,1,IUnknown,19,XGameStreamingHideTouchControlsOnClient,void XGameStreamingHideTouchControlsOnClient([in] XGameStreamingClientId client),void,"[{""name"": ""client"", ""type"": ""XGameStreamingClientId"", ""ctype"": ""XGameStreamingClientId"", ""attributes"": [""in""], ""in_param"": true, ""out_param"": false, ""optional"": false, ""string"": false, ""size_is"": null, ""length_is"": null, ""array"": null, ""sensitive"": false}]",[],stubbed_or_incomplete,"[{""kind"": ""FIXME"", ""file"": ""xgamestreaming.c"", ""line"": 168, ""text"": ""FIXME( \""iface %p, client %llu stub!\\n\"", iface, client );""}, {""kind"": ""stub"", ""file"": ""xgamestreaming.c"", ""line"": 168, ""text"": ""FIXME( \""iface %p, client %llu stub!\\n\"", iface, client );""}]",False,https://learn.microsoft.com/gaming/gdk/docs/reference/system/xgamestreaming/functions/xgamestreaminghidetouchcontrolsonclient,False,[],"[{""number"": 11, ""title"": ""GDK Integration Progress."", ""url"": ""https://github.com/xodus-gaming/xgameruntime/issues/11""}]",interface_method
5,520,XGameStreaming,xgamestreaming.idl,IXGameStreamingImpl,8aff07f5-a1bf-4db8-80a5-31cca0de51b7,1,IUnknown,20,XGameStreamingShowTouchControlLayoutOnClient,"void XGameStreamingShowTouchControlLayoutOnClient([in] XGameStreamingClientId client, [in, optional, string] const char * layout)",void,"[{""name"": ""client"", ""type"": ""XGameStreamingClientId"", ""ctype"": ""XGameStreamingClientId"", ""attributes"": [""in""], ""in_param"": true, ""out_param"": false, ""optional"": false, ""string"": false, ""size_is"": null, ""length_is"": null, ""array"": null, ""sensitive"": false}, {""name"": ""layout"", ""type"": ""const char *"", ""ctype"": ""const char *"", ""attributes"": [""in"", ""optional"", ""string""], ""in_param"": true, ""out_param"": false, ""optional"": true, ""string"": true, ""size_is"": null, ""length_is"": null, ""array"": null, ""sensitive"": false}]",[],stubbed_or_incomplete,"[{""kind"": ""FIXME"", ""file"": ""xgamestreaming.c"", ""line"": 173, ""text"": ""FIXME( \""iface %p, client %llu, layout %s stub!\\n\"", iface, client, debugstr_a( layout ) );""}, {""kind"": ""stub"", ""file"": ""xgamestreaming.c"", ""line"": 173, ""text"": ""FIXME( \""iface %p, client %llu, layout %s stub!\\n\"", iface, client, debugstr_a( layout ) );""}]",False,https://learn.microsoft.com/gaming/gdk/docs/reference/system/xgamestreaming/functions/xgamestreamingshowtouchcontrollayoutonclient,False,[],"[{""number"": 11, ""title"": ""GDK Integration Progress."", ""url"": ""https://github.com/xodus-gaming/xgameruntime/issues/11""}]",interface_method
5,520,XGameStreaming,xgamestreaming.idl,IXGameStreamingImpl,8aff07f5-a1bf-4db8-80a5-31cca0de51b7,1,IUnknown,21,XGameStreamingIsTouchInputEnabled,"HRESULT XGameStreamingIsTouchInputEnabled([in] XGameStreamingClientId client, [out] BOOLEAN * touchInputEnabled)",HRESULT,"[{""name"": ""client"", ""type"": ""XGameStreamingClientId"", ""ctype"": ""XGameStreamingClientId"", ""attributes"": [""in""], ""in_param"": true, ""out_param"": false, ""optional"": false, ""string"": false, ""size_is"": null, ""length_is"": null, ""array"": null, ""sensitive"": false}, {""name"": ""touchInputEnabled"", ""type"": ""BOOLEAN *"", ""ctype"": ""BOOLEAN *"", ""attributes"": [""out""], ""in_param"": false, ""out_param"": true, ""optional"": false, ""string"": false, ""size_is"": null, ""length_is"": null, ""array"": null, ""sensitive"": false}]",[],stubbed_or_incomplete,"[{""kind"": ""FIXME"", ""file"": ""xgamestreaming.c"", ""line"": 178, ""text"": ""FIXME( \""iface %p, client %llu, touchInputEnabled %p stub!\\n\"", iface, client, touchInputEnabled );""}, {""kind"": ""stub"", ""file"": ""xgamestreaming.c"", ""line"": 178, ""text"": ""FIXME( \""iface %p, client %llu, touchInputEnabled %p stub!\\n\"", iface, client, touchInputEnabled );""}, {""kind"": ""E_NOTIMPL"", ""file"": ""xgamestreaming.c"", ""line"": 179, ""text"": ""return E_NOTIMPL;""}]",False,https://learn.microsoft.com/gaming/gdk/docs/reference/system/xgamestreaming/functions/xgamestreamingistouchinputenabled,False,[],"[{""number"": 11, ""title"": ""GDK Integration Progress."", ""url"": ""https://github.com/xodus-gaming/xgameruntime/issues/11""}]",interface_method
5,520,XGameStreaming,xgamestreaming.idl,IXGameStreamingImpl,8aff07f5-a1bf-4db8-80a5-31cca0de51b7,1,IUnknown,22,XGameStreamingGetLastFrameDisplayed,"HRESULT XGameStreamingGetLastFrameDisplayed([in] XGameStreamingClientId client, [out] D3D12XBOX_FRAME_PIPELINE_TOKEN * framePipelineToken)",HRESULT,"[{""name"": ""client"", ""type"": ""XGameStreamingClientId"", ""ctype"": ""XGameStreamingClientId"", ""attributes"": [""in""], ""in_param"": true, ""out_param"": false, ""optional"": false, ""string"": false, ""size_is"": null, ""length_is"": null, ""array"": null, ""sensitive"": false}, {""name"": ""framePipelineToken"", ""type"": ""D3D12XBOX_FRAME_PIPELINE_TOKEN *"", ""ctype"": ""D3D12XBOX_FRAME_PIPELINE_TOKEN *"", ""attributes"": [""out""], ""in_param"": false, ""out_param"": true, ""optional"": false, ""string"": false, ""size_is"": null, ""length_is"": null, ""array"": null, ""sensitive"": true}]",[],stubbed_or_incomplete,"[{""kind"": ""FIXME"", ""file"": ""xgamestreaming.c"", ""line"": 184, ""text"": ""FIXME( \""iface %p, client %llu, framePipelineToken %p stub!\\n\"", iface, client, framePipelineToken );""}, {""kind"": ""stub"", ""file"": ""xgamestreaming.c"", ""line"": 184, ""text"": ""FIXME( \""iface %p, client %llu, framePipelineToken %p stub!\\n\"", iface, client, framePipelineToken );""}, {""kind"": ""E_NOTIMPL"", ""file"": ""xgamestreaming.c"", ""line"": 185, ""text"": ""return E_NOTIMPL;""}]",False,https://learn.microsoft.com/gaming/gdk/docs/reference/system/xgamestreaming/functions/xgamestreaminggetlastframedisplayed,False,[],"[{""number"": 11, ""title"": ""GDK Integration Progress."", ""url"": ""https://github.com/xodus-gaming/xgameruntime/issues/11""}]",interface_method
5,520,XGameStreaming,xgamestreaming.idl,IXGameStreamingImpl,8aff07f5-a1bf-4db8-80a5-31cca0de51b7,1,IUnknown,23,XGameStreamingGetAssociatedFrame,"HRESULT XGameStreamingGetAssociatedFrame([in] IGameInputReading * gamepadReading, [out] D3D12XBOX_FRAME_PIPELINE_TOKEN * framePipelineToken)",HRESULT,"[{""name"": ""gamepadReading"", ""type"": ""IGameInputReading *"", ""ctype"": ""IGameInputReading *"", ""attributes"": [""in""], ""in_param"": true, ""out_param"": false, ""optional"": false, ""string"": false, ""size_is"": null, ""length_is"": null, ""array"": null, ""sensitive"": false}, {""name"": ""framePipelineToken"", ""type"": ""D3D12XBOX_FRAME_PIPELINE_TOKEN *"", ""ctype"": ""D3D12XBOX_FRAME_PIPELINE_TOKEN *"", ""attributes"": [""out""], ""in_param"": false, ""out_param"": true, ""optional"": false, ""string"": false, ""size_is"": null, ""length_is"": null, ""array"": null, ""sensitive"": true}]",[],stubbed_or_incomplete,"[{""kind"": ""FIXME"", ""file"": ""xgamestreaming.c"", ""line"": 190, ""text"": ""FIXME( \""iface %p, gamepadReading %p, framePipelineToken %p stub!\\n\"", iface, gamepadReading, framePipelineToken );""}, {""kind"": ""stub"", ""file"": ""xgamestreaming.c"", ""line"": 190, ""text"": ""FIXME( \""iface %p, gamepadReading %p, framePipelineToken %p stub!\\n\"", iface, gamepadReading, framePipelineToken );""}, {""kind"": ""E_NOTIMPL"", ""file"": ""xgamestreaming.c"", ""line"": 191, ""text"": ""return E_NOTIMPL;""}]",False,https://learn.microsoft.com/gaming/gdk/docs/reference/system/xgamestreaming/functions/xgamestreaminggetassociatedframe,False,[],"[{""number"": 11, ""title"": ""GDK Integration Progress."", ""url"": ""https://github.com/xodus-gaming/xgameruntime/issues/11""}]",interface_method
5,520,XGameStreaming,xgamestreaming.idl,IXGameStreamingImpl,8aff07f5-a1bf-4db8-80a5-31cca0de51b7,1,IUnknown,24,XGameStreamingGetGamepadPhysicality,"HRESULT XGameStreamingGetGamepadPhysicality([in] IGameInputReading * gamepadReading, [out] XGameStreamingGamepadPhysicality * gamepadPhysicality)",HRESULT,"[{""name"": ""gamepadReading"", ""type"": ""IGameInputReading *"", ""ctype"": ""IGameInputReading *"", ""attributes"": [""in""], ""in_param"": true, ""out_param"": false, ""optional"": false, ""string"": false, ""size_is"": null, ""length_is"": null, ""array"": null, ""sensitive"": false}, {""name"": ""gamepadPhysicality"", ""type"": ""XGameStreamingGamepadPhysicality *"", ""ctype"": ""XGameStreamingGamepadPhysicality *"", ""attributes"": [""out""], ""in_param"": false, ""out_param"": true, ""optional"": false, ""string"": false, ""size_is"": null, ""length_is"": null, ""array"": null, ""sensitive"": false}]",[],stubbed_or_incomplete,"[{""kind"": ""FIXME"", ""file"": ""xgamestreaming.c"", ""line"": 196, ""text"": ""FIXME( \""iface %p, gamepadReading %p, gamepadPhysicality %p stub!\\n\"", iface, gamepadReading, gamepadPhysicality );""}, {""kind"": ""stub"", ""file"": ""xgamestreaming.c"", ""line"": 196, ""text"": ""FIXME( \""iface %p, gamepadReading %p, gamepadPhysicality %p stub!\\n\"", iface, gamepadReading, gamepadPhysicality );""}, {""kind"": ""E_NOTIMPL"", ""file"": ""xgamestreaming.c"", ""line"": 197, ""text"": ""return E_NOTIMPL;""}]",False,https://learn.microsoft.com/gaming/gdk/docs/reference/system/xgamestreaming/functions/xgamestreaminggetgamepadphysicality,False,[],"[{""number"": 11, ""title"": ""GDK Integration Progress."", ""url"": ""https://github.com/xodus-gaming/xgameruntime/issues/11""}]",interface_method
5,520,XGameStreaming,xgamestreaming.idl,IXGameStreamingImpl,8aff07f5-a1bf-4db8-80a5-31cca0de51b7,1,IUnknown,25,XGameStreamingUpdateTouchControlsState,"HRESULT XGameStreamingUpdateTouchControlsState([in] SIZE_T operationCount, [in, optional, length_is(operationCount)] const XGameStreamingTouchControlsStateOperation * operations)",HRESULT,"[{""name"": ""operationCount"", ""type"": ""SIZE_T"", ""ctype"": ""SIZE_T"", ""attributes"": [""in""], ""in_param"": true, ""out_param"": false, ""optional"": false, ""string"": false, ""size_is"": null, ""length_is"": null, ""array"": null, ""sensitive"": false}, {""name"": ""operations"", ""type"": ""const XGameStreamingTouchControlsStateOperation *"", ""ctype"": ""const XGameStreamingTouchControlsStateOperation *"", ""attributes"": [""in"", ""optional"", ""length_is(operationCount)""], ""in_param"": true, ""out_param"": false, ""optional"": true, ""string"": false, ""size_is"": null, ""length_is"": ""operationCount"", ""array"": ""*"", ""sensitive"": false}]",[],stubbed_or_incomplete,"[{""kind"": ""FIXME"", ""file"": ""xgamestreaming.c"", ""line"": 202, ""text"": ""FIXME( \""iface %p, operationCount %Iu, operations %p stub!\\n\"", iface, operationCount, operations );""}, {""kind"": ""stub"", ""file"": ""xgamestreaming.c"", ""line"": 202, ""text"": ""FIXME( \""iface %p, operationCount %Iu, operations %p stub!\\n\"", iface, operationCount, operations );""}, {""kind"": ""E_NOTIMPL"", ""file"": ""xgamestreaming.c"", ""line"": 203, ""text"": ""return E_NOTIMPL;""}]",False,https://learn.microsoft.com/gaming/gdk/docs/reference/system/xgamestreaming/functions/xgamestreamingupdatetouchcontrolsstate,False,[],"[{""number"": 11, ""title"": ""GDK Integration Progress."", ""url"": ""https://github.com/xodus-gaming/xgameruntime/issues/11""}]",interface_method
5,520,XGameStreaming,xgamestreaming.idl,IXGameStreamingImpl,8aff07f5-a1bf-4db8-80a5-31cca0de51b7,1,IUnknown,26,XGameStreamingUpdateTouchControlsStateOnClient,"HRESULT XGameStreamingUpdateTouchControlsStateOnClient([in] XGameStreamingClientId client, [in] SIZE_T operationCount, [in, optional, length_is(operationCount)] const XGameStreamingTouchControlsStateOperation * operations)",HRESULT,"[{""name"": ""client"", ""type"": ""XGameStreamingClientId"", ""ctype"": ""XGameStreamingClientId"", ""attributes"": [""in""], ""in_param"": true, ""out_param"": false, ""optional"": false, ""string"": false, ""size_is"": null, ""length_is"": null, ""array"": null, ""sensitive"": false}, {""name"": ""operationCount"", ""type"": ""SIZE_T"", ""ctype"": ""SIZE_T"", ""attributes"": [""in""], ""in_param"": true, ""out_param"": false, ""optional"": false, ""string"": false, ""size_is"": null, ""length_is"": null, ""array"": null, ""sensitive"": false}, {""name"": ""operations"", ""type"": ""const XGameStreamingTouchControlsStateOperation *"", ""ctype"": ""const XGameStreamingTouchControlsStateOperation *"", ""attributes"": [""in"", ""optional"", ""length_is(operationCount)""], ""in_param"": true, ""out_param"": false, ""optional"": true, ""string"": false, ""size_is"": null, ""length_is"": ""operationCount"", ""array"": ""*"", ""sensitive"": false}]",[],stubbed_or_incomplete,"[{""kind"": ""FIXME"", ""file"": ""xgamestreaming.c"", ""line"": 208, ""text"": ""FIXME( \""iface %p, client %llu, operationCount %Iu, operations %p stub!\\n\"", iface, client, operationCount, operations );""}, {""kind"": ""stub"", ""file"": ""xgamestreaming.c"", ""line"": 208, ""text"": ""FIXME( \""iface %p, client %llu, operationCount %Iu, operations %p stub!\\n\"", iface, client, operationCount, operations );""}, {""kind"": ""E_NOTIMPL"", ""file"": ""xgamestreaming.c"", ""line"": 209, ""text"": ""return E_NOTIMPL;""}]",False,https://learn.microsoft.com/gaming/gdk/docs/reference/system/xgamestreaming/functions/xgamestreamingupdatetouchcontrolsstateonclient,False,[],"[{""number"": 11, ""title"": ""GDK Integration Progress."", ""url"": ""https://github.com/xodus-gaming/xgameruntime/issues/11""}]",interface_method
5,520,XGameStreaming,xgamestreaming.idl,IXGameStreamingImpl,8aff07f5-a1bf-4db8-80a5-31cca0de51b7,1,IUnknown,27,XGameStreamingShowTouchControlsWithStateUpdate,"HRESULT XGameStreamingShowTouchControlsWithStateUpdate([in, optional, string] const char * layout, [in] SIZE_T operationCount, [in, optional, length_is(operationCount)] const XGameStreamingTouchControlsStateOperation * operations)",HRESULT,"[{""name"": ""layout"", ""type"": ""const char *"", ""ctype"": ""const char *"", ""attributes"": [""in"", ""optional"", ""string""], ""in_param"": true, ""out_param"": false, ""optional"": true, ""string"": true, ""size_is"": null, ""length_is"": null, ""array"": null, ""sensitive"": false}, {""name"": ""operationCount"", ""type"": ""SIZE_T"", ""ctype"": ""SIZE_T"", ""attributes"": [""in""], ""in_param"": true, ""out_param"": false, ""optional"": false, ""string"": false, ""size_is"": null, ""length_is"": null, ""array"": null, ""sensitive"": false}, {""name"": ""operations"", ""type"": ""const XGameStreamingTouchControlsStateOperation *"", ""ctype"": ""const XGameStreamingTouchControlsStateOperation *"", ""attributes"": [""in"", ""optional"", ""length_is(operationCount)""], ""in_param"": true, ""out_param"": false, ""optional"": true, ""string"": false, ""size_is"": null, ""length_is"": ""operationCount"", ""array"": ""*"", ""sensitive"": false}]",[],stubbed_or_incomplete,"[{""kind"": ""FIXME"", ""file"": ""xgamestreaming.c"", ""line"": 214, ""text"": ""FIXME( \""iface %p, layout %s, operationCount %Iu, operations %p stub!\\n\"", iface, debugstr_a( layout ), operationCount, operations );""}, {""kind"": ""stub"", ""file"": ""xgamestreaming.c"", ""line"": 214, ""text"": ""FIXME( \""iface %p, layout %s, operationCount %Iu, operations %p stub!\\n\"", iface, debugstr_a( layout ), operationCount, operations );""}, {""kind"": ""E_NOTIMPL"", ""file"": ""xgamestreaming.c"", ""line"": 215, ""text"": ""return E_NOTIMPL;""}]",False,https://learn.microsoft.com/gaming/gdk/docs/reference/system/xgamestreaming/functions/xgamestreamingshowtouchcontrolswithstateupdate,False,[],"[{""number"": 11, ""title"": ""GDK Integration Progress."", ""url"": ""https://github.com/xodus-gaming/xgameruntime/issues/11""}]",interface_method
5,520,XGameStreaming,xgamestreaming.idl,IXGameStreamingImpl,8aff07f5-a1bf-4db8-80a5-31cca0de51b7,1,IUnknown,28,XGameStreamingShowTouchControlsWithStateUpdateOnClient,"HRESULT XGameStreamingShowTouchControlsWithStateUpdateOnClient([in] XGameStreamingClientId client, [in, optional, string] const char * layout, [in] SIZE_T operationCount, [in, optional, length_is(operationCount)] const XGameStreamingTouchControlsStateOperation * operations)",HRESULT,"[{""name"": ""client"", ""type"": ""XGameStreamingClientId"", ""ctype"": ""XGameStreamingClientId"", ""attributes"": [""in""], ""in_param"": true, ""out_param"": false, ""optional"": false, ""string"": false, ""size_is"": null, ""length_is"": null, ""array"": null, ""sensitive"": false}, {""name"": ""layout"", ""type"": ""const char *"", ""ctype"": ""const char *"", ""attributes"": [""in"", ""optional"", ""string""], ""in_param"": true, ""out_param"": false, ""optional"": true, ""string"": true, ""size_is"": null, ""length_is"": null, ""array"": null, ""sensitive"": false}, {""name"": ""operationCount"", ""type"": ""SIZE_T"", ""ctype"": ""SIZE_T"", ""attributes"": [""in""], ""in_param"": true, ""out_param"": false, ""optional"": false, ""string"": false, ""size_is"": null, ""length_is"": null, ""array"": null, ""sensitive"": false}, {""name"": ""operations"", ""type"": ""const XGameStreamingTouchControlsStateOperation *"", ""ctype"": ""const XGameStreamingTouchControlsStateOperation *"", ""attributes"": [""in"", ""optional"", ""length_is(operationCount)""], ""in_param"": true, ""out_param"": false, ""optional"": true, ""string"": false, ""size_is"": null, ""length_is"": ""operationCount"", ""array"": ""*"", ""sensitive"": false}]",[],stubbed_or_incomplete,"[{""kind"": ""FIXME"", ""file"": ""xgamestreaming.c"", ""line"": 220, ""text"": ""FIXME( \""iface %p, client %llu, layout %s, operationCount %Iu, operations %p stub!\\n\"", iface, client, debugstr_a( layout ), operationCount, operations );""}, {""kind"": ""stub"", ""file"": ""xgamestreaming.c"", ""line"": 220, ""text"": ""FIXME( \""iface %p, client %llu, layout %s, operationCount %Iu, operations %p stub!\\n\"", iface, client, debugstr_a( layout ), operationCount, operations );""}, {""kind"": ""E_NOTIMPL"", ""file"": ""xgamestreaming.c"", ""line"": 221, ""text"": ""return E_NOTIMPL;""}]",False,https://learn.microsoft.com/gaming/gdk/docs/reference/system/xgamestreaming/functions/xgamestreamingshowtouchcontrolswithstateupdateonclient,False,[],"[{""number"": 11, ""title"": ""GDK Integration Progress."", ""url"": ""https://github.com/xodus-gaming/xgameruntime/issues/11""}]",interface_method
5,520,XGameStreaming,xgamestreaming.idl,IXGameStreamingImpl,8aff07f5-a1bf-4db8-80a5-31cca0de51b7,1,IUnknown,29,XGameStreamingGetTouchBundleVersionNameSize,SIZE_T XGameStreamingGetTouchBundleVersionNameSize([in] XGameStreamingClientId client),SIZE_T,"[{""name"": ""client"", ""type"": ""XGameStreamingClientId"", ""ctype"": ""XGameStreamingClientId"", ""attributes"": [""in""], ""in_param"": true, ""out_param"": false, ""optional"": false, ""string"": false, ""size_is"": null, ""length_is"": null, ""array"": null, ""sensitive"": false}]",[],stubbed_or_incomplete,"[{""kind"": ""FIXME"", ""file"": ""xgamestreaming.c"", ""line"": 226, ""text"": ""FIXME( \""iface %p, client %llu stub!\\n\"", iface, client );""}, {""kind"": ""stub"", ""file"": ""xgamestreaming.c"", ""line"": 226, ""text"": ""FIXME( \""iface %p, client %llu stub!\\n\"", iface, client );""}]",False,https://learn.microsoft.com/gaming/gdk/docs/reference/system/xgamestreaming/functions/xgamestreaminggettouchbundleversionnamesize,False,[],"[{""number"": 11, ""title"": ""GDK Integration Progress."", ""url"": ""https://github.com/xodus-gaming/xgameruntime/issues/11""}]",interface_method
5,520,XGameStreaming,xgamestreaming.idl,IXGameStreamingImpl,8aff07f5-a1bf-4db8-80a5-31cca0de51b7,1,IUnknown,30,XGameStreamingGetTouchBundleVersion,"HRESULT XGameStreamingGetTouchBundleVersion([in] XGameStreamingClientId client, [out, optional] XVersion * version, [in] SIZE_T versionNameSize, [out, optional, string, size_is(versionNameSize)] char * versionName)",HRESULT,"[{""name"": ""client"", ""type"": ""XGameStreamingClientId"", ""ctype"": ""XGameStreamingClientId"", ""attributes"": [""in""], ""in_param"": true, ""out_param"": false, ""optional"": false, ""string"": false, ""size_is"": null, ""length_is"": null, ""array"": null, ""sensitive"": false}, {""name"": ""version"", ""type"": ""XVersion *"", ""ctype"": ""XVersion *"", ""attributes"": [""out"", ""optional""], ""in_param"": false, ""out_param"": true, ""optional"": true, ""string"": false, ""size_is"": null, ""length_is"": null, ""array"": null, ""sensitive"": false}, {""name"": ""versionNameSize"", ""type"": ""SIZE_T"", ""ctype"": ""SIZE_T"", ""attributes"": [""in""], ""in_param"": true, ""out_param"": false, ""optional"": false, ""string"": false, ""size_is"": null, ""length_is"": null, ""array"": null, ""sensitive"": false}, {""name"": ""versionName"", ""type"": ""char *"", ""ctype"": ""char *"", ""attributes"": [""out"", ""optional"", ""string"", ""size_is(versionNameSize)""], ""in_param"": false, ""out_param"": true, ""optional"": true, ""string"": true, ""size_is"": ""versionNameSize"", ""length_is"": null, ""array"": null, ""sensitive"": false}]",[],stubbed_or_incomplete,"[{""kind"": ""FIXME"", ""file"": ""xgamestreaming.c"", ""line"": 232, ""text"": ""FIXME( \""iface %p, client %llu, version %p, versionNameSize %Iu, versionName %p stub!\\n\"", iface, client, version, versionNameSize, versionName );""}, {""kind"": ""stub"", ""file"": ""xgamestreaming.c"", ""line"": 232, ""text"": ""FIXME( \""iface %p, client %llu, version %p, versionNameSize %Iu, versionName %p stub!\\n\"", iface, client, version, versionNameSize, versionName );""}, {""kind"": ""E_NOTIMPL"", ""file"": ""xgamestreaming.c"", ""line"": 233, ""text"": ""return E_NOTIMPL;""}]",False,https://learn.microsoft.com/gaming/gdk/docs/reference/system/xgamestreaming/functions/xgamestreaminggettouchbundleversion,False,[],"[{""number"": 11, ""title"": ""GDK Integration Progress."", ""url"": ""https://github.com/xodus-gaming/xgameruntime/issues/11""}]",interface_method
5,520,XGameStreaming,xgamestreaming.idl,IXGameStreamingImpl,8aff07f5-a1bf-4db8-80a5-31cca0de51b7,1,IUnknown,31,XGameStreamingGetClientIPAddress,"HRESULT XGameStreamingGetClientIPAddress([in] XGameStreamingClientId client, [in] SIZE_T ipAddressSize, [out, string, size_is(ipAddressSize)] char * ipAddress)",HRESULT,"[{""name"": ""client"", ""type"": ""XGameStreamingClientId"", ""ctype"": ""XGameStreamingClientId"", ""attributes"": [""in""], ""in_param"": true, ""out_param"": false, ""optional"": false, ""string"": false, ""size_is"": null, ""length_is"": null, ""array"": null, ""sensitive"": false}, {""name"": ""ipAddressSize"", ""type"": ""SIZE_T"", ""ctype"": ""SIZE_T"", ""attributes"": [""in""], ""in_param"": true, ""out_param"": false, ""optional"": false, ""string"": false, ""size_is"": null, ""length_is"": null, ""array"": null, ""sensitive"": false}, {""name"": ""ipAddress"", ""type"": ""char *"", ""ctype"": ""char *"", ""attributes"": [""out"", ""string"", ""size_is(ipAddressSize)""], ""in_param"": false, ""out_param"": true, ""optional"": false, ""string"": true, ""size_is"": ""ipAddressSize"", ""length_is"": null, ""array"": null, ""sensitive"": false}]",[],stubbed_or_incomplete,"[{""kind"": ""FIXME"", ""file"": ""xgamestreaming.c"", ""line"": 238, ""text"": ""FIXME( \""iface %p, client %llu, ipAddressSize %Iu, ipAddress %p stub!\\n\"", iface, client, ipAddressSize, ipAddress );""}, {""kind"": ""stub"", ""file"": ""xgamestreaming.c"", ""line"": 238, ""text"": ""FIXME( \""iface %p, client %llu, ipAddressSize %Iu, ipAddress %p stub!\\n\"", iface, client, ipAddressSize, ipAddress );""}, {""kind"": ""E_NOTIMPL"", ""file"": ""xgamestreaming.c"", ""line"": 239, ""text"": ""return E_NOTIMPL;""}]",False,https://learn.microsoft.com/gaming/gdk/docs/reference/system/xgamestreaming/functions/xgamestreaminggetclientipaddress,False,[],"[{""number"": 11, ""title"": ""GDK Integration Progress."", ""url"": ""https://github.com/xodus-gaming/xgameruntime/issues/11""}]",interface_method
5,520,XGameStreaming,xgamestreaming.idl,IXGameStreamingImpl2,5f5e5169-746c-4001-ad1c-da728d01c9eb,2,IXGameStreamingImpl,32,XGameStreamingGetSessionId,"HRESULT XGameStreamingGetSessionId([in] XGameStreamingClientId client, [in] SIZE_T sessionIdSize, [out, string, size_is(sessionIdSize)] char * sessionId, [out, optional] SIZE_T * sessionIdUsed)",HRESULT,"[{""name"": ""client"", ""type"": ""XGameStreamingClientId"", ""ctype"": ""XGameStreamingClientId"", ""attributes"": [""in""], ""in_param"": true, ""out_param"": false, ""optional"": false, ""string"": false, ""size_is"": null, ""length_is"": null, ""array"": null, ""sensitive"": false}, {""name"": ""sessionIdSize"", ""type"": ""SIZE_T"", ""ctype"": ""SIZE_T"", ""attributes"": [""in""], ""in_param"": true, ""out_param"": false, ""optional"": false, ""string"": false, ""size_is"": null, ""length_is"": null, ""array"": null, ""sensitive"": false}, {""name"": ""sessionId"", ""type"": ""char *"", ""ctype"": ""char *"", ""attributes"": [""out"", ""string"", ""size_is(sessionIdSize)""], ""in_param"": false, ""out_param"": true, ""optional"": false, ""string"": true, ""size_is"": ""sessionIdSize"", ""length_is"": null, ""array"": null, ""sensitive"": false}, {""name"": ""sessionIdUsed"", ""type"": ""SIZE_T *"", ""ctype"": ""SIZE_T *"", ""attributes"": [""out"", ""optional""], ""in_param"": false, ""out_param"": true, ""optional"": true, ""string"": false, ""size_is"": null, ""length_is"": null, ""array"": null, ""sensitive"": false}]",[],stubbed_or_incomplete,"[{""kind"": ""FIXME"", ""file"": ""xgamestreaming.c"", ""line"": 244, ""text"": ""FIXME( \""iface %p, client %llu, sessionIdSize %Iu, sessionId %p, sessionIdUsed %p stub!\\n\"", iface, client, sessionIdSize, sessionId, sessionIdUsed );""}, {""kind"": ""stub"", ""file"": ""xgamestreaming.c"", ""line"": 244, ""text"": ""FIXME( \""iface %p, client %llu, sessionIdSize %Iu, sessionId %p, sessionIdUsed %p stub!\\n\"", iface, client, sessionIdSize, sessionId, sessionIdUsed );""}, {""kind"": ""E_NOTIMPL"", ""file"": ""xgamestreaming.c"", ""line"": 245, ""text"": ""return E_NOTIMPL;""}]",False,https://learn.microsoft.com/gaming/gdk/docs/reference/system/xgamestreaming/functions/xgamestreaminggetsessionid,False,[],"[{""number"": 11, ""title"": ""GDK Integration Progress."", ""url"": ""https://github.com/xodus-gaming/xgameruntime/issues/11""}]",interface_method
5,520,XGameStreaming,xgamestreaming.idl,IXGameStreamingImpl3,57786622-6605-46d0-b917-0f22bbcd9c52,3,IXGameStreamingImpl2,33,XGameStreamingGetDisplayDetails,"HRESULT XGameStreamingGetDisplayDetails([in] XGameStreamingClientId client, [in] UINT32 maxSupportedPixels, [in] float widestSupportedAspectRatio, [in] float tallestSupportedAspectRatio, [out] XGameStreamingDisplayDetails * displayDetails)",HRESULT,"[{""name"": ""client"", ""type"": ""XGameStreamingClientId"", ""ctype"": ""XGameStreamingClientId"", ""attributes"": [""in""], ""in_param"": true, ""out_param"": false, ""optional"": false, ""string"": false, ""size_is"": null, ""length_is"": null, ""array"": null, ""sensitive"": false}, {""name"": ""maxSupportedPixels"", ""type"": ""UINT32"", ""ctype"": ""UINT32"", ""attributes"": [""in""], ""in_param"": true, ""out_param"": false, ""optional"": false, ""string"": false, ""size_is"": null, ""length_is"": null, ""array"": null, ""sensitive"": false}, {""name"": ""widestSupportedAspectRatio"", ""type"": ""float"", ""ctype"": ""float"", ""attributes"": [""in""], ""in_param"": true, ""out_param"": false, ""optional"": false, ""string"": false, ""size_is"": null, ""length_is"": null, ""array"": null, ""sensitive"": false}, {""name"": ""tallestSupportedAspectRatio"", ""type"": ""float"", ""ctype"": ""float"", ""attributes"": [""in""], ""in_param"": true, ""out_param"": false, ""optional"": false, ""string"": false, ""size_is"": null, ""length_is"": null, ""array"": null, ""sensitive"": false}, {""name"": ""displayDetails"", ""type"": ""XGameStreamingDisplayDetails *"", ""ctype"": ""XGameStreamingDisplayDetails *"", ""attributes"": [""out""], ""in_param"": false, ""out_param"": true, ""optional"": false, ""string"": false, ""size_is"": null, ""length_is"": null, ""array"": null, ""sensitive"": false}]",[],stubbed_or_incomplete,"[{""kind"": ""FIXME"", ""file"": ""xgamestreaming.c"", ""line"": 250, ""text"": ""FIXME( \""iface %p, client %llu, maxSupportedPixels %u, widestSupportedAspectRatio %a, tallestSupportedAspectRatio %a, displayDetails %p stub!\\n\"", iface, client, maxSupportedPixels, widestSupportedAspectRatio, tallestSupportedAspectRatio, displayDetails );""}, {""kind"": ""stub"", ""file"": ""xgamestreaming.c"", ""line"": 250, ""text"": ""FIXME( \""iface %p, client %llu, maxSupportedPixels %u, widestSupportedAspectRatio %a, tallestSupportedAspectRatio %a, displayDetails %p stub!\\n\"", iface, client, maxSupportedPixels, widestSupportedAspectRatio, tallestSupportedAspectRatio, displayDetails );""}, {""kind"": ""E_NOTIMPL"", ""file"": ""xgamestreaming.c"", ""line"": 251, ""text"": ""return E_NOTIMPL;""}]",False,https://learn.microsoft.com/gaming/gdk/docs/reference/system/xgamestreaming/functions/xgamestreaminggetdisplaydetails,False,[],"[{""number"": 11, ""title"": ""GDK Integration Progress."", ""url"": ""https://github.com/xodus-gaming/xgameruntime/issues/11""}]",interface_method
5,520,XGameStreaming,xgamestreaming.idl,IXGameStreamingImpl3,57786622-6605-46d0-b917-0f22bbcd9c52,3,IXGameStreamingImpl2,34,XGameStreamingSetResolution,"HRESULT XGameStreamingSetResolution([in] UINT32 width, [in] UINT32 height)",HRESULT,"[{""name"": ""width"", ""type"": ""UINT32"", ""ctype"": ""UINT32"", ""attributes"": [""in""], ""in_param"": true, ""out_param"": false, ""optional"": false, ""string"": false, ""size_is"": null, ""length_is"": null, ""array"": null, ""sensitive"": false}, {""name"": ""height"", ""type"": ""UINT32"", ""ctype"": ""UINT32"", ""attributes"": [""in""], ""in_param"": true, ""out_param"": false, ""optional"": false, ""string"": false, ""size_is"": null, ""length_is"": null, ""array"": null, ""sensitive"": false}]",[],stubbed_or_incomplete,"[{""kind"": ""FIXME"", ""file"": ""xgamestreaming.c"", ""line"": 256, ""text"": ""FIXME( \""iface %p, width %u, height %u stub!\\n\"", iface, width, height );""}, {""kind"": ""stub"", ""file"": ""xgamestreaming.c"", ""line"": 256, ""text"": ""FIXME( \""iface %p, width %u, height %u stub!\\n\"", iface, width, height );""}, {""kind"": ""E_NOTIMPL"", ""file"": ""xgamestreaming.c"", ""line"": 257, ""text"": ""return E_NOTIMPL;""}]",False,https://learn.microsoft.com/gaming/gdk/docs/reference/system/xgamestreaming/functions/xgamestreamingsetresolution,False,[],"[{""number"": 11, ""title"": ""GDK Integration Progress."", ""url"": ""https://github.com/xodus-gaming/xgameruntime/issues/11""}]",interface_method
5,520,XUserDevice,xuser.idl,IXUserDeviceImpl,7d824997-10dc-45ab-86b7-2737767c0bf1,1,IUnknown,3,XUserFindForDevice,"HRESULT XUserFindForDevice([in] const APP_LOCAL_DEVICE_ID * deviceId, [out] XUserHandle * handle)",HRESULT,"[{""name"": ""deviceId"", ""type"": ""const APP_LOCAL_DEVICE_ID *"", ""ctype"": ""const APP_LOCAL_DEVICE_ID *"", ""attributes"": [""in""], ""in_param"": true, ""out_param"": false, ""optional"": false, ""string"": false, ""size_is"": null, ""length_is"": null, ""array"": null, ""sensitive"": false}, {""name"": ""handle"", ""type"": ""XUserHandle *"", ""ctype"": ""XUserHandle *"", ""attributes"": [""out""], ""in_param"": false, ""out_param"": true, ""optional"": false, ""string"": false, ""size_is"": null, ""length_is"": null, ""array"": null, ""sensitive"": false}]",[],stubbed_or_incomplete,"[{""kind"": ""FIXME"", ""file"": ""xuser.c"", ""line"": 502, ""text"": ""FIXME( \""iface %p, deviceId %p, handle %p stub!\\n\"", iface, deviceId, handle );""}, {""kind"": ""stub"", ""file"": ""xuser.c"", ""line"": 502, ""text"": ""FIXME( \""iface %p, deviceId %p, handle %p stub!\\n\"", iface, deviceId, handle );""}, {""kind"": ""E_NOTIMPL"", ""file"": ""xuser.c"", ""line"": 503, ""text"": ""return E_NOTIMPL;""}]",False,https://learn.microsoft.com/gaming/gdk/docs/reference/system/xuser/functions/xuserfindfordevice,False,[],"[{""number"": 11, ""title"": ""GDK Integration Progress."", ""url"": ""https://github.com/xodus-gaming/xgameruntime/issues/11""}]",interface_method
5,520,XUserDevice,xuser.idl,IXUserDeviceImpl,7d824997-10dc-45ab-86b7-2737767c0bf1,1,IUnknown,4,XUserRegisterForDeviceAssociationChanged,"HRESULT XUserRegisterForDeviceAssociationChanged([in, optional] XTaskQueueHandle queue, [in, optional] void * context, [in] XUserDeviceAssociationChangedCallback * callback, [out] XTaskQueueRegistrationToken * token)",HRESULT,"[{""name"": ""queue"", ""type"": ""XTaskQueueHandle"", ""ctype"": ""XTaskQueueHandle"", ""attributes"": [""in"", ""optional""], ""in_param"": true, ""out_param"": false, ""optional"": true, ""string"": false, ""size_is"": null, ""length_is"": null, ""array"": null, ""sensitive"": false}, {""name"": ""context"", ""type"": ""void *"", ""ctype"": ""void *"", ""attributes"": [""in"", ""optional""], ""in_param"": true, ""out_param"": false, ""optional"": true, ""string"": false, ""size_is"": null, ""length_is"": null, ""array"": null, ""sensitive"": false}, {""name"": ""callback"", ""type"": ""XUserDeviceAssociationChangedCallback *"", ""ctype"": ""XUserDeviceAssociationChangedCallback *"", ""attributes"": [""in""], ""in_param"": true, ""out_param"": false, ""optional"": false, ""string"": false, ""size_is"": null, ""length_is"": null, ""array"": null, ""sensitive"": false}, {""name"": ""token"", ""type"": ""XTaskQueueRegistrationToken *"", ""ctype"": ""XTaskQueueRegistrationToken *"", ""attributes"": [""out""], ""in_param"": false, ""out_param"": true, ""optional"": false, ""string"": false, ""size_is"": null, ""length_is"": null, ""array"": null, ""sensitive"": true}]",[],stubbed_or_incomplete,"[{""kind"": ""FIXME"", ""file"": ""xuser.c"", ""line"": 508, ""text"": ""FIXME( \""iface %p, queue %p, context %p, callback %p, token %p stub!\\n\"", iface, queue, context, callback, token );""}, {""kind"": ""stub"", ""file"": ""xuser.c"", ""line"": 508, ""text"": ""FIXME( \""iface %p, queue %p, context %p, callback %p, token %p stub!\\n\"", iface, queue, context, callback, token );""}, {""kind"": ""E_NOTIMPL"", ""file"": ""xuser.c"", ""line"": 509, ""text"": ""return E_NOTIMPL;""}]",False,https://learn.microsoft.com/gaming/gdk/docs/reference/system/xuser/functions/xuserregisterfordeviceassociationchanged,False,[],"[{""number"": 11, ""title"": ""GDK Integration Progress."", ""url"": ""https://github.com/xodus-gaming/xgameruntime/issues/11""}]",interface_method
5,520,XUserDevice,xuser.idl,IXUserDeviceImpl,7d824997-10dc-45ab-86b7-2737767c0bf1,1,IUnknown,5,XUserUnregisterForDeviceAssociationChanged,"BOOLEAN XUserUnregisterForDeviceAssociationChanged([in] XTaskQueueRegistrationToken token, [in] BOOLEAN wait)",BOOLEAN,"[{""name"": ""token"", ""type"": ""XTaskQueueRegistrationToken"", ""ctype"": ""XTaskQueueRegistrationToken"", ""attributes"": [""in""], ""in_param"": true, ""out_param"": false, ""optional"": false, ""string"": false, ""size_is"": null, ""length_is"": null, ""array"": null, ""sensitive"": true}, {""name"": ""wait"", ""type"": ""BOOLEAN"", ""ctype"": ""BOOLEAN"", ""attributes"": [""in""], ""in_param"": true, ""out_param"": false, ""optional"": false, ""string"": false, ""size_is"": null, ""length_is"": null, ""array"": null, ""sensitive"": false}]",[],stubbed_or_incomplete,"[{""kind"": ""FIXME"", ""file"": ""xuser.c"", ""line"": 514, ""text"": ""FIXME( \""iface %p, token %p, wait %d stub!\\n\"", iface, &token, wait );""}, {""kind"": ""stub"", ""file"": ""xuser.c"", ""line"": 514, ""text"": ""FIXME( \""iface %p, token %p, wait %d stub!\\n\"", iface, &token, wait );""}]",False,https://learn.microsoft.com/gaming/gdk/docs/reference/system/xuser/functions/xuserunregisterfordeviceassociationchanged,False,[],"[{""number"": 11, ""title"": ""GDK Integration Progress."", ""url"": ""https://github.com/xodus-gaming/xgameruntime/issues/11""}]",interface_method
5,520,XUserDevice,xuser.idl,IXUserDeviceImpl,7d824997-10dc-45ab-86b7-2737767c0bf1,1,IUnknown,6,XUserGetDefaultAudioEndpointUtf16,"HRESULT XUserGetDefaultAudioEndpointUtf16([in] XUserLocalId user, [in] XUserDefaultAudioEndpointKind defaultAudioEndpointKind, [in] SIZE_T endpointIdUtf16Count, [out, string, length_is(endpointIdUtf16Count)] WCHAR * endpointIdUtf16, [out, optional] SIZE_T * endpointIdUtf16Used)",HRESULT,"[{""name"": ""user"", ""type"": ""XUserLocalId"", ""ctype"": ""XUserLocalId"", ""attributes"": [""in""], ""in_param"": true, ""out_param"": false, ""optional"": false, ""string"": false, ""size_is"": null, ""length_is"": null, ""array"": null, ""sensitive"": false}, {""name"": ""defaultAudioEndpointKind"", ""type"": ""XUserDefaultAudioEndpointKind"", ""ctype"": ""XUserDefaultAudioEndpointKind"", ""attributes"": [""in""], ""in_param"": true, ""out_param"": false, ""optional"": false, ""string"": false, ""size_is"": null, ""length_is"": null, ""array"": null, ""sensitive"": false}, {""name"": ""endpointIdUtf16Count"", ""type"": ""SIZE_T"", ""ctype"": ""SIZE_T"", ""attributes"": [""in""], ""in_param"": true, ""out_param"": false, ""optional"": false, ""string"": false, ""size_is"": null, ""length_is"": null, ""array"": null, ""sensitive"": false}, {""name"": ""endpointIdUtf16"", ""type"": ""WCHAR *"", ""ctype"": ""WCHAR *"", ""attributes"": [""out"", ""string"", ""length_is(endpointIdUtf16Count)""], ""in_param"": false, ""out_param"": true, ""optional"": false, ""string"": true, ""size_is"": null, ""length_is"": ""endpointIdUtf16Count"", ""array"": ""*"", ""sensitive"": false}, {""name"": ""endpointIdUtf16Used"", ""type"": ""SIZE_T *"", ""ctype"": ""SIZE_T *"", ""attributes"": [""out"", ""optional""], ""in_param"": false, ""out_param"": true, ""optional"": true, ""string"": false, ""size_is"": null, ""length_is"": null, ""array"": null, ""sensitive"": false}]",[],stubbed_or_incomplete,"[{""kind"": ""FIXME"", ""file"": ""xuser.c"", ""line"": 520, ""text"": ""FIXME( \""iface %p, user %p, defaultAudioEndpointKind %d, endpointIdUtf16Count %Iu, endpointIdUtf16 %p, endpointIdUtf16Used %p stub!\\n\"", iface, &user, defaultAudioEndpointKind, endpointIdUtf16Count, endpointIdUtf16, endpointIdUtf16Used );""}, {""kind"": ""stub"", ""file"": ""xuser.c"", ""line"": 520, ""text"": ""FIXME( \""iface %p, user %p, defaultAudioEndpointKind %d, endpointIdUtf16Count %Iu, endpointIdUtf16 %p, endpointIdUtf16Used %p stub!\\n\"", iface, &user, defaultAudioEndpointKind, endpointIdUtf16Count, endpointIdUtf16, endpointIdUtf16Used );""}, {""kind"": ""E_NOTIMPL"", ""file"": ""xuser.c"", ""line"": 521, ""text"": ""return E_NOTIMPL;""}]",False,https://learn.microsoft.com/gaming/gdk/docs/reference/system/xuser/functions/xusergetdefaultaudioendpointutf16,False,[],"[{""number"": 11, ""title"": ""GDK Integration Progress."", ""url"": ""https://github.com/xodus-gaming/xgameruntime/issues/11""}]",interface_method
5,520,XUserDevice,xuser.idl,IXUserDeviceImpl,7d824997-10dc-45ab-86b7-2737767c0bf1,1,IUnknown,7,XUserRegisterForDefaultAudioEndpointUtf16Changed,"HRESULT XUserRegisterForDefaultAudioEndpointUtf16Changed([in, optional] XTaskQueueHandle queue, [in, optional] void * context, [in] XUserDefaultAudioEndpointUtf16ChangedCallback * callback, [out] XTaskQueueRegistrationToken * token)",HRESULT,"[{""name"": ""queue"", ""type"": ""XTaskQueueHandle"", ""ctype"": ""XTaskQueueHandle"", ""attributes"": [""in"", ""optional""], ""in_param"": true, ""out_param"": false, ""optional"": true, ""string"": false, ""size_is"": null, ""length_is"": null, ""array"": null, ""sensitive"": false}, {""name"": ""context"", ""type"": ""void *"", ""ctype"": ""void *"", ""attributes"": [""in"", ""optional""], ""in_param"": true, ""out_param"": false, ""optional"": true, ""string"": false, ""size_is"": null, ""length_is"": null, ""array"": null, ""sensitive"": false}, {""name"": ""callback"", ""type"": ""XUserDefaultAudioEndpointUtf16ChangedCallback *"", ""ctype"": ""XUserDefaultAudioEndpointUtf16ChangedCallback *"", ""attributes"": [""in""], ""in_param"": true, ""out_param"": false, ""optional"": false, ""string"": false, ""size_is"": null, ""length_is"": null, ""array"": null, ""sensitive"": false}, {""name"": ""token"", ""type"": ""XTaskQueueRegistrationToken *"", ""ctype"": ""XTaskQueueRegistrationToken *"", ""attributes"": [""out""], ""in_param"": false, ""out_param"": true, ""optional"": false, ""string"": false, ""size_is"": null, ""length_is"": null, ""array"": null, ""sensitive"": true}]",[],stubbed_or_incomplete,"[{""kind"": ""FIXME"", ""file"": ""xuser.c"", ""line"": 526, ""text"": ""FIXME( \""iface %p, queue %p, context %p, callback %p, token %p stub!\\n\"", iface, queue, context, callback, token );""}, {""kind"": ""stub"", ""file"": ""xuser.c"", ""line"": 526, ""text"": ""FIXME( \""iface %p, queue %p, context %p, callback %p, token %p stub!\\n\"", iface, queue, context, callback, token );""}, {""kind"": ""E_NOTIMPL"", ""file"": ""xuser.c"", ""line"": 527, ""text"": ""return E_NOTIMPL;""}]",False,https://learn.microsoft.com/gaming/gdk/docs/reference/system/xuser/functions/xuserregisterfordefaultaudioendpointutf16changed,False,[],"[{""number"": 11, ""title"": ""GDK Integration Progress."", ""url"": ""https://github.com/xodus-gaming/xgameruntime/issues/11""}]",interface_method
5,520,XUserDevice,xuser.idl,IXUserDeviceImpl,7d824997-10dc-45ab-86b7-2737767c0bf1,1,IUnknown,8,XUserUnregisterForDefaultAudioEndpointUtf16Changed,"BOOLEAN XUserUnregisterForDefaultAudioEndpointUtf16Changed([in] XTaskQueueRegistrationToken token, [in] BOOLEAN wait)",BOOLEAN,"[{""name"": ""token"", ""type"": ""XTaskQueueRegistrationToken"", ""ctype"": ""XTaskQueueRegistrationToken"", ""attributes"": [""in""], ""in_param"": true, ""out_param"": false, ""optional"": false, ""string"": false, ""size_is"": null, ""length_is"": null, ""array"": null, ""sensitive"": true}, {""name"": ""wait"", ""type"": ""BOOLEAN"", ""ctype"": ""BOOLEAN"", ""attributes"": [""in""], ""in_param"": true, ""out_param"": false, ""optional"": false, ""string"": false, ""size_is"": null, ""length_is"": null, ""array"": null, ""sensitive"": false}]",[],stubbed_or_incomplete,"[{""kind"": ""FIXME"", ""file"": ""xuser.c"", ""line"": 532, ""text"": ""FIXME( \""iface %p, token %p, wait %d stub!\\n\"", iface, &token, wait );""}, {""kind"": ""stub"", ""file"": ""xuser.c"", ""line"": 532, ""text"": ""FIXME( \""iface %p, token %p, wait %d stub!\\n\"", iface, &token, wait );""}]",False,https://learn.microsoft.com/gaming/gdk/docs/reference/system/xuser/functions/xuserunregisterfordefaultaudioendpointutf16changed,False,[],"[{""number"": 11, ""title"": ""GDK Integration Progress."", ""url"": ""https://github.com/xodus-gaming/xgameruntime/issues/11""}]",interface_method
5,520,XUserDevice,xuser.idl,IXUserDeviceImpl,7d824997-10dc-45ab-86b7-2737767c0bf1,1,IUnknown,9,XUserFindControllerForUserWithUiAsync,"HRESULT XUserFindControllerForUserWithUiAsync([in] XUserHandle user, [in, out] XAsyncBlock * async)",HRESULT,"[{""name"": ""user"", ""type"": ""XUserHandle"", ""ctype"": ""XUserHandle"", ""attributes"": [""in""], ""in_param"": true, ""out_param"": false, ""optional"": false, ""string"": false, ""size_is"": null, ""length_is"": null, ""array"": null, ""sensitive"": false}, {""name"": ""async"", ""type"": ""XAsyncBlock *"", ""ctype"": ""XAsyncBlock *"", ""attributes"": [""in"", ""out""], ""in_param"": true, ""out_param"": true, ""optional"": false, ""string"": false, ""size_is"": null, ""length_is"": null, ""array"": null, ""sensitive"": false}]",[],stubbed_or_incomplete,"[{""kind"": ""FIXME"", ""file"": ""xuser.c"", ""line"": 538, ""text"": ""FIXME( \""iface %p, user %p, async %p stub!\\n\"", iface, user, async );""}, {""kind"": ""stub"", ""file"": ""xuser.c"", ""line"": 538, ""text"": ""FIXME( \""iface %p, user %p, async %p stub!\\n\"", iface, user, async );""}, {""kind"": ""E_NOTIMPL"", ""file"": ""xuser.c"", ""line"": 539, ""text"": ""return E_NOTIMPL;""}]",False,https://learn.microsoft.com/gaming/gdk/docs/reference/system/xuser/functions/xuserfindcontrollerforuserwithuiasync,False,[],"[{""number"": 11, ""title"": ""GDK Integration Progress."", ""url"": ""https://github.com/xodus-gaming/xgameruntime/issues/11""}]",interface_method
5,520,XUserDevice,xuser.idl,IXUserDeviceImpl,7d824997-10dc-45ab-86b7-2737767c0bf1,1,IUnknown,10,XUserFindControllerForUserWithUiResult,"HRESULT XUserFindControllerForUserWithUiResult([in, out] XAsyncBlock * async, [out] APP_LOCAL_DEVICE_ID * deviceId)",HRESULT,"[{""name"": ""async"", ""type"": ""XAsyncBlock *"", ""ctype"": ""XAsyncBlock *"", ""attributes"": [""in"", ""out""], ""in_param"": true, ""out_param"": true, ""optional"": false, ""string"": false, ""size_is"": null, ""length_is"": null, ""array"": null, ""sensitive"": false}, {""name"": ""deviceId"", ""type"": ""APP_LOCAL_DEVICE_ID *"", ""ctype"": ""APP_LOCAL_DEVICE_ID *"", ""attributes"": [""out""], ""in_param"": false, ""out_param"": true, ""optional"": false, ""string"": false, ""size_is"": null, ""length_is"": null, ""array"": null, ""sensitive"": false}]",[],stubbed_or_incomplete,"[{""kind"": ""FIXME"", ""file"": ""xuser.c"", ""line"": 544, ""text"": ""FIXME( \""iface %p, async %p, deviceId %p stub!\\n\"", iface, async, deviceId );""}, {""kind"": ""stub"", ""file"": ""xuser.c"", ""line"": 544, ""text"": ""FIXME( \""iface %p, async %p, deviceId %p stub!\\n\"", iface, async, deviceId );""}, {""kind"": ""E_NOTIMPL"", ""file"": ""xuser.c"", ""line"": 545, ""text"": ""return E_NOTIMPL;""}]",False,https://learn.microsoft.com/gaming/gdk/docs/reference/system/xuser/functions/xuserfindcontrollerforuserwithuiresult,False,[],"[{""number"": 11, ""title"": ""GDK Integration Progress."", ""url"": ""https://github.com/xodus-gaming/xgameruntime/issues/11""}]",interface_method
5,520,XUserGamertag,xuser.idl,IXUserGamertagImpl,cef4fac0-7676-4a94-a119-4c43f9eb5b74,1,IUnknown,3,XUserGetGamertag,"HRESULT XUserGetGamertag([in] XUserHandle user, [in] XUserGamertagComponent gamertagComponent, [in] SIZE_T gamertagSize, [out, string, size_is(gamertagSize)] char * gamertag, [out, optional] SIZE_T * gamertagUsed)",HRESULT,"[{""name"": ""user"", ""type"": ""XUserHandle"", ""ctype"": ""XUserHandle"", ""attributes"": [""in""], ""in_param"": true, ""out_param"": false, ""optional"": false, ""string"": false, ""size_is"": null, ""length_is"": null, ""array"": null, ""sensitive"": false}, {""name"": ""gamertagComponent"", ""type"": ""XUserGamertagComponent"", ""ctype"": ""XUserGamertagComponent"", ""attributes"": [""in""], ""in_param"": true, ""out_param"": false, ""optional"": false, ""string"": false, ""size_is"": null, ""length_is"": null, ""array"": null, ""sensitive"": false}, {""name"": ""gamertagSize"", ""type"": ""SIZE_T"", ""ctype"": ""SIZE_T"", ""attributes"": [""in""], ""in_param"": true, ""out_param"": false, ""optional"": false, ""string"": false, ""size_is"": null, ""length_is"": null, ""array"": null, ""sensitive"": false}, {""name"": ""gamertag"", ""type"": ""char *"", ""ctype"": ""char *"", ""attributes"": [""out"", ""string"", ""size_is(gamertagSize)""], ""in_param"": false, ""out_param"": true, ""optional"": false, ""string"": true, ""size_is"": ""gamertagSize"", ""length_is"": null, ""array"": null, ""sensitive"": false}, {""name"": ""gamertagUsed"", ""type"": ""SIZE_T *"", ""ctype"": ""SIZE_T *"", ""attributes"": [""out"", ""optional""], ""in_param"": false, ""out_param"": true, ""optional"": true, ""string"": false, ""size_is"": null, ""length_is"": null, ""array"": null, ""sensitive"": false}]",[],stubbed_or_incomplete,"[{""kind"": ""FIXME"", ""file"": ""xuser.c"", ""line"": 451, ""text"": ""FIXME( \""iface %p, user %p, gamertagComponent %d, gamertagSize %Iu, gamertag %p, gamertagUsed %p stub!\\n\"", iface, user, gamertagComponent, gamertagSize, gamertag, gamertagUsed );""}, {""kind"": ""stub"", ""file"": ""xuser.c"", ""line"": 451, ""text"": ""FIXME( \""iface %p, user %p, gamertagComponent %d, gamertagSize %Iu, gamertag %p, gamertagUsed %p stub!\\n\"", iface, user, gamertagComponent, gamertagSize, gamertag, gamertagUsed );""}, {""kind"": ""E_NOTIMPL"", ""file"": ""xuser.c"", ""line"": 452, ""text"": ""return E_NOTIMPL;""}]",False,https://learn.microsoft.com/gaming/gdk/docs/reference/system/xuser/functions/xusergetgamertag,False,[],"[{""number"": 11, ""title"": ""GDK Integration Progress."", ""url"": ""https://github.com/xodus-gaming/xgameruntime/issues/11""}]",interface_method
5,500,XSystemAnalytics,xsystem.idl,IXSystemAnalyticsImpl,b884675d-b738-4a9c-815d-9a9a1e0c6c9b,1,IUnknown,3,XSystemGetAnalyticsInfo,XSystemAnalyticsInfo XSystemGetAnalyticsInfo(),XSystemAnalyticsInfo,[],[],implemented,[],False,https://learn.microsoft.com/gaming/gdk/docs/reference/system/xsystem/functions/xsystemgetanalyticsinfo,False,[],"[{""number"": 11, ""title"": ""GDK Integration Progress."", ""url"": ""https://github.com/xodus-gaming/xgameruntime/issues/11""}]",interface_method
